url,locale,type,gsc_reason,gsc_validation_status,desired_index,route_exists,http_status,robots,canonical,canonical_self,hreflang_ok,sitemap_present,internal_inbound_count,ssr_content_ok,redirect_target,action,priority
https://www.finmaphub.com/en/posts/economicInfo/eu-russia-gas-phaseout-price-channel,en,post,Discovered - currently not indexed,,INTENDED_INDEX,true,200,index,https://www.finmaphub.com/en/posts/economicInfo/eu-russia-gas-phaseout-price-channel,true,true,true,1,true,,URL_INSPECTION_RECHECK,P1
https://www.finmaphub.com/en/posts/economicInfo/gold-geopolitics-real-rates-dollar-uncertainty,en,post,Discovered - currently not indexed,,INTENDED_INDEX,true,200,index,https://www.finmaphub.com/en/posts/economicInfo/gold-geopolitics-real-rates-dollar-uncertainty,true,true,true,1,true,,URL_INSPECTION_RECHECK,P1
https://www.finmaphub.com/en/posts/economicInfo/hormuz-risk-oil-insurance-freight-premium,en,post,Discovered - currently not indexed,,INTENDED_INDEX,true,200,index,https://www.finmaphub.com/en/posts/economicInfo/hormuz-risk-oil-insurance-freight-premium,true,true,true,1,true,,URL_INSPECTION_RECHECK,P1
https://www.finmaphub.com/en/posts/economicInfo/policy-rate-cut-market-rates,en,post,Discovered - currently not indexed,,INTENDED_INDEX,true,200,index,https://www.finmaphub.com/en/posts/economicInfo/policy-rate-cut-market-rates,true,true,true,22,true,,URL_INSPECTION_RECHECK,P1
https://www.finmaphub.com/en/posts/investingInfo/diagnose-investing-skill-with-cagr,en,post,Discovered - currently not indexed,,INTENDED_INDEX,true,200,index,https://www.finmaphub.com/en/posts/investingInfo/diagnose-investing-skill-with-cagr,true,true,true,5,true,,URL_INSPECTION_RECHECK,P1
https://www.finmaphub.com/en/posts/investingInfo/dxy-market-impact,en,post,Discovered - currently not indexed,,INTENDED_INDEX,true,200,index,https://www.finmaphub.com/en/posts/investingInfo/dxy-market-impact,true,true,true,26,true,,URL_INSPECTION_RECHECK,P1
https://www.finmaphub.com/en/posts/investingInfo/fx-hedge-vs-fx-exposure-korea-3-conditions,en,post,Discovered - currently not indexed,,INTENDED_INDEX,true,200,index,https://www.finmaphub.com/en/posts/investingInfo/fx-hedge-vs-fx-exposure-korea-3-conditions,true,true,true,1,true,,URL_INSPECTION_RECHECK,P1
https://www.finmaphub.com/en/posts/investingInfo/rates-discount-mortgage-demand-apt-prices,en,post,Discovered - currently not indexed,,INTENDED_INDEX,true,200,index,https://www.finmaphub.com/en/posts/investingInfo/rates-discount-mortgage-demand-apt-prices,true,true,true,1,true,,URL_INSPECTION_RECHECK,P1
https://www.finmaphub.com/en/posts/investingInfo/us10y-impact-on-korea-and-stock-market,en,post,Discovered - currently not indexed,,INTENDED_INDEX,true,200,index,https://www.finmaphub.com/en/posts/investingInfo/us10y-impact-on-korea-and-stock-market,true,true,true,10,true,,URL_INSPECTION_RECHECK,P1
https://www.finmaphub.com/en/posts/personalFinance/apartment-transaction-volume-decline-meaning,en,post,Discovered - currently not indexed,,INTENDED_INDEX,true,200,index,https://www.finmaphub.com/en/posts/personalFinance/apartment-transaction-volume-decline-meaning,true,true,true,1,true,,URL_INSPECTION_RECHECK,P1
https://www.finmaphub.com/en/posts/personalFinance/apt-dashboard-home-goal-roadmap,en,post,Discovered - currently not indexed,,INTENDED_INDEX,true,200,index,https://www.finmaphub.com/en/posts/personalFinance/apt-dashboard-home-goal-roadmap,true,true,true,6,true,,URL_INSPECTION_RECHECK,P0
https://www.finmaphub.com/en/posts/personalFinance/cash-100m-200m-300m-apartment-budget,en,post,Discovered - currently not indexed,,INTENDED_INDEX,true,200,index,https://www.finmaphub.com/en/posts/personalFinance/cash-100m-200m-300m-apartment-budget,true,true,true,3,true,,URL_INSPECTION_RECHECK,P1
https://www.finmaphub.com/en/posts/personalFinance/dca-step-up-ruleset,en,post,Discovered - currently not indexed,,INTENDED_INDEX,true,200,index,https://www.finmaphub.com/en/posts/personalFinance/dca-step-up-ruleset,true,true,true,2,true,,URL_INSPECTION_RECHECK,P1
https://www.finmaphub.com/en/posts/personalFinance/fire-3-numbers-spending-horizon-withdrawal,en,post,Discovered - currently not indexed,,INTENDED_INDEX,true,200,index,https://www.finmaphub.com/en/posts/personalFinance/fire-3-numbers-spending-horizon-withdrawal,true,true,true,1,true,,URL_INSPECTION_RECHECK,P1
https://www.finmaphub.com/en/posts/personalFinance/fire-assumption-errors-7-fixes,en,post,Discovered - currently not indexed,,INTENDED_INDEX,true,200,index,https://www.finmaphub.com/en/posts/personalFinance/fire-assumption-errors-7-fixes,true,true,true,1,true,,URL_INSPECTION_RECHECK,P1
https://www.finmaphub.com/en/posts/personalFinance/fire-sequence-risk-first-5-years,en,post,Discovered - currently not indexed,,INTENDED_INDEX,true,200,index,https://www.finmaphub.com/en/posts/personalFinance/fire-sequence-risk-first-5-years,true,true,true,1,true,,URL_INSPECTION_RECHECK,P1
https://www.finmaphub.com/en/posts/personalFinance/how-to-read-apartment-transaction-prices,en,post,Discovered - currently not indexed,,INTENDED_INDEX,true,200,index,https://www.finmaphub.com/en/posts/personalFinance/how-to-read-apartment-transaction-prices,true,true,true,1,true,,URL_INSPECTION_RECHECK,P1
https://www.finmaphub.com/en/posts/personalFinance/large-apartment-complex-households-price-stability,en,post,Discovered - currently not indexed,,INTENDED_INDEX,true,200,index,https://www.finmaphub.com/en/posts/personalFinance/large-apartment-complex-households-price-stability,true,true,true,1,true,,URL_INSPECTION_RECHECK,P1
https://www.finmaphub.com/en/posts/personalFinance/monthly-dca-10-year-result,en,post,Discovered - currently not indexed,,INTENDED_INDEX,true,200,index,https://www.finmaphub.com/en/posts/personalFinance/monthly-dca-10-year-result,true,true,true,8,true,,URL_INSPECTION_RECHECK,P1
https://www.finmaphub.com/en/posts/personalFinance/mortgage-risk-checklist-dsr-variable,en,post,Discovered - currently not indexed,,INTENDED_INDEX,true,200,index,https://www.finmaphub.com/en/posts/personalFinance/mortgage-risk-checklist-dsr-variable,true,true,true,3,true,,URL_INSPECTION_RECHECK,P1
https://www.finmaphub.com/en/tools/home-buying-budget-calculator,en,tool,Discovered - currently not indexed,,INTENDED_INDEX,true,200,index,https://www.finmaphub.com/en/tools/home-buying-budget-calculator,true,true,true,1,true,,URL_INSPECTION_RECHECK,P0
https://www.finmaphub.com/posts/economicInfo/eu-russia-gas-phaseout-price-channel,ko,post,Discovered - currently not indexed,,INTENDED_INDEX,true,200,index,https://www.finmaphub.com/posts/economicInfo/eu-russia-gas-phaseout-price-channel,true,true,true,1,true,,URL_INSPECTION_RECHECK,P1
https://www.finmaphub.com/posts/economicInfo/geopolitics-oil-fx-dashboard,ko,post,Discovered - currently not indexed,,INTENDED_INDEX,true,200,index,https://www.finmaphub.com/posts/economicInfo/geopolitics-oil-fx-dashboard,true,true,true,1,true,,URL_INSPECTION_RECHECK,P1
https://www.finmaphub.com/posts/economicInfo/geopolitics-to-usd-liquidity-fx,ko,post,Discovered - currently not indexed,,INTENDED_INDEX,true,200,index,https://www.finmaphub.com/posts/economicInfo/geopolitics-to-usd-liquidity-fx,true,true,true,18,true,,URL_INSPECTION_RECHECK,P1
https://www.finmaphub.com/posts/economicInfo/gold-geopolitics-real-rates-dollar-uncertainty,ko,post,Discovered - currently not indexed,,INTENDED_INDEX,true,200,index,https://www.finmaphub.com/posts/economicInfo/gold-geopolitics-real-rates-dollar-uncertainty,true,true,true,1,true,,URL_INSPECTION_RECHECK,P1
https://www.finmaphub.com/posts/economicInfo/hormuz-risk-oil-insurance-freight-premium,ko,post,Discovered - currently not indexed,,INTENDED_INDEX,true,200,index,https://www.finmaphub.com/posts/economicInfo/hormuz-risk-oil-insurance-freight-premium,true,true,true,2,true,,URL_INSPECTION_RECHECK,P1
https://www.finmaphub.com/posts/economicInfo/oil-shock-to-usdkrw-korea-transmission,ko,post,Discovered - currently not indexed,,INTENDED_INDEX,true,200,index,https://www.finmaphub.com/posts/economicInfo/oil-shock-to-usdkrw-korea-transmission,true,true,true,18,true,,URL_INSPECTION_RECHECK,P1
https://www.finmaphub.com/posts/economicInfo/policy-rate-cut-market-rates,ko,post,Discovered - currently not indexed,,INTENDED_INDEX,true,200,index,https://www.finmaphub.com/posts/economicInfo/policy-rate-cut-market-rates,true,true,true,26,true,,URL_INSPECTION_RECHECK,P1
https://www.finmaphub.com/posts/economicInfo/war-risk-oil-supply-insurance-shipping,ko,post,Discovered - currently not indexed,,INTENDED_INDEX,true,200,index,https://www.finmaphub.com/posts/economicInfo/war-risk-oil-supply-insurance-shipping,true,true,true,2,true,,URL_INSPECTION_RECHECK,P1
https://www.finmaphub.com/posts/economicInfo/war-theme-investing-price-chain-not-winners,ko,post,Discovered - currently not indexed,,INTENDED_INDEX,true,200,index,https://www.finmaphub.com/posts/economicInfo/war-theme-investing-price-chain-not-winners,true,true,true,2,true,,URL_INSPECTION_RECHECK,P1
https://www.finmaphub.com/posts/investingInfo/diagnose-investing-skill-with-cagr,ko,post,Discovered - currently not indexed,,INTENDED_INDEX,true,200,index,https://www.finmaphub.com/posts/investingInfo/diagnose-investing-skill-with-cagr,true,true,true,5,true,,URL_INSPECTION_RECHECK,P1
https://www.finmaphub.com/posts/investingInfo/dxy-market-impact,ko,post,Discovered - currently not indexed,,INTENDED_INDEX,true,200,index,https://www.finmaphub.com/posts/investingInfo/dxy-market-impact,true,true,true,27,true,,URL_INSPECTION_RECHECK,P1
https://www.finmaphub.com/posts/investingInfo/etf-impact-of-tnx,ko,post,Discovered - currently not indexed,,INTENDED_INDEX,true,200,index,https://www.finmaphub.com/posts/investingInfo/etf-impact-of-tnx,true,true,true,8,true,,URL_INSPECTION_RECHECK,P1
https://www.finmaphub.com/posts/investingInfo/fx-hedge-vs-fx-exposure-korea-3-conditions,ko,post,Discovered - currently not indexed,,INTENDED_INDEX,true,200,index,https://www.finmaphub.com/posts/investingInfo/fx-hedge-vs-fx-exposure-korea-3-conditions,true,true,true,1,true,,URL_INSPECTION_RECHECK,P1
https://www.finmaphub.com/posts/investingInfo/rates-discount-mortgage-demand-apt-prices,ko,post,Discovered - currently not indexed,,INTENDED_INDEX,true,200,index,https://www.finmaphub.com/posts/investingInfo/rates-discount-mortgage-demand-apt-prices,true,true,true,1,true,,URL_INSPECTION_RECHECK,P1
https://www.finmaphub.com/posts/investingInfo/us10y-impact-on-korea-and-stock-market,ko,post,Discovered - currently not indexed,,INTENDED_INDEX,true,200,index,https://www.finmaphub.com/posts/investingInfo/us10y-impact-on-korea-and-stock-market,true,true,true,9,true,,URL_INSPECTION_RECHECK,P1
https://www.finmaphub.com/posts/personalFinance/apartment-buying-calculator-guide,ko,post,Discovered - currently not indexed,,INTENDED_INDEX,true,200,index,https://www.finmaphub.com/posts/personalFinance/apartment-buying-calculator-guide,true,true,true,1,true,,URL_INSPECTION_RECHECK,P1
https://www.finmaphub.com/posts/personalFinance/apartment-buying-costs-before-purchase,ko,post,Discovered - currently not indexed,,INTENDED_INDEX,true,200,index,https://www.finmaphub.com/posts/personalFinance/apartment-buying-costs-before-purchase,true,true,true,2,true,,URL_INSPECTION_RECHECK,P1
https://www.finmaphub.com/posts/personalFinance/apartment-transaction-volume-decline-meaning,ko,post,Discovered - currently not indexed,,INTENDED_INDEX,true,200,index,https://www.finmaphub.com/posts/personalFinance/apartment-transaction-volume-decline-meaning,true,true,true,1,true,,URL_INSPECTION_RECHECK,P1
https://www.finmaphub.com/posts/personalFinance/apt-dashboard-home-goal-roadmap,ko,post,Discovered - currently not indexed,,INTENDED_INDEX,true,200,index,https://www.finmaphub.com/posts/personalFinance/apt-dashboard-home-goal-roadmap,true,true,true,9,true,,URL_INSPECTION_RECHECK,P0
https://www.finmaphub.com/posts/personalFinance/cash-100m-200m-300m-apartment-budget,ko,post,Discovered - currently not indexed,,INTENDED_INDEX,true,200,index,https://www.finmaphub.com/posts/personalFinance/cash-100m-200m-300m-apartment-budget,true,true,true,8,true,,URL_INSPECTION_RECHECK,P1
https://www.finmaphub.com/posts/personalFinance/compound-calculator-guide,ko,post,Discovered - currently not indexed,,INTENDED_INDEX,true,200,index,https://www.finmaphub.com/posts/personalFinance/compound-calculator-guide,true,true,true,3,true,,URL_INSPECTION_RECHECK,P1
https://www.finmaphub.com/posts/personalFinance/dca-step-up-ruleset,ko,post,Discovered - currently not indexed,,INTENDED_INDEX,true,200,index,https://www.finmaphub.com/posts/personalFinance/dca-step-up-ruleset,true,true,true,1,true,,URL_INSPECTION_RECHECK,P1
https://www.finmaphub.com/posts/personalFinance/dca-vs-lumpsum-decision-rules,ko,post,Discovered - currently not indexed,,INTENDED_INDEX,true,200,index,https://www.finmaphub.com/posts/personalFinance/dca-vs-lumpsum-decision-rules,true,true,true,4,true,,URL_INSPECTION_RECHECK,P1
https://www.finmaphub.com/posts/personalFinance/fire-3-numbers-spending-horizon-withdrawal,ko,post,Discovered - currently not indexed,,INTENDED_INDEX,true,200,index,https://www.finmaphub.com/posts/personalFinance/fire-3-numbers-spending-horizon-withdrawal,true,true,true,3,true,,URL_INSPECTION_RECHECK,P1
https://www.finmaphub.com/posts/personalFinance/fire-assumption-errors-7-fixes,ko,post,Discovered - currently not indexed,,INTENDED_INDEX,true,200,index,https://www.finmaphub.com/posts/personalFinance/fire-assumption-errors-7-fixes,true,true,true,1,true,,URL_INSPECTION_RECHECK,P1
https://www.finmaphub.com/posts/personalFinance/fire-sequence-risk-first-5-years,ko,post,Discovered - currently not indexed,,INTENDED_INDEX,true,200,index,https://www.finmaphub.com/posts/personalFinance/fire-sequence-risk-first-5-years,true,true,true,1,true,,URL_INSPECTION_RECHECK,P1
https://www.finmaphub.com/posts/personalFinance/fire-spending-buckets-essential-choice-insurance,ko,post,Discovered - currently not indexed,,INTENDED_INDEX,true,200,index,https://www.finmaphub.com/posts/personalFinance/fire-spending-buckets-essential-choice-insurance,true,true,true,1,true,,URL_INSPECTION_RECHECK,P1
https://www.finmaphub.com/posts/personalFinance/first-home-buyer-budget-calculation,ko,post,Discovered - currently not indexed,,INTENDED_INDEX,true,200,index,https://www.finmaphub.com/posts/personalFinance/first-home-buyer-budget-calculation,true,true,true,1,true,,URL_INSPECTION_RECHECK,P1
https://www.finmaphub.com/posts/personalFinance/how-to-read-apartment-transaction-prices,ko,post,Discovered - currently not indexed,,INTENDED_INDEX,true,200,index,https://www.finmaphub.com/posts/personalFinance/how-to-read-apartment-transaction-prices,true,true,true,1,true,,URL_INSPECTION_RECHECK,P1
https://www.finmaphub.com/posts/personalFinance/jeonse-to-home-purchase-cash-needed,ko,post,Discovered - currently not indexed,,INTENDED_INDEX,true,200,index,https://www.finmaphub.com/posts/personalFinance/jeonse-to-home-purchase-cash-needed,true,true,true,1,true,,URL_INSPECTION_RECHECK,P1
https://www.finmaphub.com/posts/personalFinance/large-apartment-complex-households-price-stability,ko,post,Discovered - currently not indexed,,INTENDED_INDEX,true,200,index,https://www.finmaphub.com/posts/personalFinance/large-apartment-complex-households-price-stability,true,true,true,1,true,,URL_INSPECTION_RECHECK,P1
https://www.finmaphub.com/posts/personalFinance/ltv-dsr-calculator-guide,ko,post,Discovered - currently not indexed,,INTENDED_INDEX,true,200,index,https://www.finmaphub.com/posts/personalFinance/ltv-dsr-calculator-guide,true,true,true,1,true,,URL_INSPECTION_RECHECK,P1
https://www.finmaphub.com/posts/personalFinance/monthly-dca-10-year-result,ko,post,Discovered - currently not indexed,,INTENDED_INDEX,true,200,index,https://www.finmaphub.com/posts/personalFinance/monthly-dca-10-year-result,true,true,true,9,true,,URL_INSPECTION_RECHECK,P1
https://www.finmaphub.com/posts/personalFinance/mortgage-risk-checklist-dsr-variable,ko,post,Discovered - currently not indexed,,INTENDED_INDEX,true,200,index,https://www.finmaphub.com/posts/personalFinance/mortgage-risk-checklist-dsr-variable,true,true,true,7,true,,URL_INSPECTION_RECHECK,P1
https://www.finmaphub.com/posts/personalFinance/salary-40m-mortgage-limit,ko,post,Discovered - currently not indexed,,INTENDED_INDEX,true,200,index,https://www.finmaphub.com/posts/personalFinance/salary-40m-mortgage-limit,true,true,true,1,true,,URL_INSPECTION_RECHECK,P1
https://www.finmaphub.com/posts/personalFinance/salary-50m-dsr-40-loan-limit,ko,post,Discovered - currently not indexed,,INTENDED_INDEX,true,200,index,https://www.finmaphub.com/posts/personalFinance/salary-50m-dsr-40-loan-limit,true,true,true,1,true,,URL_INSPECTION_RECHECK,P1
https://www.finmaphub.com/tools/home-buying-budget-calculator,ko,tool,Discovered - currently not indexed,,INTENDED_INDEX,true,200,index,https://www.finmaphub.com/tools/home-buying-budget-calculator,true,true,true,10,true,,URL_INSPECTION_RECHECK,P0
https://www.finmaphub.com/en/tools/compound-interest,en,tool,Crawled - currently not indexed,접수중,INTENDED_INDEX,true,200,index,https://www.finmaphub.com/en/tools/compound-interest,true,true,true,25,true,,URL_INSPECTION_RECHECK,P0
https://www.finmaphub.com/en/posts/investingInfo/real-estate-role-in-portfolio-risk-budget,en,post,Crawled - currently not indexed,접수중,INTENDED_INDEX,true,200,index,https://www.finmaphub.com/en/posts/investingInfo/real-estate-role-in-portfolio-risk-budget,true,true,true,1,true,,URL_INSPECTION_RECHECK,P1
https://www.finmaphub.com/en/market/real-estate/apt/11680||대치동|풍림아이원2차202동,en,real-estate-apt-detail,Crawled - currently not indexed,접수중,EXPECTED_NOINDEX,true,200_IF_DB_ROW_EXISTS,"noindex,follow + X-Robots-Tag",https://www.finmaphub.com/en/market/real-estate/apt/11680||대치동|풍림아이원2차202동,true,true,false,1,db-dependent,,KEEP_APT_NOINDEX_POLICY,
https://www.finmaphub.com/en/disclaimer,en,static,Crawled - currently not indexed,접수중,INTENDED_INDEX,true,200,index,https://www.finmaphub.com/en/disclaimer,true,true,true,0,true,,URL_INSPECTION_RECHECK,P2
https://www.finmaphub.com/en/posts/personalFinance/personal-finance-3pillars,en,post,Crawled - currently not indexed,접수중,INTENDED_INDEX,true,200,index,https://www.finmaphub.com/en/posts/personalFinance/personal-finance-3pillars,true,true,true,14,true,,URL_INSPECTION_RECHECK,P0
https://www.finmaphub.com/en/posts/economicInfo/war-theme-investing-price-chain-not-winners,en,post,Crawled - currently not indexed,접수중,INTENDED_INDEX,true,200,index,https://www.finmaphub.com/en/posts/economicInfo/war-theme-investing-price-chain-not-winners,true,true,true,1,true,,URL_INSPECTION_RECHECK,P1
https://www.finmaphub.com/en/posts/economicInfo/geopolitics-to-usd-liquidity-fx,en,post,Crawled - currently not indexed,접수중,INTENDED_INDEX,true,200,index,https://www.finmaphub.com/en/posts/economicInfo/geopolitics-to-usd-liquidity-fx,true,true,true,16,true,,URL_INSPECTION_RECHECK,P1
https://www.finmaphub.com/en/posts/investingInfo/tnx-basics,en,post,Crawled - currently not indexed,접수중,INTENDED_INDEX,true,200,index,https://www.finmaphub.com/en/posts/investingInfo/tnx-basics,true,true,true,32,true,,URL_INSPECTION_RECHECK,P0
https://www.finmaphub.com/en/posts/investingInfo/korea-etf-deep-dive-tnx,en,post,Crawled - currently not indexed,접수중,INTENDED_INDEX,true,200,index,https://www.finmaphub.com/en/posts/investingInfo/korea-etf-deep-dive-tnx,true,true,true,4,true,,URL_INSPECTION_RECHECK,P1
https://www.finmaphub.com/en/posts/personalFinance/emergency-fund-by-risk,en,post,Crawled - currently not indexed,접수중,INTENDED_INDEX,true,200,index,https://www.finmaphub.com/en/posts/personalFinance/emergency-fund-by-risk,true,true,true,15,true,,URL_INSPECTION_RECHECK,P1
https://www.finmaphub.com/en/market/real-estate/apt/11170||도원동|삼성래미안,en,real-estate-apt-detail,Crawled - currently not indexed,접수중,EXPECTED_NOINDEX,true,200_IF_DB_ROW_EXISTS,"noindex,follow + X-Robots-Tag",https://www.finmaphub.com/en/market/real-estate/apt/11170||도원동|삼성래미안,true,true,false,1,db-dependent,,KEEP_APT_NOINDEX_POLICY,
https://www.finmaphub.com/en/market/real-estate/apt/11710||잠실동|우성4차?timeframe=month&period=202603&band=all&sido=11,en,real-estate-apt-detail,Crawled - currently not indexed,접수중,EXPECTED_CANONICAL_ALT,true,200_IF_DB_ROW_EXISTS,"noindex,follow + X-Robots-Tag",https://www.finmaphub.com/en/market/real-estate/apt/11710||잠실동|우성4차,false,true,false,0,db-dependent,,KEEP_CANONICAL_ALT_NO_SITEMAP,
https://www.finmaphub.com/en/posts/investingInfo/seoul-gyeonggi-incheon-risk-budget-framework,en,post,Crawled - currently not indexed,접수중,INTENDED_INDEX,true,200,index,https://www.finmaphub.com/en/posts/investingInfo/seoul-gyeonggi-incheon-risk-budget-framework,true,true,true,1,true,,URL_INSPECTION_RECHECK,P1
https://www.finmaphub.com/en/posts/investingInfo/usd-krw-weak-won-sector-map-kospi,en,post,Crawled - currently not indexed,접수중,INTENDED_INDEX,true,200,index,https://www.finmaphub.com/en/posts/investingInfo/usd-krw-weak-won-sector-map-kospi,true,true,true,13,true,,URL_INSPECTION_RECHECK,P1
https://www.finmaphub.com/en/posts/personalFinance/high-rate-debt-vs-invest-threshold-rule,en,post,Crawled - currently not indexed,접수중,INTENDED_INDEX,true,200,index,https://www.finmaphub.com/en/posts/personalFinance/high-rate-debt-vs-invest-threshold-rule,true,true,true,13,true,,URL_INSPECTION_RECHECK,P1
https://www.finmaphub.com/about,ko,static,Crawled - currently not indexed,접수중,INTENDED_INDEX,true,200,index,https://www.finmaphub.com/about,true,true,true,1,true,,URL_INSPECTION_RECHECK,P2
https://www.finmaphub.com/en/posts/investingInfo/wti-impact-on-korea-kospi,en,post,Crawled - currently not indexed,접수중,INTENDED_INDEX,true,200,index,https://www.finmaphub.com/en/posts/investingInfo/wti-impact-on-korea-kospi,true,true,true,10,true,,URL_INSPECTION_RECHECK,P1
https://www.finmaphub.com/market/real-estate/apt/41280|덕양구|화정동|옥빛마을(주공)15,ko,real-estate-apt-detail,Crawled - currently not indexed,접수중,EXPECTED_NOINDEX,true,200_IF_DB_ROW_EXISTS,"noindex,follow + X-Robots-Tag",https://www.finmaphub.com/market/real-estate/apt/41280|덕양구|화정동|옥빛마을(주공)15,true,true,false,1,db-dependent,,KEEP_APT_NOINDEX_POLICY,
https://www.finmaphub.com/en/market/real-estate/seoul-top100,en,real-estate-hub,Crawled - currently not indexed,접수중,INTENDED_INDEX,true,200,index,https://www.finmaphub.com/en/market/real-estate/seoul-top100,true,true,true,5,true,,URL_INSPECTION_RECHECK,P2
https://www.finmaphub.com/en/market/real-estate,en,real-estate-hub,Crawled - currently not indexed,접수중,INTENDED_INDEX,true,200,index,https://www.finmaphub.com/en/market/real-estate,true,true,true,53,true,,URL_INSPECTION_RECHECK,P0
https://www.finmaphub.com/en/category/investingInfo,en,category,Crawled - currently not indexed,접수중,INTENDED_INDEX,true,200,index,https://www.finmaphub.com/en/category/investingInfo,true,true,true,1,true,,URL_INSPECTION_RECHECK,P2
https://www.finmaphub.com/en/market/real-estate/apt/11710||석촌동|현대(201),en,real-estate-apt-detail,Crawled - currently not indexed,접수중,EXPECTED_NOINDEX,true,200_IF_DB_ROW_EXISTS,"noindex,follow + X-Robots-Tag",https://www.finmaphub.com/en/market/real-estate/apt/11710||석촌동|현대(201),true,true,false,1,db-dependent,,KEEP_APT_NOINDEX_POLICY,
https://www.finmaphub.com/en/about,en,static,Crawled - currently not indexed,접수중,INTENDED_INDEX,true,200,index,https://www.finmaphub.com/en/about,true,true,true,0,true,,URL_INSPECTION_RECHECK,P2
https://www.finmaphub.com/robots.txt,ko,static-noise,Crawled - currently not indexed,접수중,EXPECTED_NOINDEX,true,200,not-html,,false,n/a,false,0,n/a,,IGNORE_STATIC_NOISE,
https://www.finmaphub.com/en/posts/economicInfo/indicator-basics,en,post,Crawled - currently not indexed,접수중,INTENDED_INDEX,true,200,index,https://www.finmaphub.com/en/posts/economicInfo/indicator-basics,true,true,true,2,true,,URL_INSPECTION_RECHECK,P1
https://www.finmaphub.com/en/posts/personalFinance/goal-amount-fast-strategy,en,post,Crawled - currently not indexed,접수중,INTENDED_INDEX,true,200,index,https://www.finmaphub.com/en/posts/personalFinance/goal-amount-fast-strategy,true,true,true,5,true,,URL_INSPECTION_RECHECK,P1
https://www.finmaphub.com/en/posts/investingInfo/indicator-marketinfo,en,post,Crawled - currently not indexed,접수중,INTENDED_INDEX,true,200,index,https://www.finmaphub.com/en/posts/investingInfo/indicator-marketinfo,true,true,true,13,true,,URL_INSPECTION_RECHECK,P1
https://www.finmaphub.com/en/category/personalFinance,en,category,Crawled - currently not indexed,접수중,INTENDED_INDEX,true,200,index,https://www.finmaphub.com/en/category/personalFinance,true,true,true,1,true,,URL_INSPECTION_RECHECK,P2
https://www.finmaphub.com/en/posts/personalFinance/dca-vs-lumpsum-decision-rules,en,post,Crawled - currently not indexed,접수중,INTENDED_INDEX,true,200,index,https://www.finmaphub.com/en/posts/personalFinance/dca-vs-lumpsum-decision-rules,true,true,true,3,true,,URL_INSPECTION_RECHECK,P1
https://www.finmaphub.com/en/posts/economicInfo/interest-rate-basics,en,post,Crawled - currently not indexed,접수중,INTENDED_INDEX,true,200,index,https://www.finmaphub.com/en/posts/economicInfo/interest-rate-basics,true,true,true,24,true,,URL_INSPECTION_RECHECK,P1
https://www.finmaphub.com/en/category/economicInfo,en,category,Crawled - currently not indexed,접수중,INTENDED_INDEX,true,200,index,https://www.finmaphub.com/en/category/economicInfo,true,true,true,1,true,,URL_INSPECTION_RECHECK,P2
https://www.finmaphub.com/market/real-estate/apt/11500||등촌동|대림,ko,real-estate-apt-detail,Crawled - currently not indexed,접수중,EXPECTED_NOINDEX,true,200_IF_DB_ROW_EXISTS,"noindex,follow + X-Robots-Tag",https://www.finmaphub.com/market/real-estate/apt/11500||등촌동|대림,true,true,false,1,db-dependent,,KEEP_APT_NOINDEX_POLICY,
https://www.finmaphub.com/en/posts/personalFinance/rent-jeonse-buy-cashflow-opportunity-cost,en,post,Crawled - currently not indexed,접수중,INTENDED_INDEX,true,200,index,https://www.finmaphub.com/en/posts/personalFinance/rent-jeonse-buy-cashflow-opportunity-cost,true,true,true,1,true,,URL_INSPECTION_RECHECK,P1
https://www.finmaphub.com/en/sitemap-pages,en,static,Crawled - currently not indexed,접수중,INTENDED_INDEX,true,200,index,https://www.finmaphub.com/en/sitemap-pages,true,true,true,0,true,,URL_INSPECTION_RECHECK,P2
https://www.finmaphub.com/en/posts/economicInfo/fx-basics,en,post,Crawled - currently not indexed,접수중,INTENDED_INDEX,true,200,index,https://www.finmaphub.com/en/posts/economicInfo/fx-basics,true,true,true,27,true,,URL_INSPECTION_RECHECK,P1
https://www.finmaphub.com/market/real-estate/apt/11710||잠실동|트리지움?timeframe=month&period=202603&band=all&sido=11,ko,real-estate-apt-detail,Crawled - currently not indexed,접수중,EXPECTED_CANONICAL_ALT,true,200_IF_DB_ROW_EXISTS,"noindex,follow + X-Robots-Tag",https://www.finmaphub.com/market/real-estate/apt/11710||잠실동|트리지움,false,true,false,0,db-dependent,,KEEP_CANONICAL_ALT_NO_SITEMAP,
https://www.finmaphub.com/en/posts/investingInfo/bond-etf-duration-drives-returns,en,post,Crawled - currently not indexed,접수중,INTENDED_INDEX,true,200,index,https://www.finmaphub.com/en/posts/investingInfo/bond-etf-duration-drives-returns,true,true,true,1,true,,URL_INSPECTION_RECHECK,P1
https://www.finmaphub.com/market/real-estate/gangnam3-top100,ko,real-estate-hub,Crawled - currently not indexed,접수중,INTENDED_INDEX,true,200,index,https://www.finmaphub.com/market/real-estate/gangnam3-top100,true,true,true,1,true,,URL_INSPECTION_RECHECK,P2
https://www.finmaphub.com/market/real-estate/apt/11200||금호동1가|벽산?timeframe=month&period=202602&band=all&sido=11,ko,real-estate-apt-detail,Crawled - currently not indexed,접수중,EXPECTED_CANONICAL_ALT,true,200_IF_DB_ROW_EXISTS,"noindex,follow + X-Robots-Tag",https://www.finmaphub.com/market/real-estate/apt/11200||금호동1가|벽산,false,true,false,0,db-dependent,,KEEP_CANONICAL_ALT_NO_SITEMAP,
https://www.finmaphub.com/en/posts/investingInfo/dca-consistency-7-fail-patterns,en,post,Crawled - currently not indexed,접수중,INTENDED_INDEX,true,200,index,https://www.finmaphub.com/en/posts/investingInfo/dca-consistency-7-fail-patterns,true,true,true,4,true,,URL_INSPECTION_RECHECK,P1
https://www.finmaphub.com/category/economics,ko,unknown,Crawled - currently not indexed,접수중,NEEDS_REVIEW,false,NEEDS_REVIEW,unknown,https://www.finmaphub.com/category/economics,true,unknown,false,0,unknown,,REVIEW,
https://www.finmaphub.com/en/posts/personalFinance/what-is-cagr,en,post,Crawled - currently not indexed,접수중,INTENDED_INDEX,true,200,index,https://www.finmaphub.com/en/posts/personalFinance/what-is-cagr,true,true,true,11,true,,URL_INSPECTION_RECHECK,P0
https://www.finmaphub.com/market/real-estate/songpa-top100,ko,real-estate-hub,Crawled - currently not indexed,접수중,INTENDED_INDEX,true,200,index,https://www.finmaphub.com/market/real-estate/songpa-top100,true,true,true,1,true,,URL_INSPECTION_RECHECK,P2
https://www.finmaphub.com/market/real-estate/mayongseong-top100,ko,real-estate-hub,Crawled - currently not indexed,접수중,INTENDED_INDEX,true,200,index,https://www.finmaphub.com/market/real-estate/mayongseong-top100,true,true,true,1,true,,URL_INSPECTION_RECHECK,P2
https://www.finmaphub.com/market/real-estate/apt/11500||등촌동|코오롱하늘채?timeframe=month&period=202602&band=all&sido=11,ko,real-estate-apt-detail,Crawled - currently not indexed,접수중,EXPECTED_CANONICAL_ALT,true,200_IF_DB_ROW_EXISTS,"noindex,follow + X-Robots-Tag",https://www.finmaphub.com/market/real-estate/apt/11500||등촌동|코오롱하늘채,false,true,false,0,db-dependent,,KEEP_CANONICAL_ALT_NO_SITEMAP,
https://www.finmaphub.com/en?lang=en,en,static,Crawled - currently not indexed,접수중,EXPECTED_CANONICAL_ALT,true,200,index via canonical target,https://www.finmaphub.com/en,false,true,true,0,true,,MONITOR_PARAMETER_DISCOVERY,
https://www.finmaphub.com/?lang=en,ko,static,Crawled - currently not indexed,접수중,EXPECTED_CANONICAL_ALT,true,200,index via canonical target,https://www.finmaphub.com/,false,true,false,0,true,,MONITOR_PARAMETER_DISCOVERY,
https://www.finmaphub.com/posts/personalFinance/ko/personal-finance-3pillars,ko,legacy-or-malformed-post-url,Crawled - currently not indexed,접수중,EXPECTED_REDIRECT,true,301,n/a,https://www.finmaphub.com/posts/personalFinance/personal-finance-3pillars,false,n/a,false,0,false,https://www.finmaphub.com/posts/personalFinance/personal-finance-3pillars,KEEP_REDIRECT_NORMALIZATION,
https://www.finmaphub.com/category/investingInfo,ko,category,Crawled - currently not indexed,접수중,INTENDED_INDEX,true,200,index,https://www.finmaphub.com/category/investingInfo,true,true,true,1,true,,URL_INSPECTION_RECHECK,P2
https://www.finmaphub.com/tools?lang=ko,ko,tool,Crawled - currently not indexed,접수중,EXPECTED_CANONICAL_ALT,true,200,index via canonical target,https://www.finmaphub.com/tools,false,true,true,3,true,,MONITOR_PARAMETER_DISCOVERY,
https://www.finmaphub.com/market/real-estate/apt/11710||마천동|마천금호어울림1차아파트?timeframe=month&period=202601&band=all&sido=11,ko,real-estate-apt-detail,Crawled - currently not indexed,접수중,EXPECTED_CANONICAL_ALT,true,200_IF_DB_ROW_EXISTS,"noindex,follow + X-Robots-Tag",https://www.finmaphub.com/market/real-estate/apt/11710||마천동|마천금호어울림1차아파트,false,true,false,0,db-dependent,,KEEP_CANONICAL_ALT_NO_SITEMAP,
https://www.finmaphub.com/en/market/real-estate/apt/11680||대치동|대우아이빌명문가(891-23)?timeframe=month&period=202601&band=all&sido=11,en,real-estate-apt-detail,Crawled - currently not indexed,접수중,EXPECTED_CANONICAL_ALT,true,200_IF_DB_ROW_EXISTS,"noindex,follow + X-Robots-Tag",https://www.finmaphub.com/en/market/real-estate/apt/11680||대치동|대우아이빌명문가(891-23),false,true,false,0,db-dependent,,KEEP_CANONICAL_ALT_NO_SITEMAP,
https://www.finmaphub.com/en/market/real-estate/apt/11680||자곡동|강남한양수자인(4단지)?timeframe=month&period=202601&band=all&sido=11,en,real-estate-apt-detail,Crawled - currently not indexed,접수중,EXPECTED_CANONICAL_ALT,true,200_IF_DB_ROW_EXISTS,"noindex,follow + X-Robots-Tag",https://www.finmaphub.com/en/market/real-estate/apt/11680||자곡동|강남한양수자인(4단지),false,true,false,0,db-dependent,,KEEP_CANONICAL_ALT_NO_SITEMAP,
https://www.finmaphub.com/posts/economicInfo/ko/interest-rate-basics,ko,legacy-or-malformed-post-url,Crawled - currently not indexed,접수중,EXPECTED_REDIRECT,true,301,n/a,https://www.finmaphub.com/posts/economicInfo/interest-rate-basics,false,n/a,false,0,false,https://www.finmaphub.com/posts/economicInfo/interest-rate-basics,KEEP_REDIRECT_NORMALIZATION,
https://www.finmaphub.com/en/posts/personalFinance/ko/annual-vs-monthly-compound,en,legacy-or-malformed-post-url,Crawled - currently not indexed,접수중,EXPECTED_REDIRECT,true,301,n/a,https://www.finmaphub.com/posts/personalFinance/annual-vs-monthly-compound,false,n/a,false,0,false,https://www.finmaphub.com/posts/personalFinance/annual-vs-monthly-compound,KEEP_REDIRECT_NORMALIZATION,
https://www.finmaphub.com/posts/investingInfo/usd-krw-weak-won-sector-map-kospi,ko,post,Crawled - currently not indexed,접수중,INTENDED_INDEX,true,200,index,https://www.finmaphub.com/posts/investingInfo/usd-krw-weak-won-sector-map-kospi,true,true,true,12,true,,URL_INSPECTION_RECHECK,P1
https://www.finmaphub.com/favicon.ico,ko,static-noise,Crawled - currently not indexed,접수중,EXPECTED_NOINDEX,true,200,not-html,,false,n/a,false,1,n/a,,IGNORE_STATIC_NOISE,
https://www.finmaphub.com/posts/investingInfo/en/cagr-7percent-reality-check,ko,legacy-or-malformed-post-url,Crawled - currently not indexed,접수중,EXPECTED_REDIRECT,true,301,n/a,https://www.finmaphub.com/en/posts/investingInfo/cagr-7percent-reality-check,false,n/a,false,0,false,https://www.finmaphub.com/en/posts/investingInfo/cagr-7percent-reality-check,KEEP_REDIRECT_NORMALIZATION,
https://www.finmaphub.com/en/privacy,en,static,Crawled - currently not indexed,실패함,INTENDED_INDEX,true,200,index,https://www.finmaphub.com/en/privacy,true,true,true,0,true,,URL_INSPECTION_RECHECK,P2
https://www.finmaphub.com/en/posts/personalFinance/simple-vs-compound,en,post,Crawled - currently not indexed,실패함,INTENDED_INDEX,true,200,index,https://www.finmaphub.com/en/posts/personalFinance/simple-vs-compound,true,true,true,6,true,,URL_INSPECTION_RECHECK,P0
https://www.finmaphub.com/en/posts/economicInfo/inflation-rate-basics,en,post,Crawled - currently not indexed,실패함,INTENDED_INDEX,true,200,index,https://www.finmaphub.com/en/posts/economicInfo/inflation-rate-basics,true,true,true,19,true,,URL_INSPECTION_RECHECK,P0
https://www.finmaphub.com/en/tools/goal-simulator,en,tool,Crawled - currently not indexed,실패함,INTENDED_INDEX,true,200,index,https://www.finmaphub.com/en/tools/goal-simulator,true,true,true,32,true,,URL_INSPECTION_RECHECK,P0
https://www.finmaphub.com/en/market/real-estate/apt/11200||마장동|왕십리삼성아파트,en,real-estate-apt-detail,NOINDEX,접수중,EXPECTED_NOINDEX,true,200_IF_DB_ROW_EXISTS,"noindex,follow + X-Robots-Tag",https://www.finmaphub.com/en/market/real-estate/apt/11200||마장동|왕십리삼성아파트,true,true,false,1,db-dependent,,KEEP_APT_NOINDEX_POLICY,
https://www.finmaphub.com/market/real-estate/apt/11500||방화동|동부센트레빌,ko,real-estate-apt-detail,NOINDEX,접수중,EXPECTED_NOINDEX,true,200_IF_DB_ROW_EXISTS,"noindex,follow + X-Robots-Tag",https://www.finmaphub.com/market/real-estate/apt/11500||방화동|동부센트레빌,true,true,false,1,db-dependent,,KEEP_APT_NOINDEX_POLICY,
https://www.finmaphub.com/en/market/real-estate/apt/11680||삼성동|삼성동신영지웰,en,real-estate-apt-detail,NOINDEX,접수중,EXPECTED_NOINDEX,true,200_IF_DB_ROW_EXISTS,"noindex,follow + X-Robots-Tag",https://www.finmaphub.com/en/market/real-estate/apt/11680||삼성동|삼성동신영지웰,true,true,false,1,db-dependent,,KEEP_APT_NOINDEX_POLICY,
https://www.finmaphub.com/market/real-estate/apt/11170||효창동|용산데시앙포레,ko,real-estate-apt-detail,NOINDEX,접수중,EXPECTED_NOINDEX,true,200_IF_DB_ROW_EXISTS,"noindex,follow + X-Robots-Tag",https://www.finmaphub.com/market/real-estate/apt/11170||효창동|용산데시앙포레,true,true,false,1,db-dependent,,KEEP_APT_NOINDEX_POLICY,
https://www.finmaphub.com/market/real-estate/apt/11440||신수동|대원칸타빌,ko,real-estate-apt-detail,NOINDEX,접수중,EXPECTED_NOINDEX,true,200_IF_DB_ROW_EXISTS,"noindex,follow + X-Robots-Tag",https://www.finmaphub.com/market/real-estate/apt/11440||신수동|대원칸타빌,true,true,false,1,db-dependent,,KEEP_APT_NOINDEX_POLICY,
https://www.finmaphub.com/en/market/real-estate/apt/11170||효창동|용산데시앙포레,en,real-estate-apt-detail,NOINDEX,접수중,EXPECTED_NOINDEX,true,200_IF_DB_ROW_EXISTS,"noindex,follow + X-Robots-Tag",https://www.finmaphub.com/en/market/real-estate/apt/11170||효창동|용산데시앙포레,true,true,false,1,db-dependent,,KEEP_APT_NOINDEX_POLICY,
https://www.finmaphub.com/en/market/real-estate/apt/11680||청담동|대우유로카운티,en,real-estate-apt-detail,NOINDEX,접수중,EXPECTED_NOINDEX,true,200_IF_DB_ROW_EXISTS,"noindex,follow + X-Robots-Tag",https://www.finmaphub.com/en/market/real-estate/apt/11680||청담동|대우유로카운티,true,true,false,1,db-dependent,,KEEP_APT_NOINDEX_POLICY,
https://www.finmaphub.com/market/real-estate/apt/11710||거여동|거여1단지?timeframe=month&period=202602&band=all&sido=11,ko,real-estate-apt-detail,NOINDEX,접수중,EXPECTED_CANONICAL_ALT,true,200_IF_DB_ROW_EXISTS,"noindex,follow + X-Robots-Tag",https://www.finmaphub.com/market/real-estate/apt/11710||거여동|거여1단지,false,true,false,0,db-dependent,,KEEP_CANONICAL_ALT_NO_SITEMAP,
https://www.finmaphub.com/en/market/real-estate/apt/11200||성수동1가|동아그린,en,real-estate-apt-detail,NOINDEX,접수중,EXPECTED_NOINDEX,true,200_IF_DB_ROW_EXISTS,"noindex,follow + X-Robots-Tag",https://www.finmaphub.com/en/market/real-estate/apt/11200||성수동1가|동아그린,true,true,false,1,db-dependent,,KEEP_APT_NOINDEX_POLICY,
https://www.finmaphub.com/en/market/real-estate/apt/11680||청담동|현대빌라(43-1),en,real-estate-apt-detail,NOINDEX,접수중,EXPECTED_NOINDEX,true,200_IF_DB_ROW_EXISTS,"noindex,follow + X-Robots-Tag",https://www.finmaphub.com/en/market/real-estate/apt/11680||청담동|현대빌라(43-1),true,true,false,1,db-dependent,,KEEP_APT_NOINDEX_POLICY,
https://www.finmaphub.com/en/market/real-estate/apt/11440||신수동|대원칸타빌,en,real-estate-apt-detail,NOINDEX,접수중,EXPECTED_NOINDEX,true,200_IF_DB_ROW_EXISTS,"noindex,follow + X-Robots-Tag",https://www.finmaphub.com/en/market/real-estate/apt/11440||신수동|대원칸타빌,true,true,false,1,db-dependent,,KEEP_APT_NOINDEX_POLICY,
https://www.finmaphub.com/en/market/real-estate/apt/11170||이촌동|북한강(성원),en,real-estate-apt-detail,NOINDEX,접수중,EXPECTED_NOINDEX,true,200_IF_DB_ROW_EXISTS,"noindex,follow + X-Robots-Tag",https://www.finmaphub.com/en/market/real-estate/apt/11170||이촌동|북한강(성원),true,true,false,1,db-dependent,,KEEP_APT_NOINDEX_POLICY,
https://www.finmaphub.com/market/real-estate/apt/11500||공항동|더트루엘마곡HQ,ko,real-estate-apt-detail,NOINDEX,접수중,EXPECTED_NOINDEX,true,200_IF_DB_ROW_EXISTS,"noindex,follow + X-Robots-Tag",https://www.finmaphub.com/market/real-estate/apt/11500||공항동|더트루엘마곡HQ,true,true,false,1,db-dependent,,KEEP_APT_NOINDEX_POLICY,
https://www.finmaphub.com/market/real-estate/apt/11500||화곡동|우장산롯데캐슬,ko,real-estate-apt-detail,NOINDEX,접수중,EXPECTED_NOINDEX,true,200_IF_DB_ROW_EXISTS,"noindex,follow + X-Robots-Tag",https://www.finmaphub.com/market/real-estate/apt/11500||화곡동|우장산롯데캐슬,true,true,false,1,db-dependent,,KEEP_APT_NOINDEX_POLICY,
https://www.finmaphub.com/market/real-estate/apt/11710||방이동|올림픽선수기자촌2단지,ko,real-estate-apt-detail,NOINDEX,접수중,EXPECTED_NOINDEX,true,200_IF_DB_ROW_EXISTS,"noindex,follow + X-Robots-Tag",https://www.finmaphub.com/market/real-estate/apt/11710||방이동|올림픽선수기자촌2단지,true,true,false,1,db-dependent,,KEEP_APT_NOINDEX_POLICY,
"https://www.finmaphub.com/en/market/real-estate/apt/11500||화곡동|우장산아이파크,이편한세상",en,real-estate-apt-detail,NOINDEX,접수중,EXPECTED_NOINDEX,true,200_IF_DB_ROW_EXISTS,"noindex,follow + X-Robots-Tag","https://www.finmaphub.com/en/market/real-estate/apt/11500||화곡동|우장산아이파크,이편한세상",true,true,false,1,db-dependent,,KEEP_APT_NOINDEX_POLICY,
https://www.finmaphub.com/en/market/real-estate/apt/11710||가락동|가락우성2?timeframe=month&period=202603&band=all&sido=11,en,real-estate-apt-detail,NOINDEX,접수중,EXPECTED_CANONICAL_ALT,true,200_IF_DB_ROW_EXISTS,"noindex,follow + X-Robots-Tag",https://www.finmaphub.com/en/market/real-estate/apt/11710||가락동|가락우성2,false,true,false,0,db-dependent,,KEEP_CANONICAL_ALT_NO_SITEMAP,
https://www.finmaphub.com/market/real-estate/apt/11680||삼성동|삼성동한솔아파트,ko,real-estate-apt-detail,NOINDEX,접수중,EXPECTED_NOINDEX,true,200_IF_DB_ROW_EXISTS,"noindex,follow + X-Robots-Tag",https://www.finmaphub.com/market/real-estate/apt/11680||삼성동|삼성동한솔아파트,true,true,false,1,db-dependent,,KEEP_APT_NOINDEX_POLICY,
https://www.finmaphub.com/market/real-estate/apt/11680||도곡동|하이페리온,ko,real-estate-apt-detail,NOINDEX,접수중,EXPECTED_NOINDEX,true,200_IF_DB_ROW_EXISTS,"noindex,follow + X-Robots-Tag",https://www.finmaphub.com/market/real-estate/apt/11680||도곡동|하이페리온,true,true,false,1,db-dependent,,KEEP_APT_NOINDEX_POLICY,
https://www.finmaphub.com/market/real-estate/apt/11680||청담동|삼성청담아파트,ko,real-estate-apt-detail,NOINDEX,접수중,EXPECTED_NOINDEX,true,200_IF_DB_ROW_EXISTS,"noindex,follow + X-Robots-Tag",https://www.finmaphub.com/market/real-estate/apt/11680||청담동|삼성청담아파트,true,true,false,1,db-dependent,,KEEP_APT_NOINDEX_POLICY,
https://www.finmaphub.com/market/real-estate/apt/11680||수서동|까치마을,ko,real-estate-apt-detail,NOINDEX,접수중,EXPECTED_NOINDEX,true,200_IF_DB_ROW_EXISTS,"noindex,follow + X-Robots-Tag",https://www.finmaphub.com/market/real-estate/apt/11680||수서동|까치마을,true,true,false,1,db-dependent,,KEEP_APT_NOINDEX_POLICY,
https://www.finmaphub.com/en/market/real-estate/apt/11440||신수동|밤섬경남아너스빌?timeframe=month&period=202601&band=all&sido=11,en,real-estate-apt-detail,NOINDEX,접수중,EXPECTED_CANONICAL_ALT,true,200_IF_DB_ROW_EXISTS,"noindex,follow + X-Robots-Tag",https://www.finmaphub.com/en/market/real-estate/apt/11440||신수동|밤섬경남아너스빌,false,true,false,0,db-dependent,,KEEP_CANONICAL_ALT_NO_SITEMAP,
https://www.finmaphub.com/market/real-estate/apt/11500||등촌동|태진아름,ko,real-estate-apt-detail,NOINDEX,접수중,EXPECTED_NOINDEX,true,200_IF_DB_ROW_EXISTS,"noindex,follow + X-Robots-Tag",https://www.finmaphub.com/market/real-estate/apt/11500||등촌동|태진아름,true,true,false,1,db-dependent,,KEEP_APT_NOINDEX_POLICY,
https://www.finmaphub.com/market/real-estate/apt/11710||문정동|문정대우푸르지오2차?timeframe=month&period=202602&band=all&sido=11,ko,real-estate-apt-detail,NOINDEX,접수중,EXPECTED_CANONICAL_ALT,true,200_IF_DB_ROW_EXISTS,"noindex,follow + X-Robots-Tag",https://www.finmaphub.com/market/real-estate/apt/11710||문정동|문정대우푸르지오2차,false,true,false,0,db-dependent,,KEEP_CANONICAL_ALT_NO_SITEMAP,
https://www.finmaphub.com/en/market/real-estate/apt/11710||석촌동|현대(201)?timeframe=month&period=202603&band=all&sido=11,en,real-estate-apt-detail,NOINDEX,접수중,EXPECTED_CANONICAL_ALT,true,200_IF_DB_ROW_EXISTS,"noindex,follow + X-Robots-Tag",https://www.finmaphub.com/en/market/real-estate/apt/11710||석촌동|현대(201),false,true,false,0,db-dependent,,KEEP_CANONICAL_ALT_NO_SITEMAP,
https://www.finmaphub.com/en/market/real-estate/apt/11710||마천동|우방아파트,en,real-estate-apt-detail,NOINDEX,접수중,EXPECTED_NOINDEX,true,200_IF_DB_ROW_EXISTS,"noindex,follow + X-Robots-Tag",https://www.finmaphub.com/en/market/real-estate/apt/11710||마천동|우방아파트,true,true,false,1,db-dependent,,KEEP_APT_NOINDEX_POLICY,
https://www.finmaphub.com/market/real-estate/apt/11680||청담동|삼성청담아파트?timeframe=month&period=202603&band=all&sido=11,ko,real-estate-apt-detail,NOINDEX,접수중,EXPECTED_CANONICAL_ALT,true,200_IF_DB_ROW_EXISTS,"noindex,follow + X-Robots-Tag",https://www.finmaphub.com/market/real-estate/apt/11680||청담동|삼성청담아파트,false,true,false,0,db-dependent,,KEEP_CANONICAL_ALT_NO_SITEMAP,
https://www.finmaphub.com/en/market/real-estate/apt/11650||서초동|서초벽산블루밍,en,real-estate-apt-detail,NOINDEX,접수중,EXPECTED_NOINDEX,true,200_IF_DB_ROW_EXISTS,"noindex,follow + X-Robots-Tag",https://www.finmaphub.com/en/market/real-estate/apt/11650||서초동|서초벽산블루밍,true,true,false,1,db-dependent,,KEEP_APT_NOINDEX_POLICY,
https://www.finmaphub.com/en/market/real-estate/apt/11710||잠실동|주공아파트 5단지,en,real-estate-apt-detail,NOINDEX,접수중,EXPECTED_NOINDEX,true,200_IF_DB_ROW_EXISTS,"noindex,follow + X-Robots-Tag",https://www.finmaphub.com/en/market/real-estate/apt/11710||잠실동|주공아파트 5단지,true,true,false,1,db-dependent,,KEEP_APT_NOINDEX_POLICY,
https://www.finmaphub.com/en/market/real-estate/apt/11710||마천동|우방아파트?timeframe=month&period=202603&band=all&sido=11,en,real-estate-apt-detail,NOINDEX,접수중,EXPECTED_CANONICAL_ALT,true,200_IF_DB_ROW_EXISTS,"noindex,follow + X-Robots-Tag",https://www.finmaphub.com/en/market/real-estate/apt/11710||마천동|우방아파트,false,true,false,0,db-dependent,,KEEP_CANONICAL_ALT_NO_SITEMAP,
https://www.finmaphub.com/market/real-estate/apt/11170||한강로3가|센트럴파크?timeframe=month&period=202603&band=all&sido=11,ko,real-estate-apt-detail,NOINDEX,접수중,EXPECTED_CANONICAL_ALT,true,200_IF_DB_ROW_EXISTS,"noindex,follow + X-Robots-Tag",https://www.finmaphub.com/market/real-estate/apt/11170||한강로3가|센트럴파크,false,true,false,0,db-dependent,,KEEP_CANONICAL_ALT_NO_SITEMAP,
https://www.finmaphub.com/market/real-estate/apt/11500||화곡동|희훈리치파크,ko,real-estate-apt-detail,NOINDEX,접수중,EXPECTED_NOINDEX,true,200_IF_DB_ROW_EXISTS,"noindex,follow + X-Robots-Tag",https://www.finmaphub.com/market/real-estate/apt/11500||화곡동|희훈리치파크,true,true,false,1,db-dependent,,KEEP_APT_NOINDEX_POLICY,
https://www.finmaphub.com/market/real-estate/apt/11500||내발산동|우장산월드메르디앙,ko,real-estate-apt-detail,NOINDEX,접수중,EXPECTED_NOINDEX,true,200_IF_DB_ROW_EXISTS,"noindex,follow + X-Robots-Tag",https://www.finmaphub.com/market/real-estate/apt/11500||내발산동|우장산월드메르디앙,true,true,false,1,db-dependent,,KEEP_APT_NOINDEX_POLICY,
https://www.finmaphub.com/en/market/real-estate/apt/11680||청담동|삼성청담아파트,en,real-estate-apt-detail,NOINDEX,접수중,EXPECTED_NOINDEX,true,200_IF_DB_ROW_EXISTS,"noindex,follow + X-Robots-Tag",https://www.finmaphub.com/en/market/real-estate/apt/11680||청담동|삼성청담아파트,true,true,false,1,db-dependent,,KEEP_APT_NOINDEX_POLICY,
https://www.finmaphub.com/market/real-estate/apt/11500||방화동|월드메르디앙101동,ko,real-estate-apt-detail,NOINDEX,접수중,EXPECTED_NOINDEX,true,200_IF_DB_ROW_EXISTS,"noindex,follow + X-Robots-Tag",https://www.finmaphub.com/market/real-estate/apt/11500||방화동|월드메르디앙101동,true,true,false,1,db-dependent,,KEEP_APT_NOINDEX_POLICY,
https://www.finmaphub.com/market/real-estate/apt/11500||마곡동|마곡엠밸리8단지,ko,real-estate-apt-detail,NOINDEX,접수중,EXPECTED_NOINDEX,true,200_IF_DB_ROW_EXISTS,"noindex,follow + X-Robots-Tag",https://www.finmaphub.com/market/real-estate/apt/11500||마곡동|마곡엠밸리8단지,true,true,false,1,db-dependent,,KEEP_APT_NOINDEX_POLICY,
https://www.finmaphub.com/market/real-estate/apt/11500||염창동|동아3,ko,real-estate-apt-detail,NOINDEX,접수중,EXPECTED_NOINDEX,true,200_IF_DB_ROW_EXISTS,"noindex,follow + X-Robots-Tag",https://www.finmaphub.com/market/real-estate/apt/11500||염창동|동아3,true,true,false,1,db-dependent,,KEEP_APT_NOINDEX_POLICY,
https://www.finmaphub.com/market/real-estate/apt/11710||신천동|파크리오,ko,real-estate-apt-detail,NOINDEX,접수중,EXPECTED_NOINDEX,true,200_IF_DB_ROW_EXISTS,"noindex,follow + X-Robots-Tag",https://www.finmaphub.com/market/real-estate/apt/11710||신천동|파크리오,true,true,false,1,db-dependent,,KEEP_APT_NOINDEX_POLICY,
https://www.finmaphub.com/en/market/real-estate/apt/11710||오금동|광남캐스빌?timeframe=month&period=202602&band=all&sido=11,en,real-estate-apt-detail,NOINDEX,접수중,EXPECTED_CANONICAL_ALT,true,200_IF_DB_ROW_EXISTS,"noindex,follow + X-Robots-Tag",https://www.finmaphub.com/en/market/real-estate/apt/11710||오금동|광남캐스빌,false,true,false,0,db-dependent,,KEEP_CANONICAL_ALT_NO_SITEMAP,
https://www.finmaphub.com/market/real-estate/apt/11560||여의도동|대교?timeframe=month&period=202603&band=all&sido=11,ko,real-estate-apt-detail,NOINDEX,접수중,EXPECTED_CANONICAL_ALT,true,200_IF_DB_ROW_EXISTS,"noindex,follow + X-Robots-Tag",https://www.finmaphub.com/market/real-estate/apt/11560||여의도동|대교,false,true,false,0,db-dependent,,KEEP_CANONICAL_ALT_NO_SITEMAP,
https://www.finmaphub.com/market/real-estate/apt/11650||서초동|서초트라팰리스?timeframe=month&period=202602&band=all&sido=11,ko,real-estate-apt-detail,NOINDEX,접수중,EXPECTED_CANONICAL_ALT,true,200_IF_DB_ROW_EXISTS,"noindex,follow + X-Robots-Tag",https://www.finmaphub.com/market/real-estate/apt/11650||서초동|서초트라팰리스,false,true,false,0,db-dependent,,KEEP_CANONICAL_ALT_NO_SITEMAP,
https://www.finmaphub.com/market/real-estate/apt/11500||염창동|태진한솔?timeframe=month&period=202602&band=all&sido=11,ko,real-estate-apt-detail,NOINDEX,접수중,EXPECTED_CANONICAL_ALT,true,200_IF_DB_ROW_EXISTS,"noindex,follow + X-Robots-Tag",https://www.finmaphub.com/market/real-estate/apt/11500||염창동|태진한솔,false,true,false,0,db-dependent,,KEEP_CANONICAL_ALT_NO_SITEMAP,
https://www.finmaphub.com/en/market/real-estate/apt/11440||마포동|마포쌍용황금아파트?timeframe=month&period=202601&band=all&sido=11,en,real-estate-apt-detail,NOINDEX,접수중,EXPECTED_CANONICAL_ALT,true,200_IF_DB_ROW_EXISTS,"noindex,follow + X-Robots-Tag",https://www.finmaphub.com/en/market/real-estate/apt/11440||마포동|마포쌍용황금아파트,false,true,false,0,db-dependent,,KEEP_CANONICAL_ALT_NO_SITEMAP,
https://www.finmaphub.com/market/real-estate/apt/11500||방화동|방화그린?timeframe=month&period=202603&band=all&sido=11,ko,real-estate-apt-detail,NOINDEX,접수중,EXPECTED_CANONICAL_ALT,true,200_IF_DB_ROW_EXISTS,"noindex,follow + X-Robots-Tag",https://www.finmaphub.com/market/real-estate/apt/11500||방화동|방화그린,false,true,false,0,db-dependent,,KEEP_CANONICAL_ALT_NO_SITEMAP,
https://www.finmaphub.com/market/real-estate/apt/11710||가락동|쌍용스윗닷홈(105동)?timeframe=month&period=202603&band=all&sido=11,ko,real-estate-apt-detail,NOINDEX,접수중,EXPECTED_CANONICAL_ALT,true,200_IF_DB_ROW_EXISTS,"noindex,follow + X-Robots-Tag",https://www.finmaphub.com/market/real-estate/apt/11710||가락동|쌍용스윗닷홈(105동),false,true,false,0,db-dependent,,KEEP_CANONICAL_ALT_NO_SITEMAP,
"https://www.finmaphub.com/en/market/real-estate/apt/11680||압구정동|현대1차(12,13,21,22,31,32,33동)?timeframe=month&period=202601&band=all&sido=11",en,real-estate-apt-detail,NOINDEX,접수중,EXPECTED_CANONICAL_ALT,true,200_IF_DB_ROW_EXISTS,"noindex,follow + X-Robots-Tag","https://www.finmaphub.com/en/market/real-estate/apt/11680||압구정동|현대1차(12,13,21,22,31,32,33동)",false,true,false,0,db-dependent,,KEEP_CANONICAL_ALT_NO_SITEMAP,
https://www.finmaphub.com/market/real-estate/apt/11710||신천동|파크리오?timeframe=month&period=202601&band=all&sido=11,ko,real-estate-apt-detail,NOINDEX,접수중,EXPECTED_CANONICAL_ALT,true,200_IF_DB_ROW_EXISTS,"noindex,follow + X-Robots-Tag",https://www.finmaphub.com/market/real-estate/apt/11710||신천동|파크리오,false,true,false,0,db-dependent,,KEEP_CANONICAL_ALT_NO_SITEMAP,
https://www.finmaphub.com/en/market/real-estate/apt/11500||염창동|한강동아?timeframe=month&period=202602&band=all&sido=11,en,real-estate-apt-detail,NOINDEX,접수중,EXPECTED_CANONICAL_ALT,true,200_IF_DB_ROW_EXISTS,"noindex,follow + X-Robots-Tag",https://www.finmaphub.com/en/market/real-estate/apt/11500||염창동|한강동아,false,true,false,0,db-dependent,,KEEP_CANONICAL_ALT_NO_SITEMAP,
https://www.finmaphub.com/en/market/real-estate/apt/11440||망원동|마포한강아이파크?timeframe=month&period=202601&band=all&sido=11,en,real-estate-apt-detail,NOINDEX,접수중,EXPECTED_CANONICAL_ALT,true,200_IF_DB_ROW_EXISTS,"noindex,follow + X-Robots-Tag",https://www.finmaphub.com/en/market/real-estate/apt/11440||망원동|마포한강아이파크,false,true,false,0,db-dependent,,KEEP_CANONICAL_ALT_NO_SITEMAP,
https://www.finmaphub.com/market/real-estate/apt/11710||마천동|산성?timeframe=month&period=202602&band=all&sido=11,ko,real-estate-apt-detail,NOINDEX,접수중,EXPECTED_CANONICAL_ALT,true,200_IF_DB_ROW_EXISTS,"noindex,follow + X-Robots-Tag",https://www.finmaphub.com/market/real-estate/apt/11710||마천동|산성,false,true,false,0,db-dependent,,KEEP_CANONICAL_ALT_NO_SITEMAP,
https://www.finmaphub.com/market/real-estate/apt/11500||염창동|현대1?timeframe=month&period=202603&band=all&sido=11,ko,real-estate-apt-detail,NOINDEX,접수중,EXPECTED_CANONICAL_ALT,true,200_IF_DB_ROW_EXISTS,"noindex,follow + X-Robots-Tag",https://www.finmaphub.com/market/real-estate/apt/11500||염창동|현대1,false,true,false,0,db-dependent,,KEEP_CANONICAL_ALT_NO_SITEMAP,
https://www.finmaphub.com/market/real-estate/apt/11680||대치동|개포우성1?timeframe=month&period=202512&band=all&sido=all&area=all,ko,real-estate-apt-detail,NOINDEX,접수중,EXPECTED_CANONICAL_ALT,true,200_IF_DB_ROW_EXISTS,"noindex,follow + X-Robots-Tag",https://www.finmaphub.com/market/real-estate/apt/11680||대치동|개포우성1,false,true,false,0,db-dependent,,KEEP_CANONICAL_ALT_NO_SITEMAP,
https://www.finmaphub.com/market/real-estate/apt/11170||이촌동|왕궁?timeframe=month&period=202512&band=all&sido=all&area=all,ko,real-estate-apt-detail,NOINDEX,접수중,EXPECTED_CANONICAL_ALT,true,200_IF_DB_ROW_EXISTS,"noindex,follow + X-Robots-Tag",https://www.finmaphub.com/market/real-estate/apt/11170||이촌동|왕궁,false,true,false,0,db-dependent,,KEEP_CANONICAL_ALT_NO_SITEMAP,
https://www.finmaphub.com/market/real-estate/apt/11500||가양동|한강타운?timeframe=month&period=202603&band=all&sido=11,ko,real-estate-apt-detail,NOINDEX,접수중,EXPECTED_CANONICAL_ALT,true,200_IF_DB_ROW_EXISTS,"noindex,follow + X-Robots-Tag",https://www.finmaphub.com/market/real-estate/apt/11500||가양동|한강타운,false,true,false,0,db-dependent,,KEEP_CANONICAL_ALT_NO_SITEMAP,
https://www.finmaphub.com/market/real-estate/apt/11710||잠실동|잠실포스코더샵?timeframe=month&period=202603&band=all&sido=11,ko,real-estate-apt-detail,NOINDEX,접수중,EXPECTED_CANONICAL_ALT,true,200_IF_DB_ROW_EXISTS,"noindex,follow + X-Robots-Tag",https://www.finmaphub.com/market/real-estate/apt/11710||잠실동|잠실포스코더샵,false,true,false,0,db-dependent,,KEEP_CANONICAL_ALT_NO_SITEMAP,
https://www.finmaphub.com/market/real-estate/apt/11500||등촌동|보람(640)?timeframe=month&period=202603&band=all&sido=11,ko,real-estate-apt-detail,NOINDEX,접수중,EXPECTED_CANONICAL_ALT,true,200_IF_DB_ROW_EXISTS,"noindex,follow + X-Robots-Tag",https://www.finmaphub.com/market/real-estate/apt/11500||등촌동|보람(640),false,true,false,0,db-dependent,,KEEP_CANONICAL_ALT_NO_SITEMAP,
https://www.finmaphub.com/en/market/real-estate/apt/11710||잠실동|트리지움,en,real-estate-apt-detail,NOINDEX,접수중,EXPECTED_NOINDEX,true,200_IF_DB_ROW_EXISTS,"noindex,follow + X-Robots-Tag",https://www.finmaphub.com/en/market/real-estate/apt/11710||잠실동|트리지움,true,true,false,1,db-dependent,,KEEP_APT_NOINDEX_POLICY,
https://www.finmaphub.com/market/real-estate/apt/11170||도원동|삼성래미안?timeframe=month&period=202602&band=all&sido=11,ko,real-estate-apt-detail,NOINDEX,접수중,EXPECTED_CANONICAL_ALT,true,200_IF_DB_ROW_EXISTS,"noindex,follow + X-Robots-Tag",https://www.finmaphub.com/market/real-estate/apt/11170||도원동|삼성래미안,false,true,false,0,db-dependent,,KEEP_CANONICAL_ALT_NO_SITEMAP,
https://www.finmaphub.com/market/real-estate/apt/11710||오금동|송파더플래티넘?timeframe=month&period=202602&band=all&sido=11,ko,real-estate-apt-detail,NOINDEX,접수중,EXPECTED_CANONICAL_ALT,true,200_IF_DB_ROW_EXISTS,"noindex,follow + X-Robots-Tag",https://www.finmaphub.com/market/real-estate/apt/11710||오금동|송파더플래티넘,false,true,false,0,db-dependent,,KEEP_CANONICAL_ALT_NO_SITEMAP,
https://www.finmaphub.com/market/real-estate/apt/11650||방배동|삼호한숲?timeframe=month&period=202602&band=all&sido=11,ko,real-estate-apt-detail,NOINDEX,접수중,EXPECTED_CANONICAL_ALT,true,200_IF_DB_ROW_EXISTS,"noindex,follow + X-Robots-Tag",https://www.finmaphub.com/market/real-estate/apt/11650||방배동|삼호한숲,false,true,false,0,db-dependent,,KEEP_CANONICAL_ALT_NO_SITEMAP,
https://www.finmaphub.com/market/real-estate/apt/11200||금호동4가|브라운스톤금호?timeframe=month&period=202602&band=all&sido=11,ko,real-estate-apt-detail,NOINDEX,접수중,EXPECTED_CANONICAL_ALT,true,200_IF_DB_ROW_EXISTS,"noindex,follow + X-Robots-Tag",https://www.finmaphub.com/market/real-estate/apt/11200||금호동4가|브라운스톤금호,false,true,false,0,db-dependent,,KEEP_CANONICAL_ALT_NO_SITEMAP,
https://www.finmaphub.com/market/real-estate/apt/11560||여의도동|미성?timeframe=month&period=202602&band=all&sido=11,ko,real-estate-apt-detail,NOINDEX,접수중,EXPECTED_CANONICAL_ALT,true,200_IF_DB_ROW_EXISTS,"noindex,follow + X-Robots-Tag",https://www.finmaphub.com/market/real-estate/apt/11560||여의도동|미성,false,true,false,0,db-dependent,,KEEP_CANONICAL_ALT_NO_SITEMAP,
https://www.finmaphub.com/en/market/real-estate/apt/11710||오금동|송파두산위브?timeframe=month&period=202601&band=all&sido=11,en,real-estate-apt-detail,NOINDEX,접수중,EXPECTED_CANONICAL_ALT,true,200_IF_DB_ROW_EXISTS,"noindex,follow + X-Robots-Tag",https://www.finmaphub.com/en/market/real-estate/apt/11710||오금동|송파두산위브,false,true,false,0,db-dependent,,KEEP_CANONICAL_ALT_NO_SITEMAP,
https://www.finmaphub.com/market/real-estate/apt/11650||반포동|엠브이아파트?timeframe=month&period=202602&band=all&sido=11,ko,real-estate-apt-detail,NOINDEX,접수중,EXPECTED_CANONICAL_ALT,true,200_IF_DB_ROW_EXISTS,"noindex,follow + X-Robots-Tag",https://www.finmaphub.com/market/real-estate/apt/11650||반포동|엠브이아파트,false,true,false,0,db-dependent,,KEEP_CANONICAL_ALT_NO_SITEMAP,
https://www.finmaphub.com/market/real-estate/apt/11440||공덕동|공덕SK리더스뷰?timeframe=month&period=202602&band=all&sido=11,ko,real-estate-apt-detail,NOINDEX,접수중,EXPECTED_CANONICAL_ALT,true,200_IF_DB_ROW_EXISTS,"noindex,follow + X-Robots-Tag",https://www.finmaphub.com/market/real-estate/apt/11440||공덕동|공덕SK리더스뷰,false,true,false,0,db-dependent,,KEEP_CANONICAL_ALT_NO_SITEMAP,
https://www.finmaphub.com/en/market/real-estate/apt/11710||가락동|삼환?timeframe=month&period=202601&band=all&sido=11,en,real-estate-apt-detail,NOINDEX,접수중,EXPECTED_CANONICAL_ALT,true,200_IF_DB_ROW_EXISTS,"noindex,follow + X-Robots-Tag",https://www.finmaphub.com/en/market/real-estate/apt/11710||가락동|삼환,false,true,false,0,db-dependent,,KEEP_CANONICAL_ALT_NO_SITEMAP,
https://www.finmaphub.com/en/market/real-estate/apt/11680||개포동|삼익대청아파트?timeframe=month&period=202601&band=all&sido=11,en,real-estate-apt-detail,NOINDEX,접수중,EXPECTED_CANONICAL_ALT,true,200_IF_DB_ROW_EXISTS,"noindex,follow + X-Robots-Tag",https://www.finmaphub.com/en/market/real-estate/apt/11680||개포동|삼익대청아파트,false,true,false,0,db-dependent,,KEEP_CANONICAL_ALT_NO_SITEMAP,
https://www.finmaphub.com/market/real-estate/apt/11680||수서동|신동아?timeframe=month&period=202601&band=all&sido=11,ko,real-estate-apt-detail,NOINDEX,접수중,EXPECTED_CANONICAL_ALT,true,200_IF_DB_ROW_EXISTS,"noindex,follow + X-Robots-Tag",https://www.finmaphub.com/market/real-estate/apt/11680||수서동|신동아,false,true,false,0,db-dependent,,KEEP_CANONICAL_ALT_NO_SITEMAP,
https://www.finmaphub.com/market/real-estate/apt/11500||방화동|신마곡벽산블루밍?timeframe=month&period=202601&band=all&sido=11,ko,real-estate-apt-detail,NOINDEX,접수중,EXPECTED_CANONICAL_ALT,true,200_IF_DB_ROW_EXISTS,"noindex,follow + X-Robots-Tag",https://www.finmaphub.com/market/real-estate/apt/11500||방화동|신마곡벽산블루밍,false,true,false,0,db-dependent,,KEEP_CANONICAL_ALT_NO_SITEMAP,
https://www.finmaphub.com/market/real-estate/apt/11680||자곡동|강남자곡아이파크?timeframe=month&period=202601&band=all&sido=11,ko,real-estate-apt-detail,NOINDEX,접수중,EXPECTED_CANONICAL_ALT,true,200_IF_DB_ROW_EXISTS,"noindex,follow + X-Robots-Tag",https://www.finmaphub.com/market/real-estate/apt/11680||자곡동|강남자곡아이파크,false,true,false,0,db-dependent,,KEEP_CANONICAL_ALT_NO_SITEMAP,
https://www.finmaphub.com/market/real-estate/apt/11710||풍납동|현대리버빌2지구?timeframe=month&period=202602&band=all&sido=11,ko,real-estate-apt-detail,NOINDEX,접수중,EXPECTED_CANONICAL_ALT,true,200_IF_DB_ROW_EXISTS,"noindex,follow + X-Robots-Tag",https://www.finmaphub.com/market/real-estate/apt/11710||풍납동|현대리버빌2지구,false,true,false,0,db-dependent,,KEEP_CANONICAL_ALT_NO_SITEMAP,
https://www.finmaphub.com/market/real-estate/apt/11500||등촌동|대동황토방?timeframe=month&period=202602&band=all&sido=11,ko,real-estate-apt-detail,NOINDEX,접수중,EXPECTED_CANONICAL_ALT,true,200_IF_DB_ROW_EXISTS,"noindex,follow + X-Robots-Tag",https://www.finmaphub.com/market/real-estate/apt/11500||등촌동|대동황토방,false,true,false,0,db-dependent,,KEEP_CANONICAL_ALT_NO_SITEMAP,
https://www.finmaphub.com/en/market/real-estate/apt/11680||개포동|성원대치2단지아파트?timeframe=month&period=202602&band=all&sido=11,en,real-estate-apt-detail,NOINDEX,접수중,EXPECTED_CANONICAL_ALT,true,200_IF_DB_ROW_EXISTS,"noindex,follow + X-Robots-Tag",https://www.finmaphub.com/en/market/real-estate/apt/11680||개포동|성원대치2단지아파트,false,true,false,0,db-dependent,,KEEP_CANONICAL_ALT_NO_SITEMAP,
https://www.finmaphub.com/market/real-estate/apt/11500||등촌동|코오롱하늘채,ko,real-estate-apt-detail,NOINDEX,접수중,EXPECTED_NOINDEX,true,200_IF_DB_ROW_EXISTS,"noindex,follow + X-Robots-Tag",https://www.finmaphub.com/market/real-estate/apt/11500||등촌동|코오롱하늘채,true,true,false,1,db-dependent,,KEEP_APT_NOINDEX_POLICY,
https://www.finmaphub.com/market/real-estate/apt/11200||행당동|신동아?timeframe=month&period=202602&band=all&sido=11,ko,real-estate-apt-detail,NOINDEX,접수중,EXPECTED_CANONICAL_ALT,true,200_IF_DB_ROW_EXISTS,"noindex,follow + X-Robots-Tag",https://www.finmaphub.com/market/real-estate/apt/11200||행당동|신동아,false,true,false,0,db-dependent,,KEEP_CANONICAL_ALT_NO_SITEMAP,
https://www.finmaphub.com/market/real-estate/apt/11200||옥수동|극동?timeframe=month&period=202602&band=all&sido=11,ko,real-estate-apt-detail,NOINDEX,접수중,EXPECTED_CANONICAL_ALT,true,200_IF_DB_ROW_EXISTS,"noindex,follow + X-Robots-Tag",https://www.finmaphub.com/market/real-estate/apt/11200||옥수동|극동,false,true,false,0,db-dependent,,KEEP_CANONICAL_ALT_NO_SITEMAP,
https://www.finmaphub.com/market/real-estate/apt/11200||금호동4가|서울숲르씨엘?timeframe=month&period=202601&band=all&sido=11,ko,real-estate-apt-detail,NOINDEX,접수중,EXPECTED_CANONICAL_ALT,true,200_IF_DB_ROW_EXISTS,"noindex,follow + X-Robots-Tag",https://www.finmaphub.com/market/real-estate/apt/11200||금호동4가|서울숲르씨엘,false,true,false,0,db-dependent,,KEEP_CANONICAL_ALT_NO_SITEMAP,
https://www.finmaphub.com/market/real-estate/apt/11500||등촌동|월드메르디앙?timeframe=month&period=202601&band=all&sido=11,ko,real-estate-apt-detail,NOINDEX,접수중,EXPECTED_CANONICAL_ALT,true,200_IF_DB_ROW_EXISTS,"noindex,follow + X-Robots-Tag",https://www.finmaphub.com/market/real-estate/apt/11500||등촌동|월드메르디앙,false,true,false,0,db-dependent,,KEEP_CANONICAL_ALT_NO_SITEMAP,
https://www.finmaphub.com/market/real-estate/apt/11500||방화동|동일스위트리버2차?timeframe=month&period=202601&band=all&sido=11,ko,real-estate-apt-detail,NOINDEX,접수중,EXPECTED_CANONICAL_ALT,true,200_IF_DB_ROW_EXISTS,"noindex,follow + X-Robots-Tag",https://www.finmaphub.com/market/real-estate/apt/11500||방화동|동일스위트리버2차,false,true,false,0,db-dependent,,KEEP_CANONICAL_ALT_NO_SITEMAP,
https://www.finmaphub.com/market/real-estate/apt/11710||문정동|문정시영?timeframe=month&period=202601&band=all&sido=11,ko,real-estate-apt-detail,NOINDEX,접수중,EXPECTED_CANONICAL_ALT,true,200_IF_DB_ROW_EXISTS,"noindex,follow + X-Robots-Tag",https://www.finmaphub.com/market/real-estate/apt/11710||문정동|문정시영,false,true,false,0,db-dependent,,KEEP_CANONICAL_ALT_NO_SITEMAP,
https://www.finmaphub.com/market/real-estate/apt/11710||마천동|마천금호어울림1차아파트,ko,real-estate-apt-detail,NOINDEX,접수중,EXPECTED_NOINDEX,true,200_IF_DB_ROW_EXISTS,"noindex,follow + X-Robots-Tag",https://www.finmaphub.com/market/real-estate/apt/11710||마천동|마천금호어울림1차아파트,true,true,false,1,db-dependent,,KEEP_APT_NOINDEX_POLICY,
https://www.finmaphub.com/market/real-estate/apt/11710||잠실동|트리지움,ko,real-estate-apt-detail,NOINDEX,접수중,EXPECTED_NOINDEX,true,200_IF_DB_ROW_EXISTS,"noindex,follow + X-Robots-Tag",https://www.finmaphub.com/market/real-estate/apt/11710||잠실동|트리지움,true,true,false,1,db-dependent,,KEEP_APT_NOINDEX_POLICY,
https://www.finmaphub.com/market/real-estate/apt/11200||응봉동|신동아?timeframe=month&period=202601&band=all&sido=11,ko,real-estate-apt-detail,NOINDEX,접수중,EXPECTED_CANONICAL_ALT,true,200_IF_DB_ROW_EXISTS,"noindex,follow + X-Robots-Tag",https://www.finmaphub.com/market/real-estate/apt/11200||응봉동|신동아,false,true,false,0,db-dependent,,KEEP_CANONICAL_ALT_NO_SITEMAP,
https://www.finmaphub.com/en/market/real-estate/apt/11680||역삼동|동원스위트뷰역삼?timeframe=month&period=202601&band=all&sido=11,en,real-estate-apt-detail,NOINDEX,접수중,EXPECTED_CANONICAL_ALT,true,200_IF_DB_ROW_EXISTS,"noindex,follow + X-Robots-Tag",https://www.finmaphub.com/en/market/real-estate/apt/11680||역삼동|동원스위트뷰역삼,false,true,false,0,db-dependent,,KEEP_CANONICAL_ALT_NO_SITEMAP,
https://www.finmaphub.com/en/market/real-estate/apt/11680||자곡동|강남브리즈힐(토지임대부아파트)?timeframe=month&period=202601&band=all&sido=11,en,real-estate-apt-detail,NOINDEX,접수중,EXPECTED_CANONICAL_ALT,true,200_IF_DB_ROW_EXISTS,"noindex,follow + X-Robots-Tag",https://www.finmaphub.com/en/market/real-estate/apt/11680||자곡동|강남브리즈힐(토지임대부아파트),false,true,false,0,db-dependent,,KEEP_CANONICAL_ALT_NO_SITEMAP,
https://www.finmaphub.com/market/real-estate/apt/11500||화곡동|풍원팰리스?timeframe=month&period=202601&band=all&sido=11,ko,real-estate-apt-detail,NOINDEX,접수중,EXPECTED_CANONICAL_ALT,true,200_IF_DB_ROW_EXISTS,"noindex,follow + X-Robots-Tag",https://www.finmaphub.com/market/real-estate/apt/11500||화곡동|풍원팰리스,false,true,false,0,db-dependent,,KEEP_CANONICAL_ALT_NO_SITEMAP,
https://www.finmaphub.com/market/real-estate/apt/11440||창전동|창전동현대홈타운,ko,real-estate-apt-detail,NOINDEX,실패함,EXPECTED_NOINDEX,true,200_IF_DB_ROW_EXISTS,"noindex,follow + X-Robots-Tag",https://www.finmaphub.com/market/real-estate/apt/11440||창전동|창전동현대홈타운,true,true,false,1,db-dependent,,KEEP_APT_NOINDEX_POLICY,
https://www.finmaphub.com/en/market/real-estate/apt/11680||삼성동|한일,en,real-estate-apt-detail,NOINDEX,실패함,EXPECTED_NOINDEX,true,200_IF_DB_ROW_EXISTS,"noindex,follow + X-Robots-Tag",https://www.finmaphub.com/en/market/real-estate/apt/11680||삼성동|한일,true,true,false,1,db-dependent,,KEEP_APT_NOINDEX_POLICY,
https://www.finmaphub.com/market/real-estate/apt/11710||거여동|쌍용스윗닷홈2차,ko,real-estate-apt-detail,NOINDEX,실패함,EXPECTED_NOINDEX,true,200_IF_DB_ROW_EXISTS,"noindex,follow + X-Robots-Tag",https://www.finmaphub.com/market/real-estate/apt/11710||거여동|쌍용스윗닷홈2차,true,true,false,1,db-dependent,,KEEP_APT_NOINDEX_POLICY,
https://www.finmaphub.com/en/market/real-estate/apt/11680||수서동|삼익,en,real-estate-apt-detail,NOINDEX,실패함,EXPECTED_NOINDEX,true,200_IF_DB_ROW_EXISTS,"noindex,follow + X-Robots-Tag",https://www.finmaphub.com/en/market/real-estate/apt/11680||수서동|삼익,true,true,false,1,db-dependent,,KEEP_APT_NOINDEX_POLICY,
https://www.finmaphub.com/market/real-estate/apt/11710||가락동|삼환,ko,real-estate-apt-detail,NOINDEX,실패함,EXPECTED_NOINDEX,true,200_IF_DB_ROW_EXISTS,"noindex,follow + X-Robots-Tag",https://www.finmaphub.com/market/real-estate/apt/11710||가락동|삼환,true,true,false,1,db-dependent,,KEEP_APT_NOINDEX_POLICY,
https://www.finmaphub.com/en/market/real-estate/apt/11710||방이동|신동아타워,en,real-estate-apt-detail,NOINDEX,실패함,EXPECTED_NOINDEX,true,200_IF_DB_ROW_EXISTS,"noindex,follow + X-Robots-Tag",https://www.finmaphub.com/en/market/real-estate/apt/11710||방이동|신동아타워,true,true,false,1,db-dependent,,KEEP_APT_NOINDEX_POLICY,
https://www.finmaphub.com/market/real-estate/apt/11200||하왕십리동|극동미라주,ko,real-estate-apt-detail,NOINDEX,실패함,EXPECTED_NOINDEX,true,200_IF_DB_ROW_EXISTS,"noindex,follow + X-Robots-Tag",https://www.finmaphub.com/market/real-estate/apt/11200||하왕십리동|극동미라주,true,true,false,1,db-dependent,,KEEP_APT_NOINDEX_POLICY,
https://www.finmaphub.com/market/real-estate/apt/11650||방배동|방배래미안타워,ko,real-estate-apt-detail,NOINDEX,실패함,EXPECTED_NOINDEX,true,200_IF_DB_ROW_EXISTS,"noindex,follow + X-Robots-Tag",https://www.finmaphub.com/market/real-estate/apt/11650||방배동|방배래미안타워,true,true,false,1,db-dependent,,KEEP_APT_NOINDEX_POLICY,
https://www.finmaphub.com/market/real-estate/apt/11500||내발산동|내발산우신웨스트빌,ko,real-estate-apt-detail,NOINDEX,실패함,EXPECTED_NOINDEX,true,200_IF_DB_ROW_EXISTS,"noindex,follow + X-Robots-Tag",https://www.finmaphub.com/market/real-estate/apt/11500||내발산동|내발산우신웨스트빌,true,true,false,1,db-dependent,,KEEP_APT_NOINDEX_POLICY,
https://www.finmaphub.com/market/real-estate/apt/11500||내발산동|신세계3차101동,ko,real-estate-apt-detail,NOINDEX,실패함,EXPECTED_NOINDEX,true,200_IF_DB_ROW_EXISTS,"noindex,follow + X-Robots-Tag",https://www.finmaphub.com/market/real-estate/apt/11500||내발산동|신세계3차101동,true,true,false,1,db-dependent,,KEEP_APT_NOINDEX_POLICY,
https://www.finmaphub.com/market/real-estate/apt/11200||하왕십리동|센트라스,ko,real-estate-apt-detail,NOINDEX,실패함,EXPECTED_NOINDEX,true,200_IF_DB_ROW_EXISTS,"noindex,follow + X-Robots-Tag",https://www.finmaphub.com/market/real-estate/apt/11200||하왕십리동|센트라스,true,true,false,1,db-dependent,,KEEP_APT_NOINDEX_POLICY,
https://www.finmaphub.com/market/real-estate/apt/11710||문정동|힐스테이트e편한세상문정,ko,real-estate-apt-detail,NOINDEX,실패함,EXPECTED_NOINDEX,true,200_IF_DB_ROW_EXISTS,"noindex,follow + X-Robots-Tag",https://www.finmaphub.com/market/real-estate/apt/11710||문정동|힐스테이트e편한세상문정,true,true,false,1,db-dependent,,KEEP_APT_NOINDEX_POLICY,
https://www.finmaphub.com/market/real-estate/apt/11200||옥수동|래미안 옥수 리버젠,ko,real-estate-apt-detail,NOINDEX,실패함,EXPECTED_NOINDEX,true,200_IF_DB_ROW_EXISTS,"noindex,follow + X-Robots-Tag",https://www.finmaphub.com/market/real-estate/apt/11200||옥수동|래미안 옥수 리버젠,true,true,false,1,db-dependent,,KEEP_APT_NOINDEX_POLICY,
https://www.finmaphub.com/market/real-estate/apt/11560||여의도동|광장,ko,real-estate-apt-detail,NOINDEX,실패함,EXPECTED_NOINDEX,true,200_IF_DB_ROW_EXISTS,"noindex,follow + X-Robots-Tag",https://www.finmaphub.com/market/real-estate/apt/11560||여의도동|광장,true,true,false,1,db-dependent,,KEEP_APT_NOINDEX_POLICY,
https://www.finmaphub.com/market/real-estate/apt/11740||고덕동|고덕그라시움,ko,real-estate-apt-detail,NOINDEX,실패함,EXPECTED_NOINDEX,true,200_IF_DB_ROW_EXISTS,"noindex,follow + X-Robots-Tag",https://www.finmaphub.com/market/real-estate/apt/11740||고덕동|고덕그라시움,true,true,false,1,db-dependent,,KEEP_APT_NOINDEX_POLICY,
https://www.finmaphub.com/market/real-estate/apt/11200||성수동2가|성수우방2차아파트,ko,real-estate-apt-detail,NOINDEX,실패함,EXPECTED_NOINDEX,true,200_IF_DB_ROW_EXISTS,"noindex,follow + X-Robots-Tag",https://www.finmaphub.com/market/real-estate/apt/11200||성수동2가|성수우방2차아파트,true,true,false,1,db-dependent,,KEEP_APT_NOINDEX_POLICY,
https://www.finmaphub.com/market/real-estate/apt/11440||서교동|메세나폴리스,ko,real-estate-apt-detail,NOINDEX,실패함,EXPECTED_NOINDEX,true,200_IF_DB_ROW_EXISTS,"noindex,follow + X-Robots-Tag",https://www.finmaphub.com/market/real-estate/apt/11440||서교동|메세나폴리스,true,true,false,1,db-dependent,,KEEP_APT_NOINDEX_POLICY,
https://www.finmaphub.com/market/real-estate/apt/11680||삼성동|삼성동롯데캐슬킹덤,ko,real-estate-apt-detail,NOINDEX,실패함,EXPECTED_NOINDEX,true,200_IF_DB_ROW_EXISTS,"noindex,follow + X-Robots-Tag",https://www.finmaphub.com/market/real-estate/apt/11680||삼성동|삼성동롯데캐슬킹덤,true,true,false,1,db-dependent,,KEEP_APT_NOINDEX_POLICY,
https://www.finmaphub.com/market/real-estate/apt/11440||창전동|해모로,ko,real-estate-apt-detail,NOINDEX,실패함,EXPECTED_NOINDEX,true,200_IF_DB_ROW_EXISTS,"noindex,follow + X-Robots-Tag",https://www.finmaphub.com/market/real-estate/apt/11440||창전동|해모로,true,true,false,1,db-dependent,,KEEP_APT_NOINDEX_POLICY,
https://www.finmaphub.com/market/real-estate/apt/11200||상왕십리동|텐즈힐(2단지),ko,real-estate-apt-detail,NOINDEX,실패함,EXPECTED_NOINDEX,true,200_IF_DB_ROW_EXISTS,"noindex,follow + X-Robots-Tag",https://www.finmaphub.com/market/real-estate/apt/11200||상왕십리동|텐즈힐(2단지),true,true,false,1,db-dependent,,KEEP_APT_NOINDEX_POLICY,
https://www.finmaphub.com/market/real-estate/apt/11200||행당동|서울숲리버뷰자이,ko,real-estate-apt-detail,NOINDEX,실패함,EXPECTED_NOINDEX,true,200_IF_DB_ROW_EXISTS,"noindex,follow + X-Robots-Tag",https://www.finmaphub.com/market/real-estate/apt/11200||행당동|서울숲리버뷰자이,true,true,false,1,db-dependent,,KEEP_APT_NOINDEX_POLICY,
https://www.finmaphub.com/market/real-estate/apt/11650||잠원동|래미안신반포팰리스,ko,real-estate-apt-detail,NOINDEX,실패함,EXPECTED_NOINDEX,true,200_IF_DB_ROW_EXISTS,"noindex,follow + X-Robots-Tag",https://www.finmaphub.com/market/real-estate/apt/11650||잠원동|래미안신반포팰리스,true,true,false,1,db-dependent,,KEEP_APT_NOINDEX_POLICY,
https://www.finmaphub.com/market/real-estate/apt/11170||한남동|리버탑,ko,real-estate-apt-detail,NOINDEX,실패함,EXPECTED_NOINDEX,true,200_IF_DB_ROW_EXISTS,"noindex,follow + X-Robots-Tag",https://www.finmaphub.com/market/real-estate/apt/11170||한남동|리버탑,true,true,false,1,db-dependent,,KEEP_APT_NOINDEX_POLICY,
https://www.finmaphub.com/market/real-estate/apt/11560||여의도동|삼부,ko,real-estate-apt-detail,NOINDEX,실패함,EXPECTED_NOINDEX,true,200_IF_DB_ROW_EXISTS,"noindex,follow + X-Robots-Tag",https://www.finmaphub.com/market/real-estate/apt/11560||여의도동|삼부,true,true,false,1,db-dependent,,KEEP_APT_NOINDEX_POLICY,
https://www.finmaphub.com/market/real-estate/apt/11170||한강로2가|래미안용산더센트럴,ko,real-estate-apt-detail,NOINDEX,실패함,EXPECTED_NOINDEX,true,200_IF_DB_ROW_EXISTS,"noindex,follow + X-Robots-Tag",https://www.finmaphub.com/market/real-estate/apt/11170||한강로2가|래미안용산더센트럴,true,true,false,1,db-dependent,,KEEP_APT_NOINDEX_POLICY,
https://www.finmaphub.com/market/real-estate/apt/11710||송파동|호수임광,ko,real-estate-apt-detail,NOINDEX,실패함,EXPECTED_NOINDEX,true,200_IF_DB_ROW_EXISTS,"noindex,follow + X-Robots-Tag",https://www.finmaphub.com/market/real-estate/apt/11710||송파동|호수임광,true,true,false,1,db-dependent,,KEEP_APT_NOINDEX_POLICY,
https://www.finmaphub.com/market/real-estate/apt/11710||문정동|현대2,ko,real-estate-apt-detail,NOINDEX,실패함,EXPECTED_NOINDEX,true,200_IF_DB_ROW_EXISTS,"noindex,follow + X-Robots-Tag",https://www.finmaphub.com/market/real-estate/apt/11710||문정동|현대2,true,true,false,1,db-dependent,,KEEP_APT_NOINDEX_POLICY,
https://www.finmaphub.com/market/real-estate/apt/11200||옥수동|극동,ko,real-estate-apt-detail,NOINDEX,실패함,EXPECTED_NOINDEX,true,200_IF_DB_ROW_EXISTS,"noindex,follow + X-Robots-Tag",https://www.finmaphub.com/market/real-estate/apt/11200||옥수동|극동,true,true,false,1,db-dependent,,KEEP_APT_NOINDEX_POLICY,
https://www.finmaphub.com/market/real-estate/apt/11200||송정동|서울숲아이파크,ko,real-estate-apt-detail,NOINDEX,실패함,EXPECTED_NOINDEX,true,200_IF_DB_ROW_EXISTS,"noindex,follow + X-Robots-Tag",https://www.finmaphub.com/market/real-estate/apt/11200||송정동|서울숲아이파크,true,true,false,1,db-dependent,,KEEP_APT_NOINDEX_POLICY,
https://www.finmaphub.com/market/real-estate/apt/11320||창동|창동주공3단지(해등마을),ko,real-estate-apt-detail,NOINDEX,실패함,EXPECTED_NOINDEX,true,200_IF_DB_ROW_EXISTS,"noindex,follow + X-Robots-Tag",https://www.finmaphub.com/market/real-estate/apt/11320||창동|창동주공3단지(해등마을),true,true,false,1,db-dependent,,KEEP_APT_NOINDEX_POLICY,
https://www.finmaphub.com/market/real-estate/apt/11170||이촌동|이촌코오롱(A),ko,real-estate-apt-detail,NOINDEX,실패함,EXPECTED_NOINDEX,true,200_IF_DB_ROW_EXISTS,"noindex,follow + X-Robots-Tag",https://www.finmaphub.com/market/real-estate/apt/11170||이촌동|이촌코오롱(A),true,true,false,1,db-dependent,,KEEP_APT_NOINDEX_POLICY,
https://www.finmaphub.com/market/real-estate/apt/11650||서초동|래미안서초에스티지,ko,real-estate-apt-detail,NOINDEX,실패함,EXPECTED_NOINDEX,true,200_IF_DB_ROW_EXISTS,"noindex,follow + X-Robots-Tag",https://www.finmaphub.com/market/real-estate/apt/11650||서초동|래미안서초에스티지,true,true,false,1,db-dependent,,KEEP_APT_NOINDEX_POLICY,
https://www.finmaphub.com/market/real-estate/apt/11170||이촌동|한강동부,ko,real-estate-apt-detail,NOINDEX,실패함,EXPECTED_NOINDEX,true,200_IF_DB_ROW_EXISTS,"noindex,follow + X-Robots-Tag",https://www.finmaphub.com/market/real-estate/apt/11170||이촌동|한강동부,true,true,false,1,db-dependent,,KEEP_APT_NOINDEX_POLICY,
https://www.finmaphub.com/en/market/real-estate/apt/11710||거여동|e편한세상송파파크센트럴,en,real-estate-apt-detail,NOINDEX,실패함,EXPECTED_NOINDEX,true,200_IF_DB_ROW_EXISTS,"noindex,follow + X-Robots-Tag",https://www.finmaphub.com/en/market/real-estate/apt/11710||거여동|e편한세상송파파크센트럴,true,true,false,1,db-dependent,,KEEP_APT_NOINDEX_POLICY,
https://www.finmaphub.com/market/real-estate/apt/11650||서초동|서초5차e편한세상,ko,real-estate-apt-detail,NOINDEX,실패함,EXPECTED_NOINDEX,true,200_IF_DB_ROW_EXISTS,"noindex,follow + X-Robots-Tag",https://www.finmaphub.com/market/real-estate/apt/11650||서초동|서초5차e편한세상,true,true,false,1,db-dependent,,KEEP_APT_NOINDEX_POLICY,
https://www.finmaphub.com/market/real-estate/apt/11710||가락동|대림,ko,real-estate-apt-detail,NOINDEX,실패함,EXPECTED_NOINDEX,true,200_IF_DB_ROW_EXISTS,"noindex,follow + X-Robots-Tag",https://www.finmaphub.com/market/real-estate/apt/11710||가락동|대림,true,true,false,1,db-dependent,,KEEP_APT_NOINDEX_POLICY,
https://www.finmaphub.com/market/real-estate/apt/11440||공덕동|공덕2삼성래미안,ko,real-estate-apt-detail,NOINDEX,실패함,EXPECTED_NOINDEX,true,200_IF_DB_ROW_EXISTS,"noindex,follow + X-Robots-Tag",https://www.finmaphub.com/market/real-estate/apt/11440||공덕동|공덕2삼성래미안,true,true,false,1,db-dependent,,KEEP_APT_NOINDEX_POLICY,
https://www.finmaphub.com/market/real-estate/apt/11650||반포동|반포에스케이뷰,ko,real-estate-apt-detail,NOINDEX,실패함,EXPECTED_NOINDEX,true,200_IF_DB_ROW_EXISTS,"noindex,follow + X-Robots-Tag",https://www.finmaphub.com/market/real-estate/apt/11650||반포동|반포에스케이뷰,true,true,false,1,db-dependent,,KEEP_APT_NOINDEX_POLICY,
https://www.finmaphub.com/market/real-estate/apt/11500||방화동|개화산경남아너스빌,ko,real-estate-apt-detail,NOINDEX,실패함,EXPECTED_NOINDEX,true,200_IF_DB_ROW_EXISTS,"noindex,follow + X-Robots-Tag",https://www.finmaphub.com/market/real-estate/apt/11500||방화동|개화산경남아너스빌,true,true,false,1,db-dependent,,KEEP_APT_NOINDEX_POLICY,
https://www.finmaphub.com/en/market/real-estate/apt/11440||공덕동|공덕SK리더스뷰,en,real-estate-apt-detail,NOINDEX,실패함,EXPECTED_NOINDEX,true,200_IF_DB_ROW_EXISTS,"noindex,follow + X-Robots-Tag",https://www.finmaphub.com/en/market/real-estate/apt/11440||공덕동|공덕SK리더스뷰,true,true,false,1,db-dependent,,KEEP_APT_NOINDEX_POLICY,
https://www.finmaphub.com/market/real-estate/apt/11710||장지동|송파더센트레,ko,real-estate-apt-detail,NOINDEX,실패함,EXPECTED_NOINDEX,true,200_IF_DB_ROW_EXISTS,"noindex,follow + X-Robots-Tag",https://www.finmaphub.com/market/real-estate/apt/11710||장지동|송파더센트레,true,true,false,1,db-dependent,,KEEP_APT_NOINDEX_POLICY,
https://www.finmaphub.com/en/market/real-estate/apt/11560||여의도동|삼부,en,real-estate-apt-detail,NOINDEX,실패함,EXPECTED_NOINDEX,true,200_IF_DB_ROW_EXISTS,"noindex,follow + X-Robots-Tag",https://www.finmaphub.com/en/market/real-estate/apt/11560||여의도동|삼부,true,true,false,1,db-dependent,,KEEP_APT_NOINDEX_POLICY,
https://www.finmaphub.com/market/real-estate/apt/11500||방화동|방화동동부센트레빌(875번지),ko,real-estate-apt-detail,NOINDEX,실패함,EXPECTED_NOINDEX,true,200_IF_DB_ROW_EXISTS,"noindex,follow + X-Robots-Tag",https://www.finmaphub.com/market/real-estate/apt/11500||방화동|방화동동부센트레빌(875번지),true,true,false,1,db-dependent,,KEEP_APT_NOINDEX_POLICY,
https://www.finmaphub.com/market/real-estate/apt/11710||풍납동|금강캐스빌,ko,real-estate-apt-detail,NOINDEX,실패함,EXPECTED_NOINDEX,true,200_IF_DB_ROW_EXISTS,"noindex,follow + X-Robots-Tag",https://www.finmaphub.com/market/real-estate/apt/11710||풍납동|금강캐스빌,true,true,false,1,db-dependent,,KEEP_APT_NOINDEX_POLICY,
https://www.finmaphub.com/market/real-estate/apt/11170||보광동|신동아1,ko,real-estate-apt-detail,NOINDEX,실패함,EXPECTED_NOINDEX,true,200_IF_DB_ROW_EXISTS,"noindex,follow + X-Robots-Tag",https://www.finmaphub.com/market/real-estate/apt/11170||보광동|신동아1,true,true,false,1,db-dependent,,KEEP_APT_NOINDEX_POLICY,
https://www.finmaphub.com/market/real-estate/apt/11710||풍납동|갑을,ko,real-estate-apt-detail,NOINDEX,실패함,EXPECTED_NOINDEX,true,200_IF_DB_ROW_EXISTS,"noindex,follow + X-Robots-Tag",https://www.finmaphub.com/market/real-estate/apt/11710||풍납동|갑을,true,true,false,1,db-dependent,,KEEP_APT_NOINDEX_POLICY,
https://www.finmaphub.com/en/market/real-estate/apt/11710||풍납동|신성노바빌아파트,en,real-estate-apt-detail,NOINDEX,실패함,EXPECTED_NOINDEX,true,200_IF_DB_ROW_EXISTS,"noindex,follow + X-Robots-Tag",https://www.finmaphub.com/en/market/real-estate/apt/11710||풍납동|신성노바빌아파트,true,true,false,1,db-dependent,,KEEP_APT_NOINDEX_POLICY,
https://www.finmaphub.com/market/real-estate/apt/11680||도곡동|타워팰리스3,ko,real-estate-apt-detail,NOINDEX,실패함,EXPECTED_NOINDEX,true,200_IF_DB_ROW_EXISTS,"noindex,follow + X-Robots-Tag",https://www.finmaphub.com/market/real-estate/apt/11680||도곡동|타워팰리스3,true,true,false,1,db-dependent,,KEEP_APT_NOINDEX_POLICY,
https://www.finmaphub.com/market/real-estate/apt/11710||풍납동|신성노바빌아파트,ko,real-estate-apt-detail,NOINDEX,실패함,EXPECTED_NOINDEX,true,200_IF_DB_ROW_EXISTS,"noindex,follow + X-Robots-Tag",https://www.finmaphub.com/market/real-estate/apt/11710||풍납동|신성노바빌아파트,true,true,false,1,db-dependent,,KEEP_APT_NOINDEX_POLICY,
https://www.finmaphub.com/market/real-estate/apt/11200||금호동2가|신금호파크자이,ko,real-estate-apt-detail,NOINDEX,실패함,EXPECTED_NOINDEX,true,200_IF_DB_ROW_EXISTS,"noindex,follow + X-Robots-Tag",https://www.finmaphub.com/market/real-estate/apt/11200||금호동2가|신금호파크자이,true,true,false,1,db-dependent,,KEEP_APT_NOINDEX_POLICY,
https://www.finmaphub.com/market/real-estate/apt/11440||아현동|마포래미안푸르지오3단지,ko,real-estate-apt-detail,NOINDEX,실패함,EXPECTED_NOINDEX,true,200_IF_DB_ROW_EXISTS,"noindex,follow + X-Robots-Tag",https://www.finmaphub.com/market/real-estate/apt/11440||아현동|마포래미안푸르지오3단지,true,true,false,1,db-dependent,,KEEP_APT_NOINDEX_POLICY,
https://www.finmaphub.com/market/real-estate/apt/11170||원효로4가|강변삼성스위트,ko,real-estate-apt-detail,NOINDEX,실패함,EXPECTED_NOINDEX,true,200_IF_DB_ROW_EXISTS,"noindex,follow + X-Robots-Tag",https://www.finmaphub.com/market/real-estate/apt/11170||원효로4가|강변삼성스위트,true,true,false,1,db-dependent,,KEEP_APT_NOINDEX_POLICY,
https://www.finmaphub.com/market/real-estate/apt/11440||아현동|마포래미안푸르지오4단지,ko,real-estate-apt-detail,NOINDEX,실패함,EXPECTED_NOINDEX,true,200_IF_DB_ROW_EXISTS,"noindex,follow + X-Robots-Tag",https://www.finmaphub.com/market/real-estate/apt/11440||아현동|마포래미안푸르지오4단지,true,true,false,1,db-dependent,,KEEP_APT_NOINDEX_POLICY,
https://www.finmaphub.com/market/real-estate/apt/11200||응봉동|서울숲리버그린동아아파트,ko,real-estate-apt-detail,NOINDEX,실패함,EXPECTED_NOINDEX,true,200_IF_DB_ROW_EXISTS,"noindex,follow + X-Robots-Tag",https://www.finmaphub.com/market/real-estate/apt/11200||응봉동|서울숲리버그린동아아파트,true,true,false,1,db-dependent,,KEEP_APT_NOINDEX_POLICY,
https://www.finmaphub.com/market/real-estate/apt/11440||도화동|우성,ko,real-estate-apt-detail,NOINDEX,실패함,EXPECTED_NOINDEX,true,200_IF_DB_ROW_EXISTS,"noindex,follow + X-Robots-Tag",https://www.finmaphub.com/market/real-estate/apt/11440||도화동|우성,true,true,false,1,db-dependent,,KEEP_APT_NOINDEX_POLICY,
https://www.finmaphub.com/market/real-estate/apt/11200||옥수동|극동그린,ko,real-estate-apt-detail,NOINDEX,실패함,EXPECTED_NOINDEX,true,200_IF_DB_ROW_EXISTS,"noindex,follow + X-Robots-Tag",https://www.finmaphub.com/market/real-estate/apt/11200||옥수동|극동그린,true,true,false,1,db-dependent,,KEEP_APT_NOINDEX_POLICY,
https://www.finmaphub.com/market/real-estate/apt/11500||방화동|마곡센트레빌,ko,real-estate-apt-detail,NOINDEX,실패함,EXPECTED_NOINDEX,true,200_IF_DB_ROW_EXISTS,"noindex,follow + X-Robots-Tag",https://www.finmaphub.com/market/real-estate/apt/11500||방화동|마곡센트레빌,true,true,false,1,db-dependent,,KEEP_APT_NOINDEX_POLICY,
https://www.finmaphub.com/market/real-estate/apt/11200||금호동1가|금호삼성래미안,ko,real-estate-apt-detail,NOINDEX,실패함,EXPECTED_NOINDEX,true,200_IF_DB_ROW_EXISTS,"noindex,follow + X-Robots-Tag",https://www.finmaphub.com/market/real-estate/apt/11200||금호동1가|금호삼성래미안,true,true,false,1,db-dependent,,KEEP_APT_NOINDEX_POLICY,
https://www.finmaphub.com/market/real-estate/apt/11500||등촌동|태영,ko,real-estate-apt-detail,NOINDEX,실패함,EXPECTED_NOINDEX,true,200_IF_DB_ROW_EXISTS,"noindex,follow + X-Robots-Tag",https://www.finmaphub.com/market/real-estate/apt/11500||등촌동|태영,true,true,false,1,db-dependent,,KEEP_APT_NOINDEX_POLICY,
https://www.finmaphub.com/en/market/real-estate/apt/11500||염창동|e편한세상염창,en,real-estate-apt-detail,NOINDEX,실패함,EXPECTED_NOINDEX,true,200_IF_DB_ROW_EXISTS,"noindex,follow + X-Robots-Tag",https://www.finmaphub.com/en/market/real-estate/apt/11500||염창동|e편한세상염창,true,true,false,1,db-dependent,,KEEP_APT_NOINDEX_POLICY,
https://www.finmaphub.com/en/market/real-estate/apt/11650||방배동|방배신삼호,en,real-estate-apt-detail,NOINDEX,실패함,EXPECTED_NOINDEX,true,200_IF_DB_ROW_EXISTS,"noindex,follow + X-Robots-Tag",https://www.finmaphub.com/en/market/real-estate/apt/11650||방배동|방배신삼호,true,true,false,1,db-dependent,,KEEP_APT_NOINDEX_POLICY,
https://www.finmaphub.com/en/market/real-estate/apt/11680||신사동|신성아파트101동,en,real-estate-apt-detail,NOINDEX,실패함,EXPECTED_NOINDEX,true,200_IF_DB_ROW_EXISTS,"noindex,follow + X-Robots-Tag",https://www.finmaphub.com/en/market/real-estate/apt/11680||신사동|신성아파트101동,true,true,false,1,db-dependent,,KEEP_APT_NOINDEX_POLICY,
https://www.finmaphub.com/market/real-estate/apt/11500||염창동|신동아,ko,real-estate-apt-detail,NOINDEX,실패함,EXPECTED_NOINDEX,true,200_IF_DB_ROW_EXISTS,"noindex,follow + X-Robots-Tag",https://www.finmaphub.com/market/real-estate/apt/11500||염창동|신동아,true,true,false,1,db-dependent,,KEEP_APT_NOINDEX_POLICY,
https://www.finmaphub.com/en/market/real-estate/apt/11440||신수동|신촌숲아이파크,en,real-estate-apt-detail,NOINDEX,실패함,EXPECTED_NOINDEX,true,200_IF_DB_ROW_EXISTS,"noindex,follow + X-Robots-Tag",https://www.finmaphub.com/en/market/real-estate/apt/11440||신수동|신촌숲아이파크,true,true,false,1,db-dependent,,KEEP_APT_NOINDEX_POLICY,
https://www.finmaphub.com/en/market/real-estate/apt/11440||공덕동|공덕2삼성래미안,en,real-estate-apt-detail,NOINDEX,실패함,EXPECTED_NOINDEX,true,200_IF_DB_ROW_EXISTS,"noindex,follow + X-Robots-Tag",https://www.finmaphub.com/en/market/real-estate/apt/11440||공덕동|공덕2삼성래미안,true,true,false,1,db-dependent,,KEEP_APT_NOINDEX_POLICY,
https://www.finmaphub.com/market/real-estate/apt/11710||문정동|대림미소나눔,ko,real-estate-apt-detail,NOINDEX,실패함,EXPECTED_NOINDEX,true,200_IF_DB_ROW_EXISTS,"noindex,follow + X-Robots-Tag",https://www.finmaphub.com/market/real-estate/apt/11710||문정동|대림미소나눔,true,true,false,1,db-dependent,,KEEP_APT_NOINDEX_POLICY,
https://www.finmaphub.com/en/market/real-estate/apt/11500||염창동|신동아,en,real-estate-apt-detail,NOINDEX,실패함,EXPECTED_NOINDEX,true,200_IF_DB_ROW_EXISTS,"noindex,follow + X-Robots-Tag",https://www.finmaphub.com/en/market/real-estate/apt/11500||염창동|신동아,true,true,false,1,db-dependent,,KEEP_APT_NOINDEX_POLICY,
https://www.finmaphub.com/en/market/real-estate/apt/11710||가락동|동구햇살,en,real-estate-apt-detail,NOINDEX,실패함,EXPECTED_NOINDEX,true,200_IF_DB_ROW_EXISTS,"noindex,follow + X-Robots-Tag",https://www.finmaphub.com/en/market/real-estate/apt/11710||가락동|동구햇살,true,true,false,1,db-dependent,,KEEP_APT_NOINDEX_POLICY,
https://www.finmaphub.com/market/real-estate/apt/11170||이촌동|강촌,ko,real-estate-apt-detail,NOINDEX,실패함,EXPECTED_NOINDEX,true,200_IF_DB_ROW_EXISTS,"noindex,follow + X-Robots-Tag",https://www.finmaphub.com/market/real-estate/apt/11170||이촌동|강촌,true,true,false,1,db-dependent,,KEEP_APT_NOINDEX_POLICY,
"https://www.finmaphub.com/en/market/real-estate/apt/11680||압구정동|현대6차(78~81,83,84,86,87동)",en,real-estate-apt-detail,NOINDEX,실패함,EXPECTED_NOINDEX,true,200_IF_DB_ROW_EXISTS,"noindex,follow + X-Robots-Tag","https://www.finmaphub.com/en/market/real-estate/apt/11680||압구정동|현대6차(78~81,83,84,86,87동)",true,true,false,1,db-dependent,,KEEP_APT_NOINDEX_POLICY,
https://www.finmaphub.com/market/real-estate/apt/11500||가양동|강서한강자이,ko,real-estate-apt-detail,NOINDEX,실패함,EXPECTED_NOINDEX,true,200_IF_DB_ROW_EXISTS,"noindex,follow + X-Robots-Tag",https://www.finmaphub.com/market/real-estate/apt/11500||가양동|강서한강자이,true,true,false,1,db-dependent,,KEEP_APT_NOINDEX_POLICY,
https://www.finmaphub.com/market/real-estate/apt/11200||마장동|현대,ko,real-estate-apt-detail,NOINDEX,실패함,EXPECTED_NOINDEX,true,200_IF_DB_ROW_EXISTS,"noindex,follow + X-Robots-Tag",https://www.finmaphub.com/market/real-estate/apt/11200||마장동|현대,true,true,false,1,db-dependent,,KEEP_APT_NOINDEX_POLICY,
"https://www.finmaphub.com/market/real-estate/apt/28185||연수동|승기마을,연수1차시영",ko,real-estate-apt-detail,NOINDEX,실패함,EXPECTED_NOINDEX,true,200_IF_DB_ROW_EXISTS,"noindex,follow + X-Robots-Tag","https://www.finmaphub.com/market/real-estate/apt/28185||연수동|승기마을,연수1차시영",true,true,false,1,db-dependent,,KEEP_APT_NOINDEX_POLICY,
https://www.finmaphub.com/market/real-estate/apt/11440||창전동|서강예가,ko,real-estate-apt-detail,NOINDEX,실패함,EXPECTED_NOINDEX,true,200_IF_DB_ROW_EXISTS,"noindex,follow + X-Robots-Tag",https://www.finmaphub.com/market/real-estate/apt/11440||창전동|서강예가,true,true,false,1,db-dependent,,KEEP_APT_NOINDEX_POLICY,
https://www.finmaphub.com/en/market/real-estate/apt/11710||풍납동|한강극동,en,real-estate-apt-detail,NOINDEX,실패함,EXPECTED_NOINDEX,true,200_IF_DB_ROW_EXISTS,"noindex,follow + X-Robots-Tag",https://www.finmaphub.com/en/market/real-estate/apt/11710||풍납동|한강극동,true,true,false,1,db-dependent,,KEEP_APT_NOINDEX_POLICY,
https://www.finmaphub.com/en/market/real-estate/apt/11500||가양동|강변,en,real-estate-apt-detail,NOINDEX,실패함,EXPECTED_NOINDEX,true,200_IF_DB_ROW_EXISTS,"noindex,follow + X-Robots-Tag",https://www.finmaphub.com/en/market/real-estate/apt/11500||가양동|강변,true,true,false,1,db-dependent,,KEEP_APT_NOINDEX_POLICY,
https://www.finmaphub.com/market/real-estate/apt/11440||신정동|서강GS,ko,real-estate-apt-detail,NOINDEX,실패함,EXPECTED_NOINDEX,true,200_IF_DB_ROW_EXISTS,"noindex,follow + X-Robots-Tag",https://www.finmaphub.com/market/real-estate/apt/11440||신정동|서강GS,true,true,false,1,db-dependent,,KEEP_APT_NOINDEX_POLICY,
https://www.finmaphub.com/market/real-estate/apt/11710||문정동|문정가락현대1차,ko,real-estate-apt-detail,NOINDEX,실패함,EXPECTED_NOINDEX,true,200_IF_DB_ROW_EXISTS,"noindex,follow + X-Robots-Tag",https://www.finmaphub.com/market/real-estate/apt/11710||문정동|문정가락현대1차,true,true,false,1,db-dependent,,KEEP_APT_NOINDEX_POLICY,
https://www.finmaphub.com/en/market/real-estate/apt/11680||삼성동|아이파크,en,real-estate-apt-detail,NOINDEX,실패함,EXPECTED_NOINDEX,true,200_IF_DB_ROW_EXISTS,"noindex,follow + X-Robots-Tag",https://www.finmaphub.com/en/market/real-estate/apt/11680||삼성동|아이파크,true,true,false,1,db-dependent,,KEEP_APT_NOINDEX_POLICY,
https://www.finmaphub.com/en/market/real-estate/apt/11680||압구정동|현대8차(성수현대:91~95동),en,real-estate-apt-detail,NOINDEX,실패함,EXPECTED_NOINDEX,true,200_IF_DB_ROW_EXISTS,"noindex,follow + X-Robots-Tag",https://www.finmaphub.com/en/market/real-estate/apt/11680||압구정동|현대8차(성수현대:91~95동),true,true,false,1,db-dependent,,KEEP_APT_NOINDEX_POLICY,
https://www.finmaphub.com/en/market/real-estate/apt/11440||아현동|마포래미안푸르지오1단지,en,real-estate-apt-detail,NOINDEX,실패함,EXPECTED_NOINDEX,true,200_IF_DB_ROW_EXISTS,"noindex,follow + X-Robots-Tag",https://www.finmaphub.com/en/market/real-estate/apt/11440||아현동|마포래미안푸르지오1단지,true,true,false,1,db-dependent,,KEEP_APT_NOINDEX_POLICY,
https://www.finmaphub.com/market/real-estate/apt/11440||창전동|창전래미안,ko,real-estate-apt-detail,NOINDEX,실패함,EXPECTED_NOINDEX,true,200_IF_DB_ROW_EXISTS,"noindex,follow + X-Robots-Tag",https://www.finmaphub.com/market/real-estate/apt/11440||창전동|창전래미안,true,true,false,1,db-dependent,,KEEP_APT_NOINDEX_POLICY,
https://www.finmaphub.com/en/market/real-estate/apt/11710||거여동|거여2단지효성아파트,en,real-estate-apt-detail,NOINDEX,실패함,EXPECTED_NOINDEX,true,200_IF_DB_ROW_EXISTS,"noindex,follow + X-Robots-Tag",https://www.finmaphub.com/en/market/real-estate/apt/11710||거여동|거여2단지효성아파트,true,true,false,1,db-dependent,,KEEP_APT_NOINDEX_POLICY,
https://www.finmaphub.com/en/market/real-estate/apt/11710||마천동|송파파크데일1단지,en,real-estate-apt-detail,NOINDEX,실패함,EXPECTED_NOINDEX,true,200_IF_DB_ROW_EXISTS,"noindex,follow + X-Robots-Tag",https://www.finmaphub.com/en/market/real-estate/apt/11710||마천동|송파파크데일1단지,true,true,false,1,db-dependent,,KEEP_APT_NOINDEX_POLICY,
https://www.finmaphub.com/en/market/real-estate/apt/11170||이촌동|반도,en,real-estate-apt-detail,NOINDEX,실패함,EXPECTED_NOINDEX,true,200_IF_DB_ROW_EXISTS,"noindex,follow + X-Robots-Tag",https://www.finmaphub.com/en/market/real-estate/apt/11170||이촌동|반도,true,true,false,1,db-dependent,,KEEP_APT_NOINDEX_POLICY,
https://www.finmaphub.com/market/real-estate/apt/11710||삼전동|현대1,ko,real-estate-apt-detail,NOINDEX,실패함,EXPECTED_NOINDEX,true,200_IF_DB_ROW_EXISTS,"noindex,follow + X-Robots-Tag",https://www.finmaphub.com/market/real-estate/apt/11710||삼전동|현대1,true,true,false,1,db-dependent,,KEEP_APT_NOINDEX_POLICY,
https://www.finmaphub.com/market/real-estate/apt/11710||신천동|장미2,ko,real-estate-apt-detail,NOINDEX,실패함,EXPECTED_NOINDEX,true,200_IF_DB_ROW_EXISTS,"noindex,follow + X-Robots-Tag",https://www.finmaphub.com/market/real-estate/apt/11710||신천동|장미2,true,true,false,1,db-dependent,,KEEP_APT_NOINDEX_POLICY,
https://www.finmaphub.com/market/real-estate/apt/11440||공덕동|공덕SK리더스뷰,ko,real-estate-apt-detail,NOINDEX,실패함,EXPECTED_NOINDEX,true,200_IF_DB_ROW_EXISTS,"noindex,follow + X-Robots-Tag",https://www.finmaphub.com/market/real-estate/apt/11440||공덕동|공덕SK리더스뷰,true,true,false,1,db-dependent,,KEEP_APT_NOINDEX_POLICY,
https://www.finmaphub.com/en/market/real-estate/apt/11710||방이동|올림픽파크리움,en,real-estate-apt-detail,NOINDEX,실패함,EXPECTED_NOINDEX,true,200_IF_DB_ROW_EXISTS,"noindex,follow + X-Robots-Tag",https://www.finmaphub.com/en/market/real-estate/apt/11710||방이동|올림픽파크리움,true,true,false,1,db-dependent,,KEEP_APT_NOINDEX_POLICY,
https://www.finmaphub.com/en/market/real-estate/apt/11500||등촌동|서광등촌마을아파트,en,real-estate-apt-detail,NOINDEX,실패함,EXPECTED_NOINDEX,true,200_IF_DB_ROW_EXISTS,"noindex,follow + X-Robots-Tag",https://www.finmaphub.com/en/market/real-estate/apt/11500||등촌동|서광등촌마을아파트,true,true,false,1,db-dependent,,KEEP_APT_NOINDEX_POLICY,
https://www.finmaphub.com/market/real-estate/apt/11500||방화동|방신서광,ko,real-estate-apt-detail,NOINDEX,실패함,EXPECTED_NOINDEX,true,200_IF_DB_ROW_EXISTS,"noindex,follow + X-Robots-Tag",https://www.finmaphub.com/market/real-estate/apt/11500||방화동|방신서광,true,true,false,1,db-dependent,,KEEP_APT_NOINDEX_POLICY,
https://www.finmaphub.com/en/market/real-estate/apt/11710||가락동|삼환,en,real-estate-apt-detail,NOINDEX,실패함,EXPECTED_NOINDEX,true,200_IF_DB_ROW_EXISTS,"noindex,follow + X-Robots-Tag",https://www.finmaphub.com/en/market/real-estate/apt/11710||가락동|삼환,true,true,false,1,db-dependent,,KEEP_APT_NOINDEX_POLICY,
https://www.finmaphub.com/en/market/real-estate/apt/11650||방배동|현대멤피스,en,real-estate-apt-detail,NOINDEX,실패함,EXPECTED_NOINDEX,true,200_IF_DB_ROW_EXISTS,"noindex,follow + X-Robots-Tag",https://www.finmaphub.com/en/market/real-estate/apt/11650||방배동|현대멤피스,true,true,false,1,db-dependent,,KEEP_APT_NOINDEX_POLICY,
https://www.finmaphub.com/en/market/real-estate/apt/11680||도곡동|타워팰리스3,en,real-estate-apt-detail,NOINDEX,실패함,EXPECTED_NOINDEX,true,200_IF_DB_ROW_EXISTS,"noindex,follow + X-Robots-Tag",https://www.finmaphub.com/en/market/real-estate/apt/11680||도곡동|타워팰리스3,true,true,false,1,db-dependent,,KEEP_APT_NOINDEX_POLICY,
https://www.finmaphub.com/en/market/real-estate/apt/11500||내발산동|내발산우신웨스트빌,en,real-estate-apt-detail,NOINDEX,실패함,EXPECTED_NOINDEX,true,200_IF_DB_ROW_EXISTS,"noindex,follow + X-Robots-Tag",https://www.finmaphub.com/en/market/real-estate/apt/11500||내발산동|내발산우신웨스트빌,true,true,false,1,db-dependent,,KEEP_APT_NOINDEX_POLICY,
https://www.finmaphub.com/market/real-estate/apt/11500||가양동|강변,ko,real-estate-apt-detail,NOINDEX,실패함,EXPECTED_NOINDEX,true,200_IF_DB_ROW_EXISTS,"noindex,follow + X-Robots-Tag",https://www.finmaphub.com/market/real-estate/apt/11500||가양동|강변,true,true,false,1,db-dependent,,KEEP_APT_NOINDEX_POLICY,
https://www.finmaphub.com/en/market/real-estate/apt/11170||산천동|리버힐삼성,en,real-estate-apt-detail,NOINDEX,실패함,EXPECTED_NOINDEX,true,200_IF_DB_ROW_EXISTS,"noindex,follow + X-Robots-Tag",https://www.finmaphub.com/en/market/real-estate/apt/11170||산천동|리버힐삼성,true,true,false,1,db-dependent,,KEEP_APT_NOINDEX_POLICY,
https://www.finmaphub.com/en/market/real-estate/apt/11650||반포동|디에이치반포라클라스,en,real-estate-apt-detail,NOINDEX,실패함,EXPECTED_NOINDEX,true,200_IF_DB_ROW_EXISTS,"noindex,follow + X-Robots-Tag",https://www.finmaphub.com/en/market/real-estate/apt/11650||반포동|디에이치반포라클라스,true,true,false,1,db-dependent,,KEEP_APT_NOINDEX_POLICY,
https://www.finmaphub.com/en/market/real-estate/apt/11650||서초동|서초자이,en,real-estate-apt-detail,NOINDEX,실패함,EXPECTED_NOINDEX,true,200_IF_DB_ROW_EXISTS,"noindex,follow + X-Robots-Tag",https://www.finmaphub.com/en/market/real-estate/apt/11650||서초동|서초자이,true,true,false,1,db-dependent,,KEEP_APT_NOINDEX_POLICY,
https://www.finmaphub.com/en/market/real-estate/apt/11500||등촌동|주공10,en,real-estate-apt-detail,NOINDEX,실패함,EXPECTED_NOINDEX,true,200_IF_DB_ROW_EXISTS,"noindex,follow + X-Robots-Tag",https://www.finmaphub.com/en/market/real-estate/apt/11500||등촌동|주공10,true,true,false,1,db-dependent,,KEEP_APT_NOINDEX_POLICY,
https://www.finmaphub.com/market/real-estate/apt/11500||마곡동|길훈,ko,real-estate-apt-detail,NOINDEX,실패함,EXPECTED_NOINDEX,true,200_IF_DB_ROW_EXISTS,"noindex,follow + X-Robots-Tag",https://www.finmaphub.com/market/real-estate/apt/11500||마곡동|길훈,true,true,false,1,db-dependent,,KEEP_APT_NOINDEX_POLICY,
https://www.finmaphub.com/en/market/real-estate/apt/11440||상암동|상암월드컵파크4단지,en,real-estate-apt-detail,NOINDEX,실패함,EXPECTED_NOINDEX,true,200_IF_DB_ROW_EXISTS,"noindex,follow + X-Robots-Tag",https://www.finmaphub.com/en/market/real-estate/apt/11440||상암동|상암월드컵파크4단지,true,true,false,1,db-dependent,,KEEP_APT_NOINDEX_POLICY,
https://www.finmaphub.com/en/market/real-estate/apt/11320||창동|창동주공3단지(해등마을),en,real-estate-apt-detail,NOINDEX,실패함,EXPECTED_NOINDEX,true,200_IF_DB_ROW_EXISTS,"noindex,follow + X-Robots-Tag",https://www.finmaphub.com/en/market/real-estate/apt/11320||창동|창동주공3단지(해등마을),true,true,false,1,db-dependent,,KEEP_APT_NOINDEX_POLICY,
https://www.finmaphub.com/market/real-estate/apt/11680||삼성동|아이파크,ko,real-estate-apt-detail,NOINDEX,실패함,EXPECTED_NOINDEX,true,200_IF_DB_ROW_EXISTS,"noindex,follow + X-Robots-Tag",https://www.finmaphub.com/market/real-estate/apt/11680||삼성동|아이파크,true,true,false,1,db-dependent,,KEEP_APT_NOINDEX_POLICY,
https://www.finmaphub.com/market/real-estate/apt/11650||방배동|방배신삼호,ko,real-estate-apt-detail,NOINDEX,실패함,EXPECTED_NOINDEX,true,200_IF_DB_ROW_EXISTS,"noindex,follow + X-Robots-Tag",https://www.finmaphub.com/market/real-estate/apt/11650||방배동|방배신삼호,true,true,false,1,db-dependent,,KEEP_APT_NOINDEX_POLICY,
https://www.finmaphub.com/en/market/real-estate/apt/11170||이촌동|한강동부,en,real-estate-apt-detail,NOINDEX,실패함,EXPECTED_NOINDEX,true,200_IF_DB_ROW_EXISTS,"noindex,follow + X-Robots-Tag",https://www.finmaphub.com/en/market/real-estate/apt/11170||이촌동|한강동부,true,true,false,1,db-dependent,,KEEP_APT_NOINDEX_POLICY,
https://www.finmaphub.com/en/market/real-estate/apt/11710||마천동|금호어울림,en,real-estate-apt-detail,NOINDEX,실패함,EXPECTED_NOINDEX,true,200_IF_DB_ROW_EXISTS,"noindex,follow + X-Robots-Tag",https://www.finmaphub.com/en/market/real-estate/apt/11710||마천동|금호어울림,true,true,false,1,db-dependent,,KEEP_APT_NOINDEX_POLICY,
https://www.finmaphub.com/en/market/real-estate/apt/11440||현석동|강변힐스테이트,en,real-estate-apt-detail,NOINDEX,실패함,EXPECTED_NOINDEX,true,200_IF_DB_ROW_EXISTS,"noindex,follow + X-Robots-Tag",https://www.finmaphub.com/en/market/real-estate/apt/11440||현석동|강변힐스테이트,true,true,false,1,db-dependent,,KEEP_APT_NOINDEX_POLICY,
https://www.finmaphub.com/en/market/real-estate/apt/11710||장지동|송파더센트레,en,real-estate-apt-detail,NOINDEX,실패함,EXPECTED_NOINDEX,true,200_IF_DB_ROW_EXISTS,"noindex,follow + X-Robots-Tag",https://www.finmaphub.com/en/market/real-estate/apt/11710||장지동|송파더센트레,true,true,false,1,db-dependent,,KEEP_APT_NOINDEX_POLICY,
https://www.finmaphub.com/en/market/real-estate/apt/11650||반포동|엠브이아파트,en,real-estate-apt-detail,NOINDEX,실패함,EXPECTED_NOINDEX,true,200_IF_DB_ROW_EXISTS,"noindex,follow + X-Robots-Tag",https://www.finmaphub.com/en/market/real-estate/apt/11650||반포동|엠브이아파트,true,true,false,1,db-dependent,,KEEP_APT_NOINDEX_POLICY,
https://www.finmaphub.com/en/market/real-estate/apt/11650||서초동|래미안서초에스티지,en,real-estate-apt-detail,NOINDEX,실패함,EXPECTED_NOINDEX,true,200_IF_DB_ROW_EXISTS,"noindex,follow + X-Robots-Tag",https://www.finmaphub.com/en/market/real-estate/apt/11650||서초동|래미안서초에스티지,true,true,false,1,db-dependent,,KEEP_APT_NOINDEX_POLICY,
https://www.finmaphub.com/en/market/real-estate/apt/11710||문정동|힐스테이트e편한세상문정,en,real-estate-apt-detail,NOINDEX,실패함,EXPECTED_NOINDEX,true,200_IF_DB_ROW_EXISTS,"noindex,follow + X-Robots-Tag",https://www.finmaphub.com/en/market/real-estate/apt/11710||문정동|힐스테이트e편한세상문정,true,true,false,1,db-dependent,,KEEP_APT_NOINDEX_POLICY,
https://www.finmaphub.com/en/market/real-estate/apt/11710||오금동|상아2차아파트,en,real-estate-apt-detail,NOINDEX,실패함,EXPECTED_NOINDEX,true,200_IF_DB_ROW_EXISTS,"noindex,follow + X-Robots-Tag",https://www.finmaphub.com/en/market/real-estate/apt/11710||오금동|상아2차아파트,true,true,false,1,db-dependent,,KEEP_APT_NOINDEX_POLICY,
https://www.finmaphub.com/en/market/real-estate/apt/11710||가락동|강남팰리스,en,real-estate-apt-detail,NOINDEX,실패함,EXPECTED_NOINDEX,true,200_IF_DB_ROW_EXISTS,"noindex,follow + X-Robots-Tag",https://www.finmaphub.com/en/market/real-estate/apt/11710||가락동|강남팰리스,true,true,false,1,db-dependent,,KEEP_APT_NOINDEX_POLICY,
https://www.finmaphub.com/en/market/real-estate/apt/11650||서초동|서초1차e-편한세상,en,real-estate-apt-detail,NOINDEX,실패함,EXPECTED_NOINDEX,true,200_IF_DB_ROW_EXISTS,"noindex,follow + X-Robots-Tag",https://www.finmaphub.com/en/market/real-estate/apt/11650||서초동|서초1차e-편한세상,true,true,false,1,db-dependent,,KEEP_APT_NOINDEX_POLICY,
https://www.finmaphub.com/en/market/real-estate/apt/11710||문정동|현대2,en,real-estate-apt-detail,NOINDEX,실패함,EXPECTED_NOINDEX,true,200_IF_DB_ROW_EXISTS,"noindex,follow + X-Robots-Tag",https://www.finmaphub.com/en/market/real-estate/apt/11710||문정동|현대2,true,true,false,1,db-dependent,,KEEP_APT_NOINDEX_POLICY,
https://www.finmaphub.com/en/market/real-estate/apt/11710||가락동|테라펠리체송파,en,real-estate-apt-detail,NOINDEX,실패함,EXPECTED_NOINDEX,true,200_IF_DB_ROW_EXISTS,"noindex,follow + X-Robots-Tag",https://www.finmaphub.com/en/market/real-estate/apt/11710||가락동|테라펠리체송파,true,true,false,1,db-dependent,,KEEP_APT_NOINDEX_POLICY,
https://www.finmaphub.com/en/market/real-estate/apt/11650||잠원동|동아,en,real-estate-apt-detail,NOINDEX,실패함,EXPECTED_NOINDEX,true,200_IF_DB_ROW_EXISTS,"noindex,follow + X-Robots-Tag",https://www.finmaphub.com/en/market/real-estate/apt/11650||잠원동|동아,true,true,false,1,db-dependent,,KEEP_APT_NOINDEX_POLICY,
https://www.finmaphub.com/en/market/real-estate/apt/11710||문정동|주성파크뷰,en,real-estate-apt-detail,NOINDEX,실패함,EXPECTED_NOINDEX,true,200_IF_DB_ROW_EXISTS,"noindex,follow + X-Robots-Tag",https://www.finmaphub.com/en/market/real-estate/apt/11710||문정동|주성파크뷰,true,true,false,1,db-dependent,,KEEP_APT_NOINDEX_POLICY,
https://www.finmaphub.com/en/market/real-estate/apt/11710||송파동|현대,en,real-estate-apt-detail,NOINDEX,실패함,EXPECTED_NOINDEX,true,200_IF_DB_ROW_EXISTS,"noindex,follow + X-Robots-Tag",https://www.finmaphub.com/en/market/real-estate/apt/11710||송파동|현대,true,true,false,1,db-dependent,,KEEP_APT_NOINDEX_POLICY,
https://www.finmaphub.com/en/market/real-estate/apt/11710||풍납동|금강캐스빌,en,real-estate-apt-detail,NOINDEX,실패함,EXPECTED_NOINDEX,true,200_IF_DB_ROW_EXISTS,"noindex,follow + X-Robots-Tag",https://www.finmaphub.com/en/market/real-estate/apt/11710||풍납동|금강캐스빌,true,true,false,1,db-dependent,,KEEP_APT_NOINDEX_POLICY,
https://www.finmaphub.com/en/market/real-estate/apt/11710||오금동|엘리시움아파트,en,real-estate-apt-detail,NOINDEX,실패함,EXPECTED_NOINDEX,true,200_IF_DB_ROW_EXISTS,"noindex,follow + X-Robots-Tag",https://www.finmaphub.com/en/market/real-estate/apt/11710||오금동|엘리시움아파트,true,true,false,1,db-dependent,,KEEP_APT_NOINDEX_POLICY,
https://www.finmaphub.com/en/market/real-estate/apt/11500||등촌동|태영,en,real-estate-apt-detail,NOINDEX,실패함,EXPECTED_NOINDEX,true,200_IF_DB_ROW_EXISTS,"noindex,follow + X-Robots-Tag",https://www.finmaphub.com/en/market/real-estate/apt/11500||등촌동|태영,true,true,false,1,db-dependent,,KEEP_APT_NOINDEX_POLICY,
https://www.finmaphub.com/en/market/real-estate/apt/11650||반포동|래미안원베일리,en,real-estate-apt-detail,NOINDEX,실패함,EXPECTED_NOINDEX,true,200_IF_DB_ROW_EXISTS,"noindex,follow + X-Robots-Tag",https://www.finmaphub.com/en/market/real-estate/apt/11650||반포동|래미안원베일리,true,true,false,1,db-dependent,,KEEP_APT_NOINDEX_POLICY,
https://www.finmaphub.com/en/market/real-estate/apt/11650||방배동|방배우성,en,real-estate-apt-detail,NOINDEX,실패함,EXPECTED_NOINDEX,true,200_IF_DB_ROW_EXISTS,"noindex,follow + X-Robots-Tag",https://www.finmaphub.com/en/market/real-estate/apt/11650||방배동|방배우성,true,true,false,1,db-dependent,,KEEP_APT_NOINDEX_POLICY,
https://www.finmaphub.com/en/market/real-estate/apt/11140||신당동|남산FORESTHOUSE,en,real-estate-apt-detail,NOINDEX,실패함,EXPECTED_NOINDEX,true,200_IF_DB_ROW_EXISTS,"noindex,follow + X-Robots-Tag",https://www.finmaphub.com/en/market/real-estate/apt/11140||신당동|남산FORESTHOUSE,true,true,false,1,db-dependent,,KEEP_APT_NOINDEX_POLICY,
https://www.finmaphub.com/en/market/real-estate/apt/11680||삼성동|삼성동힐스테이트 1단지,en,real-estate-apt-detail,NOINDEX,실패함,EXPECTED_NOINDEX,true,200_IF_DB_ROW_EXISTS,"noindex,follow + X-Robots-Tag",https://www.finmaphub.com/en/market/real-estate/apt/11680||삼성동|삼성동힐스테이트 1단지,true,true,false,1,db-dependent,,KEEP_APT_NOINDEX_POLICY,
https://www.finmaphub.com/en/market/real-estate/apt/11170||이촌동|현대맨숀,en,real-estate-apt-detail,NOINDEX,실패함,EXPECTED_NOINDEX,true,200_IF_DB_ROW_EXISTS,"noindex,follow + X-Robots-Tag",https://www.finmaphub.com/en/market/real-estate/apt/11170||이촌동|현대맨숀,true,true,false,1,db-dependent,,KEEP_APT_NOINDEX_POLICY,
https://www.finmaphub.com/en/market/real-estate/apt/11710||송파동|호수임광,en,real-estate-apt-detail,NOINDEX,실패함,EXPECTED_NOINDEX,true,200_IF_DB_ROW_EXISTS,"noindex,follow + X-Robots-Tag",https://www.finmaphub.com/en/market/real-estate/apt/11710||송파동|호수임광,true,true,false,1,db-dependent,,KEEP_APT_NOINDEX_POLICY,
https://www.finmaphub.com/en/market/real-estate/apt/11710||풍납동|이트리움송파(281-4),en,real-estate-apt-detail,NOINDEX,실패함,EXPECTED_NOINDEX,true,200_IF_DB_ROW_EXISTS,"noindex,follow + X-Robots-Tag",https://www.finmaphub.com/en/market/real-estate/apt/11710||풍납동|이트리움송파(281-4),true,true,false,1,db-dependent,,KEEP_APT_NOINDEX_POLICY,
https://www.finmaphub.com/en/market/real-estate/apt/11710||풍납동|토성현대,en,real-estate-apt-detail,NOINDEX,실패함,EXPECTED_NOINDEX,true,200_IF_DB_ROW_EXISTS,"noindex,follow + X-Robots-Tag",https://www.finmaphub.com/en/market/real-estate/apt/11710||풍납동|토성현대,true,true,false,1,db-dependent,,KEEP_APT_NOINDEX_POLICY,
https://www.finmaphub.com/en/market/real-estate/apt/11710||송파동|호수,en,real-estate-apt-detail,NOINDEX,실패함,EXPECTED_NOINDEX,true,200_IF_DB_ROW_EXISTS,"noindex,follow + X-Robots-Tag",https://www.finmaphub.com/en/market/real-estate/apt/11710||송파동|호수,true,true,false,1,db-dependent,,KEEP_APT_NOINDEX_POLICY,
https://www.finmaphub.com/en/market/real-estate/apt/11710||거여동|쌍용스윗닷홈2차,en,real-estate-apt-detail,NOINDEX,실패함,EXPECTED_NOINDEX,true,200_IF_DB_ROW_EXISTS,"noindex,follow + X-Robots-Tag",https://www.finmaphub.com/en/market/real-estate/apt/11710||거여동|쌍용스윗닷홈2차,true,true,false,1,db-dependent,,KEEP_APT_NOINDEX_POLICY,
https://www.finmaphub.com/en/market/real-estate/apt/11710||가락동|대림,en,real-estate-apt-detail,NOINDEX,실패함,EXPECTED_NOINDEX,true,200_IF_DB_ROW_EXISTS,"noindex,follow + X-Robots-Tag",https://www.finmaphub.com/en/market/real-estate/apt/11710||가락동|대림,true,true,false,1,db-dependent,,KEEP_APT_NOINDEX_POLICY,
https://www.finmaphub.com/en/market/real-estate/apt/11500||방화동|마곡 한진해모로,en,real-estate-apt-detail,NOINDEX,실패함,EXPECTED_NOINDEX,true,200_IF_DB_ROW_EXISTS,"noindex,follow + X-Robots-Tag",https://www.finmaphub.com/en/market/real-estate/apt/11500||방화동|마곡 한진해모로,true,true,false,1,db-dependent,,KEEP_APT_NOINDEX_POLICY,
https://www.finmaphub.com/en/market/real-estate/apt/11500||방화동|신마곡벽산블루밍,en,real-estate-apt-detail,NOINDEX,실패함,EXPECTED_NOINDEX,true,200_IF_DB_ROW_EXISTS,"noindex,follow + X-Robots-Tag",https://www.finmaphub.com/en/market/real-estate/apt/11500||방화동|신마곡벽산블루밍,true,true,false,1,db-dependent,,KEEP_APT_NOINDEX_POLICY,
https://www.finmaphub.com/market/real-estate/apt/11680||신사동|신성아파트101동,ko,real-estate-apt-detail,NOINDEX,실패함,EXPECTED_NOINDEX,true,200_IF_DB_ROW_EXISTS,"noindex,follow + X-Robots-Tag",https://www.finmaphub.com/market/real-estate/apt/11680||신사동|신성아파트101동,true,true,false,1,db-dependent,,KEEP_APT_NOINDEX_POLICY,
https://www.finmaphub.com/market/real-estate/apt/11650||반포동|래미안원베일리,ko,real-estate-apt-detail,NOINDEX,실패함,EXPECTED_NOINDEX,true,200_IF_DB_ROW_EXISTS,"noindex,follow + X-Robots-Tag",https://www.finmaphub.com/market/real-estate/apt/11650||반포동|래미안원베일리,true,true,false,1,db-dependent,,KEEP_APT_NOINDEX_POLICY,
https://www.finmaphub.com/en/market/real-estate/apt/41130|중원구|상대원동|선경2차,en,real-estate-apt-detail,NOINDEX,실패함,EXPECTED_NOINDEX,true,200_IF_DB_ROW_EXISTS,"noindex,follow + X-Robots-Tag",https://www.finmaphub.com/en/market/real-estate/apt/41130|중원구|상대원동|선경2차,true,true,false,1,db-dependent,,KEEP_APT_NOINDEX_POLICY,
https://www.finmaphub.com/en/market/real-estate/apt/11710||가락동|신한에스빌-미지엔,en,real-estate-apt-detail,NOINDEX,실패함,EXPECTED_NOINDEX,true,200_IF_DB_ROW_EXISTS,"noindex,follow + X-Robots-Tag",https://www.finmaphub.com/en/market/real-estate/apt/11710||가락동|신한에스빌-미지엔,true,true,false,1,db-dependent,,KEEP_APT_NOINDEX_POLICY,
https://www.finmaphub.com/en/market/real-estate/apt/11470||신정동|삼성쉐르빌,en,real-estate-apt-detail,NOINDEX,실패함,EXPECTED_NOINDEX,true,200_IF_DB_ROW_EXISTS,"noindex,follow + X-Robots-Tag",https://www.finmaphub.com/en/market/real-estate/apt/11470||신정동|삼성쉐르빌,true,true,false,1,db-dependent,,KEEP_APT_NOINDEX_POLICY,
https://www.finmaphub.com/en/market/real-estate/apt/11710||삼전동|에이메스더리버송파,en,real-estate-apt-detail,NOINDEX,실패함,EXPECTED_NOINDEX,true,200_IF_DB_ROW_EXISTS,"noindex,follow + X-Robots-Tag",https://www.finmaphub.com/en/market/real-estate/apt/11710||삼전동|에이메스더리버송파,true,true,false,1,db-dependent,,KEEP_APT_NOINDEX_POLICY,
https://www.finmaphub.com/en/market/real-estate/apt/11650||잠원동|래미안신반포팰리스,en,real-estate-apt-detail,NOINDEX,실패함,EXPECTED_NOINDEX,true,200_IF_DB_ROW_EXISTS,"noindex,follow + X-Robots-Tag",https://www.finmaphub.com/en/market/real-estate/apt/11650||잠원동|래미안신반포팰리스,true,true,false,1,db-dependent,,KEEP_APT_NOINDEX_POLICY,
https://www.finmaphub.com/en/market/real-estate/apt/11710||거여동|거여5단지,en,real-estate-apt-detail,NOINDEX,실패함,EXPECTED_NOINDEX,true,200_IF_DB_ROW_EXISTS,"noindex,follow + X-Robots-Tag",https://www.finmaphub.com/en/market/real-estate/apt/11710||거여동|거여5단지,true,true,false,1,db-dependent,,KEEP_APT_NOINDEX_POLICY,
https://www.finmaphub.com/en/market/real-estate/apt/11710||방이동|광명아파트,en,real-estate-apt-detail,NOINDEX,실패함,EXPECTED_NOINDEX,true,200_IF_DB_ROW_EXISTS,"noindex,follow + X-Robots-Tag",https://www.finmaphub.com/en/market/real-estate/apt/11710||방이동|광명아파트,true,true,false,1,db-dependent,,KEEP_APT_NOINDEX_POLICY,
https://www.finmaphub.com/en/market/real-estate/apt/11650||반포동|반포에스케이뷰,en,real-estate-apt-detail,NOINDEX,실패함,EXPECTED_NOINDEX,true,200_IF_DB_ROW_EXISTS,"noindex,follow + X-Robots-Tag",https://www.finmaphub.com/en/market/real-estate/apt/11650||반포동|반포에스케이뷰,true,true,false,1,db-dependent,,KEEP_APT_NOINDEX_POLICY,
https://www.finmaphub.com/en/market/real-estate/apt/11170||이촌동|빌라맨션,en,real-estate-apt-detail,NOINDEX,실패함,EXPECTED_NOINDEX,true,200_IF_DB_ROW_EXISTS,"noindex,follow + X-Robots-Tag",https://www.finmaphub.com/en/market/real-estate/apt/11170||이촌동|빌라맨션,true,true,false,1,db-dependent,,KEEP_APT_NOINDEX_POLICY,
https://www.finmaphub.com/en/market/real-estate/apt/11650||서초동|서초5차e편한세상,en,real-estate-apt-detail,NOINDEX,실패함,EXPECTED_NOINDEX,true,200_IF_DB_ROW_EXISTS,"noindex,follow + X-Robots-Tag",https://www.finmaphub.com/en/market/real-estate/apt/11650||서초동|서초5차e편한세상,true,true,false,1,db-dependent,,KEEP_APT_NOINDEX_POLICY,
https://www.finmaphub.com/market/real-estate/apt/11710||잠실동|우성아파트,ko,real-estate-apt-detail,NOINDEX,실패함,EXPECTED_NOINDEX,true,200_IF_DB_ROW_EXISTS,"noindex,follow + X-Robots-Tag",https://www.finmaphub.com/market/real-estate/apt/11710||잠실동|우성아파트,true,true,false,1,db-dependent,,KEEP_APT_NOINDEX_POLICY,
https://www.finmaphub.com/en/market/real-estate/apt/11650||방배동|서리풀e편한세상,en,real-estate-apt-detail,NOINDEX,실패함,EXPECTED_NOINDEX,true,200_IF_DB_ROW_EXISTS,"noindex,follow + X-Robots-Tag",https://www.finmaphub.com/en/market/real-estate/apt/11650||방배동|서리풀e편한세상,true,true,false,1,db-dependent,,KEEP_APT_NOINDEX_POLICY,
https://www.finmaphub.com/market/real-estate/apt/11710||석촌동|현대(201),ko,real-estate-apt-detail,NOINDEX,실패함,EXPECTED_NOINDEX,true,200_IF_DB_ROW_EXISTS,"noindex,follow + X-Robots-Tag",https://www.finmaphub.com/market/real-estate/apt/11710||석촌동|현대(201),true,true,false,1,db-dependent,,KEEP_APT_NOINDEX_POLICY,
https://www.finmaphub.com/en/market/real-estate/apt/11500||마곡동|길훈,en,real-estate-apt-detail,NOINDEX,실패함,EXPECTED_NOINDEX,true,200_IF_DB_ROW_EXISTS,"noindex,follow + X-Robots-Tag",https://www.finmaphub.com/en/market/real-estate/apt/11500||마곡동|길훈,true,true,false,1,db-dependent,,KEEP_APT_NOINDEX_POLICY,
https://www.finmaphub.com/en/market/real-estate/apt/11650||방배동|방배래미안타워,en,real-estate-apt-detail,NOINDEX,실패함,EXPECTED_NOINDEX,true,200_IF_DB_ROW_EXISTS,"noindex,follow + X-Robots-Tag",https://www.finmaphub.com/en/market/real-estate/apt/11650||방배동|방배래미안타워,true,true,false,1,db-dependent,,KEEP_APT_NOINDEX_POLICY,
https://www.finmaphub.com/en/market/real-estate/apt/11710||가락동|동궁리치웰(102동),en,real-estate-apt-detail,NOINDEX,실패함,EXPECTED_NOINDEX,true,200_IF_DB_ROW_EXISTS,"noindex,follow + X-Robots-Tag",https://www.finmaphub.com/en/market/real-estate/apt/11710||가락동|동궁리치웰(102동),true,true,false,1,db-dependent,,KEEP_APT_NOINDEX_POLICY,
https://www.finmaphub.com/en/market/real-estate/apt/11710||석촌동|로쟌뷰,en,real-estate-apt-detail,NOINDEX,실패함,EXPECTED_NOINDEX,true,200_IF_DB_ROW_EXISTS,"noindex,follow + X-Robots-Tag",https://www.finmaphub.com/en/market/real-estate/apt/11710||석촌동|로쟌뷰,true,true,false,1,db-dependent,,KEEP_APT_NOINDEX_POLICY,
https://www.finmaphub.com/en/market/real-estate/apt/11560||여의도동|공작,en,real-estate-apt-detail,NOINDEX,실패함,EXPECTED_NOINDEX,true,200_IF_DB_ROW_EXISTS,"noindex,follow + X-Robots-Tag",https://www.finmaphub.com/en/market/real-estate/apt/11560||여의도동|공작,true,true,false,1,db-dependent,,KEEP_APT_NOINDEX_POLICY,
"https://www.finmaphub.com/market/real-estate/apt/11500||화곡동|우장산아이파크,이편한세상",ko,real-estate-apt-detail,NOINDEX,실패함,EXPECTED_NOINDEX,true,200_IF_DB_ROW_EXISTS,"noindex,follow + X-Robots-Tag","https://www.finmaphub.com/market/real-estate/apt/11500||화곡동|우장산아이파크,이편한세상",true,true,false,1,db-dependent,,KEEP_APT_NOINDEX_POLICY,
https://www.finmaphub.com/en/market/real-estate/apt/11710||풍납동|현대리버빌2지구,en,real-estate-apt-detail,NOINDEX,실패함,EXPECTED_NOINDEX,true,200_IF_DB_ROW_EXISTS,"noindex,follow + X-Robots-Tag",https://www.finmaphub.com/en/market/real-estate/apt/11710||풍납동|현대리버빌2지구,true,true,false,1,db-dependent,,KEEP_APT_NOINDEX_POLICY,
https://www.finmaphub.com/en/market/real-estate/apt/11650||방배동|방배그랑자이,en,real-estate-apt-detail,NOINDEX,실패함,EXPECTED_NOINDEX,true,200_IF_DB_ROW_EXISTS,"noindex,follow + X-Robots-Tag",https://www.finmaphub.com/en/market/real-estate/apt/11650||방배동|방배그랑자이,true,true,false,1,db-dependent,,KEEP_APT_NOINDEX_POLICY,
https://www.finmaphub.com/en/market/real-estate/apt/11710||방이동|올림픽카운티,en,real-estate-apt-detail,NOINDEX,실패함,EXPECTED_NOINDEX,true,200_IF_DB_ROW_EXISTS,"noindex,follow + X-Robots-Tag",https://www.finmaphub.com/en/market/real-estate/apt/11710||방이동|올림픽카운티,true,true,false,1,db-dependent,,KEEP_APT_NOINDEX_POLICY,
https://www.finmaphub.com/market/real-estate/apt/11530||개봉동|현대,ko,real-estate-apt-detail,NOINDEX,실패함,EXPECTED_NOINDEX,true,200_IF_DB_ROW_EXISTS,"noindex,follow + X-Robots-Tag",https://www.finmaphub.com/market/real-estate/apt/11530||개봉동|현대,true,true,false,1,db-dependent,,KEEP_APT_NOINDEX_POLICY,
https://www.finmaphub.com/en/market/real-estate/apt/11560||여의도동|광장,en,real-estate-apt-detail,NOINDEX,실패함,EXPECTED_NOINDEX,true,200_IF_DB_ROW_EXISTS,"noindex,follow + X-Robots-Tag",https://www.finmaphub.com/en/market/real-estate/apt/11560||여의도동|광장,true,true,false,1,db-dependent,,KEEP_APT_NOINDEX_POLICY,
https://www.finmaphub.com/en/market/real-estate/apt/11710||가락동|두산위브,en,real-estate-apt-detail,NOINDEX,실패함,EXPECTED_NOINDEX,true,200_IF_DB_ROW_EXISTS,"noindex,follow + X-Robots-Tag",https://www.finmaphub.com/en/market/real-estate/apt/11710||가락동|두산위브,true,true,false,1,db-dependent,,KEEP_APT_NOINDEX_POLICY,
https://www.finmaphub.com/en/market/real-estate/apt/11650||잠원동|반포센트럴자이,en,real-estate-apt-detail,NOINDEX,실패함,EXPECTED_NOINDEX,true,200_IF_DB_ROW_EXISTS,"noindex,follow + X-Robots-Tag",https://www.finmaphub.com/en/market/real-estate/apt/11650||잠원동|반포센트럴자이,true,true,false,1,db-dependent,,KEEP_APT_NOINDEX_POLICY,
https://www.finmaphub.com/en/market/real-estate/apt/11740||고덕동|고덕그라시움,en,real-estate-apt-detail,NOINDEX,실패함,EXPECTED_NOINDEX,true,200_IF_DB_ROW_EXISTS,"noindex,follow + X-Robots-Tag",https://www.finmaphub.com/en/market/real-estate/apt/11740||고덕동|고덕그라시움,true,true,false,1,db-dependent,,KEEP_APT_NOINDEX_POLICY,
https://www.finmaphub.com/en/market/real-estate/apt/11710||삼전동|현대1,en,real-estate-apt-detail,NOINDEX,실패함,EXPECTED_NOINDEX,true,200_IF_DB_ROW_EXISTS,"noindex,follow + X-Robots-Tag",https://www.finmaphub.com/en/market/real-estate/apt/11710||삼전동|현대1,true,true,false,1,db-dependent,,KEEP_APT_NOINDEX_POLICY,
https://www.finmaphub.com/en/market/real-estate/apt/11500||염창동|극동상록수,en,real-estate-apt-detail,NOINDEX,실패함,EXPECTED_NOINDEX,true,200_IF_DB_ROW_EXISTS,"noindex,follow + X-Robots-Tag",https://www.finmaphub.com/en/market/real-estate/apt/11500||염창동|극동상록수,true,true,false,1,db-dependent,,KEEP_APT_NOINDEX_POLICY,
https://www.finmaphub.com/en/market/real-estate/apt/11500||방화동|개화산경남아너스빌,en,real-estate-apt-detail,NOINDEX,실패함,EXPECTED_NOINDEX,true,200_IF_DB_ROW_EXISTS,"noindex,follow + X-Robots-Tag",https://www.finmaphub.com/en/market/real-estate/apt/11500||방화동|개화산경남아너스빌,true,true,false,1,db-dependent,,KEEP_APT_NOINDEX_POLICY,
https://www.finmaphub.com/en/market/real-estate/apt/11500||마곡동|마곡청구아파트,en,real-estate-apt-detail,NOINDEX,실패함,EXPECTED_NOINDEX,true,200_IF_DB_ROW_EXISTS,"noindex,follow + X-Robots-Tag",https://www.finmaphub.com/en/market/real-estate/apt/11500||마곡동|마곡청구아파트,true,true,false,1,db-dependent,,KEEP_APT_NOINDEX_POLICY,
https://www.finmaphub.com/en/market/real-estate/apt/11710||오금동|혜성공원(101동),en,real-estate-apt-detail,NOINDEX,실패함,EXPECTED_NOINDEX,true,200_IF_DB_ROW_EXISTS,"noindex,follow + X-Robots-Tag",https://www.finmaphub.com/en/market/real-estate/apt/11710||오금동|혜성공원(101동),true,true,false,1,db-dependent,,KEEP_APT_NOINDEX_POLICY,
https://www.finmaphub.com/en/market/real-estate/apt/11200||성수동1가|쌍용,en,real-estate-apt-detail,NOINDEX,실패함,EXPECTED_NOINDEX,true,200_IF_DB_ROW_EXISTS,"noindex,follow + X-Robots-Tag",https://www.finmaphub.com/en/market/real-estate/apt/11200||성수동1가|쌍용,true,true,false,1,db-dependent,,KEEP_APT_NOINDEX_POLICY,
https://www.finmaphub.com/en/market/real-estate/apt/11200||하왕십리동|왕십리풍림아이원,en,real-estate-apt-detail,NOINDEX,실패함,EXPECTED_NOINDEX,true,200_IF_DB_ROW_EXISTS,"noindex,follow + X-Robots-Tag",https://www.finmaphub.com/en/market/real-estate/apt/11200||하왕십리동|왕십리풍림아이원,true,true,false,1,db-dependent,,KEEP_APT_NOINDEX_POLICY,
https://www.finmaphub.com/en/market/real-estate/apt/11710||문정동|대림미소나눔,en,real-estate-apt-detail,NOINDEX,실패함,EXPECTED_NOINDEX,true,200_IF_DB_ROW_EXISTS,"noindex,follow + X-Robots-Tag",https://www.finmaphub.com/en/market/real-estate/apt/11710||문정동|대림미소나눔,true,true,false,1,db-dependent,,KEEP_APT_NOINDEX_POLICY,
https://www.finmaphub.com/en/market/real-estate/apt/11680||삼성동|현대힐스테이트2단지,en,real-estate-apt-detail,NOINDEX,실패함,EXPECTED_NOINDEX,true,200_IF_DB_ROW_EXISTS,"noindex,follow + X-Robots-Tag",https://www.finmaphub.com/en/market/real-estate/apt/11680||삼성동|현대힐스테이트2단지,true,true,false,1,db-dependent,,KEEP_APT_NOINDEX_POLICY,
https://www.finmaphub.com/en/market/real-estate/apt/11680||도곡동|타워팰리스2,en,real-estate-apt-detail,NOINDEX,실패함,EXPECTED_NOINDEX,true,200_IF_DB_ROW_EXISTS,"noindex,follow + X-Robots-Tag",https://www.finmaphub.com/en/market/real-estate/apt/11680||도곡동|타워팰리스2,true,true,false,1,db-dependent,,KEEP_APT_NOINDEX_POLICY,
https://www.finmaphub.com/market/real-estate/apt/11170||한강로3가|센트럴파크,ko,real-estate-apt-detail,NOINDEX,실패함,EXPECTED_NOINDEX,true,200_IF_DB_ROW_EXISTS,"noindex,follow + X-Robots-Tag",https://www.finmaphub.com/market/real-estate/apt/11170||한강로3가|센트럴파크,true,true,false,1,db-dependent,,KEEP_APT_NOINDEX_POLICY,
https://www.finmaphub.com/en/market/real-estate/apt/11215||자양동|더샵스타시티,en,real-estate-apt-detail,NOINDEX,실패함,EXPECTED_NOINDEX,true,200_IF_DB_ROW_EXISTS,"noindex,follow + X-Robots-Tag",https://www.finmaphub.com/en/market/real-estate/apt/11215||자양동|더샵스타시티,true,true,false,1,db-dependent,,KEEP_APT_NOINDEX_POLICY,
https://www.finmaphub.com/market/real-estate/apt/11680||도곡동|타워팰리스1,ko,real-estate-apt-detail,NOINDEX,실패함,EXPECTED_NOINDEX,true,200_IF_DB_ROW_EXISTS,"noindex,follow + X-Robots-Tag",https://www.finmaphub.com/market/real-estate/apt/11680||도곡동|타워팰리스1,true,true,false,1,db-dependent,,KEEP_APT_NOINDEX_POLICY,
https://www.finmaphub.com/market/real-estate/apt/11500||가양동|가양우성,ko,real-estate-apt-detail,NOINDEX,실패함,EXPECTED_NOINDEX,true,200_IF_DB_ROW_EXISTS,"noindex,follow + X-Robots-Tag",https://www.finmaphub.com/market/real-estate/apt/11500||가양동|가양우성,true,true,false,1,db-dependent,,KEEP_APT_NOINDEX_POLICY,
"https://www.finmaphub.com/en/market/real-estate/apt/41110|권선구|권선동|보성,유원",en,real-estate-apt-detail,NOINDEX,실패함,EXPECTED_NOINDEX,true,200_IF_DB_ROW_EXISTS,"noindex,follow + X-Robots-Tag","https://www.finmaphub.com/en/market/real-estate/apt/41110|권선구|권선동|보성,유원",true,true,false,1,db-dependent,,KEEP_APT_NOINDEX_POLICY,
https://www.finmaphub.com/market/real-estate/apt/28110||중산동|영종하늘도시한라비발디,ko,real-estate-apt-detail,NOINDEX,실패함,EXPECTED_NOINDEX,true,200_IF_DB_ROW_EXISTS,"noindex,follow + X-Robots-Tag",https://www.finmaphub.com/market/real-estate/apt/28110||중산동|영종하늘도시한라비발디,true,true,false,1,db-dependent,,KEEP_APT_NOINDEX_POLICY,
https://www.finmaphub.com/market/real-estate/apt/11680||압구정동|현대8차(성수현대:91~95동),ko,real-estate-apt-detail,NOINDEX,실패함,EXPECTED_NOINDEX,true,200_IF_DB_ROW_EXISTS,"noindex,follow + X-Robots-Tag",https://www.finmaphub.com/market/real-estate/apt/11680||압구정동|현대8차(성수현대:91~95동),true,true,false,1,db-dependent,,KEEP_APT_NOINDEX_POLICY,
https://www.finmaphub.com/market/real-estate/apt/11710||가락동|동궁리치웰(102동),ko,real-estate-apt-detail,NOINDEX,실패함,EXPECTED_NOINDEX,true,200_IF_DB_ROW_EXISTS,"noindex,follow + X-Robots-Tag",https://www.finmaphub.com/market/real-estate/apt/11710||가락동|동궁리치웰(102동),true,true,false,1,db-dependent,,KEEP_APT_NOINDEX_POLICY,
https://www.finmaphub.com/market/real-estate/apt/11680||논현동|논현파라곤,ko,real-estate-apt-detail,NOINDEX,실패함,EXPECTED_NOINDEX,true,200_IF_DB_ROW_EXISTS,"noindex,follow + X-Robots-Tag",https://www.finmaphub.com/market/real-estate/apt/11680||논현동|논현파라곤,true,true,false,1,db-dependent,,KEEP_APT_NOINDEX_POLICY,
https://www.finmaphub.com/market/real-estate/apt/11500||방화동|마곡 한진해모로,ko,real-estate-apt-detail,NOINDEX,실패함,EXPECTED_NOINDEX,true,200_IF_DB_ROW_EXISTS,"noindex,follow + X-Robots-Tag",https://www.finmaphub.com/market/real-estate/apt/11500||방화동|마곡 한진해모로,true,true,false,1,db-dependent,,KEEP_APT_NOINDEX_POLICY,
https://www.finmaphub.com/market/real-estate/apt/11710||풍납동|한강극동,ko,real-estate-apt-detail,NOINDEX,실패함,EXPECTED_NOINDEX,true,200_IF_DB_ROW_EXISTS,"noindex,follow + X-Robots-Tag",https://www.finmaphub.com/market/real-estate/apt/11710||풍납동|한강극동,true,true,false,1,db-dependent,,KEEP_APT_NOINDEX_POLICY,
https://www.finmaphub.com/market/real-estate/apt/11140||신당동|남산FORESTHOUSE,ko,real-estate-apt-detail,NOINDEX,실패함,EXPECTED_NOINDEX,true,200_IF_DB_ROW_EXISTS,"noindex,follow + X-Robots-Tag",https://www.finmaphub.com/market/real-estate/apt/11140||신당동|남산FORESTHOUSE,true,true,false,1,db-dependent,,KEEP_APT_NOINDEX_POLICY,
https://www.finmaphub.com/market/real-estate/apt/11200||옥수동|옥수어울림,ko,real-estate-apt-detail,NOINDEX,실패함,EXPECTED_NOINDEX,true,200_IF_DB_ROW_EXISTS,"noindex,follow + X-Robots-Tag",https://www.finmaphub.com/market/real-estate/apt/11200||옥수동|옥수어울림,true,true,false,1,db-dependent,,KEEP_APT_NOINDEX_POLICY,
https://www.finmaphub.com/en/market/real-estate/apt/11440||창전동|서강예가,en,real-estate-apt-detail,NOINDEX,실패함,EXPECTED_NOINDEX,true,200_IF_DB_ROW_EXISTS,"noindex,follow + X-Robots-Tag",https://www.finmaphub.com/en/market/real-estate/apt/11440||창전동|서강예가,true,true,false,1,db-dependent,,KEEP_APT_NOINDEX_POLICY,
https://www.finmaphub.com/market/real-estate/apt/11200||행당동|서울숲더샵,ko,real-estate-apt-detail,NOINDEX,실패함,EXPECTED_NOINDEX,true,200_IF_DB_ROW_EXISTS,"noindex,follow + X-Robots-Tag",https://www.finmaphub.com/market/real-estate/apt/11200||행당동|서울숲더샵,true,true,false,1,db-dependent,,KEEP_APT_NOINDEX_POLICY,
https://www.finmaphub.com/market/real-estate/apt/11680||삼성동|삼성동신영지웰,ko,real-estate-apt-detail,NOINDEX,실패함,EXPECTED_NOINDEX,true,200_IF_DB_ROW_EXISTS,"noindex,follow + X-Robots-Tag",https://www.finmaphub.com/market/real-estate/apt/11680||삼성동|삼성동신영지웰,true,true,false,1,db-dependent,,KEEP_APT_NOINDEX_POLICY,
https://www.finmaphub.com/market/real-estate/apt/11440||아현동|마포센트럴 아이파크,ko,real-estate-apt-detail,NOINDEX,실패함,EXPECTED_NOINDEX,true,200_IF_DB_ROW_EXISTS,"noindex,follow + X-Robots-Tag",https://www.finmaphub.com/market/real-estate/apt/11440||아현동|마포센트럴 아이파크,true,true,false,1,db-dependent,,KEEP_APT_NOINDEX_POLICY,
https://www.finmaphub.com/en/market/real-estate/apt/11500||내발산동|신세계3차101동,en,real-estate-apt-detail,NOINDEX,실패함,EXPECTED_NOINDEX,true,200_IF_DB_ROW_EXISTS,"noindex,follow + X-Robots-Tag",https://www.finmaphub.com/en/market/real-estate/apt/11500||내발산동|신세계3차101동,true,true,false,1,db-dependent,,KEEP_APT_NOINDEX_POLICY,
https://www.finmaphub.com/market/real-estate/apt/11710||가락동|우성,ko,real-estate-apt-detail,NOINDEX,실패함,EXPECTED_NOINDEX,true,200_IF_DB_ROW_EXISTS,"noindex,follow + X-Robots-Tag",https://www.finmaphub.com/market/real-estate/apt/11710||가락동|우성,true,true,false,1,db-dependent,,KEEP_APT_NOINDEX_POLICY,
https://www.finmaphub.com/en/market/real-estate/apt/11170||이촌동|동아그린,en,real-estate-apt-detail,NOINDEX,실패함,EXPECTED_NOINDEX,true,200_IF_DB_ROW_EXISTS,"noindex,follow + X-Robots-Tag",https://www.finmaphub.com/en/market/real-estate/apt/11170||이촌동|동아그린,true,true,false,1,db-dependent,,KEEP_APT_NOINDEX_POLICY,
https://www.finmaphub.com/en/market/real-estate/apt/11500||방화동|마곡센트레빌,en,real-estate-apt-detail,NOINDEX,실패함,EXPECTED_NOINDEX,true,200_IF_DB_ROW_EXISTS,"noindex,follow + X-Robots-Tag",https://www.finmaphub.com/en/market/real-estate/apt/11500||방화동|마곡센트레빌,true,true,false,1,db-dependent,,KEEP_APT_NOINDEX_POLICY,
https://www.finmaphub.com/market/real-estate/apt/11170||산천동|리버힐삼성,ko,real-estate-apt-detail,NOINDEX,실패함,EXPECTED_NOINDEX,true,200_IF_DB_ROW_EXISTS,"noindex,follow + X-Robots-Tag",https://www.finmaphub.com/market/real-estate/apt/11170||산천동|리버힐삼성,true,true,false,1,db-dependent,,KEEP_APT_NOINDEX_POLICY,
https://www.finmaphub.com/market/real-estate/apt/11680||개포동|현대2,ko,real-estate-apt-detail,NOINDEX,실패함,EXPECTED_NOINDEX,true,200_IF_DB_ROW_EXISTS,"noindex,follow + X-Robots-Tag",https://www.finmaphub.com/market/real-estate/apt/11680||개포동|현대2,true,true,false,1,db-dependent,,KEEP_APT_NOINDEX_POLICY,
https://www.finmaphub.com/en/market/real-estate/apt/11200||성수동2가|성수우방2차아파트,en,real-estate-apt-detail,NOINDEX,실패함,EXPECTED_NOINDEX,true,200_IF_DB_ROW_EXISTS,"noindex,follow + X-Robots-Tag",https://www.finmaphub.com/en/market/real-estate/apt/11200||성수동2가|성수우방2차아파트,true,true,false,1,db-dependent,,KEEP_APT_NOINDEX_POLICY,
https://www.finmaphub.com/en/market/real-estate/apt/11200||옥수동|극동,en,real-estate-apt-detail,NOINDEX,실패함,EXPECTED_NOINDEX,true,200_IF_DB_ROW_EXISTS,"noindex,follow + X-Robots-Tag",https://www.finmaphub.com/en/market/real-estate/apt/11200||옥수동|극동,true,true,false,1,db-dependent,,KEEP_APT_NOINDEX_POLICY,
https://www.finmaphub.com/en/market/real-estate/apt/11680||청담동|청담건영,en,real-estate-apt-detail,NOINDEX,실패함,EXPECTED_NOINDEX,true,200_IF_DB_ROW_EXISTS,"noindex,follow + X-Robots-Tag",https://www.finmaphub.com/en/market/real-estate/apt/11680||청담동|청담건영,true,true,false,1,db-dependent,,KEEP_APT_NOINDEX_POLICY,
https://www.finmaphub.com/market/real-estate/apt/11710||장지동|위례2차아이파크,ko,real-estate-apt-detail,NOINDEX,실패함,EXPECTED_NOINDEX,true,200_IF_DB_ROW_EXISTS,"noindex,follow + X-Robots-Tag",https://www.finmaphub.com/market/real-estate/apt/11710||장지동|위례2차아이파크,true,true,false,1,db-dependent,,KEEP_APT_NOINDEX_POLICY,
https://www.finmaphub.com/market/real-estate/apt/11320||창동|북한산아이파크5차,ko,real-estate-apt-detail,NOINDEX,실패함,EXPECTED_NOINDEX,true,200_IF_DB_ROW_EXISTS,"noindex,follow + X-Robots-Tag",https://www.finmaphub.com/market/real-estate/apt/11320||창동|북한산아이파크5차,true,true,false,1,db-dependent,,KEEP_APT_NOINDEX_POLICY,
https://www.finmaphub.com/en/market/real-estate/apt/11680||도곡동|타워팰리스1,en,real-estate-apt-detail,NOINDEX,실패함,EXPECTED_NOINDEX,true,200_IF_DB_ROW_EXISTS,"noindex,follow + X-Robots-Tag",https://www.finmaphub.com/en/market/real-estate/apt/11680||도곡동|타워팰리스1,true,true,false,1,db-dependent,,KEEP_APT_NOINDEX_POLICY,
https://www.finmaphub.com/en/market/real-estate/apt/11170||한남동|리버탑,en,real-estate-apt-detail,NOINDEX,실패함,EXPECTED_NOINDEX,true,200_IF_DB_ROW_EXISTS,"noindex,follow + X-Robots-Tag",https://www.finmaphub.com/en/market/real-estate/apt/11170||한남동|리버탑,true,true,false,1,db-dependent,,KEEP_APT_NOINDEX_POLICY,
https://www.finmaphub.com/en/market/real-estate/apt/11710||신천동|잠실더샵스타파크,en,real-estate-apt-detail,NOINDEX,실패함,EXPECTED_NOINDEX,true,200_IF_DB_ROW_EXISTS,"noindex,follow + X-Robots-Tag",https://www.finmaphub.com/en/market/real-estate/apt/11710||신천동|잠실더샵스타파크,true,true,false,1,db-dependent,,KEEP_APT_NOINDEX_POLICY,
https://www.finmaphub.com/en/market/real-estate/apt/11710||가락동|대련,en,real-estate-apt-detail,NOINDEX,실패함,EXPECTED_NOINDEX,true,200_IF_DB_ROW_EXISTS,"noindex,follow + X-Robots-Tag",https://www.finmaphub.com/en/market/real-estate/apt/11710||가락동|대련,true,true,false,1,db-dependent,,KEEP_APT_NOINDEX_POLICY,
https://www.finmaphub.com/market/real-estate/apt/11710||거여동|거여2단지효성아파트,ko,real-estate-apt-detail,NOINDEX,실패함,EXPECTED_NOINDEX,true,200_IF_DB_ROW_EXISTS,"noindex,follow + X-Robots-Tag",https://www.finmaphub.com/market/real-estate/apt/11710||거여동|거여2단지효성아파트,true,true,false,1,db-dependent,,KEEP_APT_NOINDEX_POLICY,
https://www.finmaphub.com/en/market/real-estate/apt/11680||논현동|이산,en,real-estate-apt-detail,NOINDEX,실패함,EXPECTED_NOINDEX,true,200_IF_DB_ROW_EXISTS,"noindex,follow + X-Robots-Tag",https://www.finmaphub.com/en/market/real-estate/apt/11680||논현동|이산,true,true,false,1,db-dependent,,KEEP_APT_NOINDEX_POLICY,
https://www.finmaphub.com/market/real-estate/apt/11650||방배동|현대멤피스,ko,real-estate-apt-detail,NOINDEX,실패함,EXPECTED_NOINDEX,true,200_IF_DB_ROW_EXISTS,"noindex,follow + X-Robots-Tag",https://www.finmaphub.com/market/real-estate/apt/11650||방배동|현대멤피스,true,true,false,1,db-dependent,,KEEP_APT_NOINDEX_POLICY,
https://www.finmaphub.com/market/real-estate/apt/11500||등촌동|코오롱오투빌2,ko,real-estate-apt-detail,NOINDEX,실패함,EXPECTED_NOINDEX,true,200_IF_DB_ROW_EXISTS,"noindex,follow + X-Robots-Tag",https://www.finmaphub.com/market/real-estate/apt/11500||등촌동|코오롱오투빌2,true,true,false,1,db-dependent,,KEEP_APT_NOINDEX_POLICY,
https://www.finmaphub.com/market/real-estate/apt/11710||거여동|현대3차,ko,real-estate-apt-detail,NOINDEX,실패함,EXPECTED_NOINDEX,true,200_IF_DB_ROW_EXISTS,"noindex,follow + X-Robots-Tag",https://www.finmaphub.com/market/real-estate/apt/11710||거여동|현대3차,true,true,false,1,db-dependent,,KEEP_APT_NOINDEX_POLICY,
https://www.finmaphub.com/market/real-estate/apt/11500||마곡동|마곡엠밸리2단지,ko,real-estate-apt-detail,NOINDEX,실패함,EXPECTED_NOINDEX,true,200_IF_DB_ROW_EXISTS,"noindex,follow + X-Robots-Tag",https://www.finmaphub.com/market/real-estate/apt/11500||마곡동|마곡엠밸리2단지,true,true,false,1,db-dependent,,KEEP_APT_NOINDEX_POLICY,
https://www.finmaphub.com/market/real-estate/apt/11500||방화동|신마곡벽산블루밍,ko,real-estate-apt-detail,NOINDEX,실패함,EXPECTED_NOINDEX,true,200_IF_DB_ROW_EXISTS,"noindex,follow + X-Robots-Tag",https://www.finmaphub.com/market/real-estate/apt/11500||방화동|신마곡벽산블루밍,true,true,false,1,db-dependent,,KEEP_APT_NOINDEX_POLICY,
https://www.finmaphub.com/market/real-estate/apt/11170||효창동|효창베네스,ko,real-estate-apt-detail,NOINDEX,실패함,EXPECTED_NOINDEX,true,200_IF_DB_ROW_EXISTS,"noindex,follow + X-Robots-Tag",https://www.finmaphub.com/market/real-estate/apt/11170||효창동|효창베네스,true,true,false,1,db-dependent,,KEEP_APT_NOINDEX_POLICY,
https://www.finmaphub.com/market/real-estate/apt/11710||가락동|동구햇살,ko,real-estate-apt-detail,NOINDEX,실패함,EXPECTED_NOINDEX,true,200_IF_DB_ROW_EXISTS,"noindex,follow + X-Robots-Tag",https://www.finmaphub.com/market/real-estate/apt/11710||가락동|동구햇살,true,true,false,1,db-dependent,,KEEP_APT_NOINDEX_POLICY,
https://www.finmaphub.com/market/real-estate/apt/11710||거여동|거여5단지,ko,real-estate-apt-detail,NOINDEX,실패함,EXPECTED_NOINDEX,true,200_IF_DB_ROW_EXISTS,"noindex,follow + X-Robots-Tag",https://www.finmaphub.com/market/real-estate/apt/11710||거여동|거여5단지,true,true,false,1,db-dependent,,KEEP_APT_NOINDEX_POLICY,
https://www.finmaphub.com/market/real-estate/apt/11710||가락동|신한에스빌-미지엔,ko,real-estate-apt-detail,NOINDEX,실패함,EXPECTED_NOINDEX,true,200_IF_DB_ROW_EXISTS,"noindex,follow + X-Robots-Tag",https://www.finmaphub.com/market/real-estate/apt/11710||가락동|신한에스빌-미지엔,true,true,false,1,db-dependent,,KEEP_APT_NOINDEX_POLICY,
https://www.finmaphub.com/market/real-estate/apt/11710||방이동|코오롱아파트,ko,real-estate-apt-detail,NOINDEX,실패함,EXPECTED_NOINDEX,true,200_IF_DB_ROW_EXISTS,"noindex,follow + X-Robots-Tag",https://www.finmaphub.com/market/real-estate/apt/11710||방이동|코오롱아파트,true,true,false,1,db-dependent,,KEEP_APT_NOINDEX_POLICY,
https://www.finmaphub.com/en/market/real-estate/apt/11440||신공덕동|펜트라우스,en,real-estate-apt-detail,NOINDEX,실패함,EXPECTED_NOINDEX,true,200_IF_DB_ROW_EXISTS,"noindex,follow + X-Robots-Tag",https://www.finmaphub.com/en/market/real-estate/apt/11440||신공덕동|펜트라우스,true,true,false,1,db-dependent,,KEEP_APT_NOINDEX_POLICY,
https://www.finmaphub.com/en/market/real-estate/apt/11650||서초동|유원서초,en,real-estate-apt-detail,NOINDEX,실패함,EXPECTED_NOINDEX,true,200_IF_DB_ROW_EXISTS,"noindex,follow + X-Robots-Tag",https://www.finmaphub.com/en/market/real-estate/apt/11650||서초동|유원서초,true,true,false,1,db-dependent,,KEEP_APT_NOINDEX_POLICY,
https://www.finmaphub.com/en/market/real-estate/apt/41460|수지구|신봉동|우남퍼스트빌,en,real-estate-apt-detail,NOINDEX,실패함,EXPECTED_NOINDEX,true,200_IF_DB_ROW_EXISTS,"noindex,follow + X-Robots-Tag",https://www.finmaphub.com/en/market/real-estate/apt/41460|수지구|신봉동|우남퍼스트빌,true,true,false,1,db-dependent,,KEEP_APT_NOINDEX_POLICY,
https://www.finmaphub.com/en/market/real-estate/apt/11680||역삼동|역삼센트럴아파트,en,real-estate-apt-detail,NOINDEX,실패함,EXPECTED_NOINDEX,true,200_IF_DB_ROW_EXISTS,"noindex,follow + X-Robots-Tag",https://www.finmaphub.com/en/market/real-estate/apt/11680||역삼동|역삼센트럴아파트,true,true,false,1,db-dependent,,KEEP_APT_NOINDEX_POLICY,
https://www.finmaphub.com/en/market/real-estate/apt/11200||상왕십리동|텐즈힐(2단지),en,real-estate-apt-detail,NOINDEX,실패함,EXPECTED_NOINDEX,true,200_IF_DB_ROW_EXISTS,"noindex,follow + X-Robots-Tag",https://www.finmaphub.com/en/market/real-estate/apt/11200||상왕십리동|텐즈힐(2단지),true,true,false,1,db-dependent,,KEEP_APT_NOINDEX_POLICY,
https://www.finmaphub.com/market/real-estate/apt/11650||잠원동|한신,ko,real-estate-apt-detail,NOINDEX,실패함,EXPECTED_NOINDEX,true,200_IF_DB_ROW_EXISTS,"noindex,follow + X-Robots-Tag",https://www.finmaphub.com/market/real-estate/apt/11650||잠원동|한신,true,true,false,1,db-dependent,,KEEP_APT_NOINDEX_POLICY,
https://www.finmaphub.com/en/market/real-estate/apt/11200||성수동2가|롯데캐슬파크,en,real-estate-apt-detail,NOINDEX,실패함,EXPECTED_NOINDEX,true,200_IF_DB_ROW_EXISTS,"noindex,follow + X-Robots-Tag",https://www.finmaphub.com/en/market/real-estate/apt/11200||성수동2가|롯데캐슬파크,true,true,false,1,db-dependent,,KEEP_APT_NOINDEX_POLICY,
https://www.finmaphub.com/en/market/real-estate/apt/11500||방화동|방화3차우림필유,en,real-estate-apt-detail,NOINDEX,실패함,EXPECTED_NOINDEX,true,200_IF_DB_ROW_EXISTS,"noindex,follow + X-Robots-Tag",https://www.finmaphub.com/en/market/real-estate/apt/11500||방화동|방화3차우림필유,true,true,false,1,db-dependent,,KEEP_APT_NOINDEX_POLICY,
https://www.finmaphub.com/market/real-estate/apt/11170||한강로3가|용산시티파크(1단지),ko,real-estate-apt-detail,NOINDEX,실패함,EXPECTED_NOINDEX,true,200_IF_DB_ROW_EXISTS,"noindex,follow + X-Robots-Tag",https://www.finmaphub.com/market/real-estate/apt/11170||한강로3가|용산시티파크(1단지),true,true,false,1,db-dependent,,KEEP_APT_NOINDEX_POLICY,
https://www.finmaphub.com/en/market/real-estate/apt/11350||상계동|상계주공11(고층),en,real-estate-apt-detail,NOINDEX,실패함,EXPECTED_NOINDEX,true,200_IF_DB_ROW_EXISTS,"noindex,follow + X-Robots-Tag",https://www.finmaphub.com/en/market/real-estate/apt/11350||상계동|상계주공11(고층),true,true,false,1,db-dependent,,KEEP_APT_NOINDEX_POLICY,
https://www.finmaphub.com/market/real-estate/apt/11440||신수동|현대,ko,real-estate-apt-detail,NOINDEX,실패함,EXPECTED_NOINDEX,true,200_IF_DB_ROW_EXISTS,"noindex,follow + X-Robots-Tag",https://www.finmaphub.com/market/real-estate/apt/11440||신수동|현대,true,true,false,1,db-dependent,,KEEP_APT_NOINDEX_POLICY,
https://www.finmaphub.com/market/real-estate/apt/11440||도화동|현대홈타운,ko,real-estate-apt-detail,NOINDEX,실패함,EXPECTED_NOINDEX,true,200_IF_DB_ROW_EXISTS,"noindex,follow + X-Robots-Tag",https://www.finmaphub.com/market/real-estate/apt/11440||도화동|현대홈타운,true,true,false,1,db-dependent,,KEEP_APT_NOINDEX_POLICY,
https://www.finmaphub.com/market/real-estate/apt/11440||신공덕동|신공덕1차삼성래미안1아파트,ko,real-estate-apt-detail,NOINDEX,실패함,EXPECTED_NOINDEX,true,200_IF_DB_ROW_EXISTS,"noindex,follow + X-Robots-Tag",https://www.finmaphub.com/market/real-estate/apt/11440||신공덕동|신공덕1차삼성래미안1아파트,true,true,false,1,db-dependent,,KEEP_APT_NOINDEX_POLICY,
https://www.finmaphub.com/market/real-estate/apt/11200||성수동2가|서울숲금강아미움,ko,real-estate-apt-detail,NOINDEX,실패함,EXPECTED_NOINDEX,true,200_IF_DB_ROW_EXISTS,"noindex,follow + X-Robots-Tag",https://www.finmaphub.com/market/real-estate/apt/11200||성수동2가|서울숲금강아미움,true,true,false,1,db-dependent,,KEEP_APT_NOINDEX_POLICY,
https://www.finmaphub.com/market/real-estate/apt/11440||신수동|신촌숲아이파크,ko,real-estate-apt-detail,NOINDEX,실패함,EXPECTED_NOINDEX,true,200_IF_DB_ROW_EXISTS,"noindex,follow + X-Robots-Tag",https://www.finmaphub.com/market/real-estate/apt/11440||신수동|신촌숲아이파크,true,true,false,1,db-dependent,,KEEP_APT_NOINDEX_POLICY,
https://www.finmaphub.com/market/real-estate/apt/11440||염리동|마포프레스티지자이,ko,real-estate-apt-detail,NOINDEX,실패함,EXPECTED_NOINDEX,true,200_IF_DB_ROW_EXISTS,"noindex,follow + X-Robots-Tag",https://www.finmaphub.com/market/real-estate/apt/11440||염리동|마포프레스티지자이,true,true,false,1,db-dependent,,KEEP_APT_NOINDEX_POLICY,
https://www.finmaphub.com/market/real-estate/apt/11710||마천동|송파파크데일1단지,ko,real-estate-apt-detail,NOINDEX,실패함,EXPECTED_NOINDEX,true,200_IF_DB_ROW_EXISTS,"noindex,follow + X-Robots-Tag",https://www.finmaphub.com/market/real-estate/apt/11710||마천동|송파파크데일1단지,true,true,false,1,db-dependent,,KEEP_APT_NOINDEX_POLICY,
https://www.finmaphub.com/market/real-estate/apt/11650||방배동|서리풀e편한세상,ko,real-estate-apt-detail,NOINDEX,실패함,EXPECTED_NOINDEX,true,200_IF_DB_ROW_EXISTS,"noindex,follow + X-Robots-Tag",https://www.finmaphub.com/market/real-estate/apt/11650||방배동|서리풀e편한세상,true,true,false,1,db-dependent,,KEEP_APT_NOINDEX_POLICY,
https://www.finmaphub.com/market/real-estate/apt/11440||상수동|상수두산위브,ko,real-estate-apt-detail,NOINDEX,실패함,EXPECTED_NOINDEX,true,200_IF_DB_ROW_EXISTS,"noindex,follow + X-Robots-Tag",https://www.finmaphub.com/market/real-estate/apt/11440||상수동|상수두산위브,true,true,false,1,db-dependent,,KEEP_APT_NOINDEX_POLICY,
https://www.finmaphub.com/market/real-estate/apt/11440||공덕동|래미안공덕5차,ko,real-estate-apt-detail,NOINDEX,실패함,EXPECTED_NOINDEX,true,200_IF_DB_ROW_EXISTS,"noindex,follow + X-Robots-Tag",https://www.finmaphub.com/market/real-estate/apt/11440||공덕동|래미안공덕5차,true,true,false,1,db-dependent,,KEEP_APT_NOINDEX_POLICY,
https://www.finmaphub.com/en/market/real-estate/apt/11200||옥수동|래미안 옥수 리버젠,en,real-estate-apt-detail,NOINDEX,실패함,EXPECTED_NOINDEX,true,200_IF_DB_ROW_EXISTS,"noindex,follow + X-Robots-Tag",https://www.finmaphub.com/en/market/real-estate/apt/11200||옥수동|래미안 옥수 리버젠,true,true,false,1,db-dependent,,KEEP_APT_NOINDEX_POLICY,
https://www.finmaphub.com/en/market/real-estate/apt/41270|상록구|성포동|주공10,en,real-estate-apt-detail,NOINDEX,실패함,EXPECTED_NOINDEX,true,200_IF_DB_ROW_EXISTS,"noindex,follow + X-Robots-Tag",https://www.finmaphub.com/en/market/real-estate/apt/41270|상록구|성포동|주공10,true,true,false,1,db-dependent,,KEEP_APT_NOINDEX_POLICY,
https://www.finmaphub.com/en/market/real-estate/apt/11680||삼성동|롯데캐슬프레미어,en,real-estate-apt-detail,NOINDEX,실패함,EXPECTED_NOINDEX,true,200_IF_DB_ROW_EXISTS,"noindex,follow + X-Robots-Tag",https://www.finmaphub.com/en/market/real-estate/apt/11680||삼성동|롯데캐슬프레미어,true,true,false,1,db-dependent,,KEEP_APT_NOINDEX_POLICY,
https://www.finmaphub.com/market/real-estate/apt/11650||서초동|서초자이,ko,real-estate-apt-detail,NOINDEX,실패함,EXPECTED_NOINDEX,true,200_IF_DB_ROW_EXISTS,"noindex,follow + X-Robots-Tag",https://www.finmaphub.com/market/real-estate/apt/11650||서초동|서초자이,true,true,false,1,db-dependent,,KEEP_APT_NOINDEX_POLICY,
https://www.finmaphub.com/en/market/real-estate/apt/11650||잠원동|신반포청구,en,real-estate-apt-detail,NOINDEX,실패함,EXPECTED_NOINDEX,true,200_IF_DB_ROW_EXISTS,"noindex,follow + X-Robots-Tag",https://www.finmaphub.com/en/market/real-estate/apt/11650||잠원동|신반포청구,true,true,false,1,db-dependent,,KEEP_APT_NOINDEX_POLICY,
https://www.finmaphub.com/market/real-estate/apt/11650||잠원동|신반포청구,ko,real-estate-apt-detail,NOINDEX,실패함,EXPECTED_NOINDEX,true,200_IF_DB_ROW_EXISTS,"noindex,follow + X-Robots-Tag",https://www.finmaphub.com/market/real-estate/apt/11650||잠원동|신반포청구,true,true,false,1,db-dependent,,KEEP_APT_NOINDEX_POLICY,
https://www.finmaphub.com/en/market/real-estate/apt/11680||삼성동|래미안삼성1차(103-22),en,real-estate-apt-detail,NOINDEX,실패함,EXPECTED_NOINDEX,true,200_IF_DB_ROW_EXISTS,"noindex,follow + X-Robots-Tag",https://www.finmaphub.com/en/market/real-estate/apt/11680||삼성동|래미안삼성1차(103-22),true,true,false,1,db-dependent,,KEEP_APT_NOINDEX_POLICY,
https://www.finmaphub.com/en/market/real-estate/apt/28177||학익동|동아풍림,en,real-estate-apt-detail,NOINDEX,실패함,EXPECTED_NOINDEX,true,200_IF_DB_ROW_EXISTS,"noindex,follow + X-Robots-Tag",https://www.finmaphub.com/en/market/real-estate/apt/28177||학익동|동아풍림,true,true,false,1,db-dependent,,KEEP_APT_NOINDEX_POLICY,
https://www.finmaphub.com/en/market/real-estate/apt/11500||등촌동|대동황토방,en,real-estate-apt-detail,NOINDEX,실패함,EXPECTED_NOINDEX,true,200_IF_DB_ROW_EXISTS,"noindex,follow + X-Robots-Tag",https://www.finmaphub.com/en/market/real-estate/apt/11500||등촌동|대동황토방,true,true,false,1,db-dependent,,KEEP_APT_NOINDEX_POLICY,
https://www.finmaphub.com/en/market/real-estate/apt/11320||창동|북한산아이파크5차,en,real-estate-apt-detail,NOINDEX,실패함,EXPECTED_NOINDEX,true,200_IF_DB_ROW_EXISTS,"noindex,follow + X-Robots-Tag",https://www.finmaphub.com/en/market/real-estate/apt/11320||창동|북한산아이파크5차,true,true,false,1,db-dependent,,KEEP_APT_NOINDEX_POLICY,
https://www.finmaphub.com/market/real-estate/apt/11650||서초동|서초래미안,ko,real-estate-apt-detail,NOINDEX,실패함,EXPECTED_NOINDEX,true,200_IF_DB_ROW_EXISTS,"noindex,follow + X-Robots-Tag",https://www.finmaphub.com/market/real-estate/apt/11650||서초동|서초래미안,true,true,false,1,db-dependent,,KEEP_APT_NOINDEX_POLICY,
https://www.finmaphub.com/market/real-estate/apt/11440||토정동|한강삼성,ko,real-estate-apt-detail,NOINDEX,실패함,EXPECTED_NOINDEX,true,200_IF_DB_ROW_EXISTS,"noindex,follow + X-Robots-Tag",https://www.finmaphub.com/market/real-estate/apt/11440||토정동|한강삼성,true,true,false,1,db-dependent,,KEEP_APT_NOINDEX_POLICY,
https://www.finmaphub.com/market/real-estate/apt/11650||서초동|유원서초,ko,real-estate-apt-detail,NOINDEX,실패함,EXPECTED_NOINDEX,true,200_IF_DB_ROW_EXISTS,"noindex,follow + X-Robots-Tag",https://www.finmaphub.com/market/real-estate/apt/11650||서초동|유원서초,true,true,false,1,db-dependent,,KEEP_APT_NOINDEX_POLICY,
https://www.finmaphub.com/market/real-estate/apt/11650||서초동|서초1차e-편한세상,ko,real-estate-apt-detail,NOINDEX,실패함,EXPECTED_NOINDEX,true,200_IF_DB_ROW_EXISTS,"noindex,follow + X-Robots-Tag",https://www.finmaphub.com/market/real-estate/apt/11650||서초동|서초1차e-편한세상,true,true,false,1,db-dependent,,KEEP_APT_NOINDEX_POLICY,
https://www.finmaphub.com/market/real-estate/apt/11200||성수동1가|서울숲성수현대,ko,real-estate-apt-detail,NOINDEX,실패함,EXPECTED_NOINDEX,true,200_IF_DB_ROW_EXISTS,"noindex,follow + X-Robots-Tag",https://www.finmaphub.com/market/real-estate/apt/11200||성수동1가|서울숲성수현대,true,true,false,1,db-dependent,,KEEP_APT_NOINDEX_POLICY,
https://www.finmaphub.com/market/real-estate/apt/11200||행당동|행당두산위브,ko,real-estate-apt-detail,NOINDEX,실패함,EXPECTED_NOINDEX,true,200_IF_DB_ROW_EXISTS,"noindex,follow + X-Robots-Tag",https://www.finmaphub.com/market/real-estate/apt/11200||행당동|행당두산위브,true,true,false,1,db-dependent,,KEEP_APT_NOINDEX_POLICY,
https://www.finmaphub.com/market/real-estate/apt/11170||한강로2가|용산푸르지오써밋(420),ko,real-estate-apt-detail,NOINDEX,실패함,EXPECTED_NOINDEX,true,200_IF_DB_ROW_EXISTS,"noindex,follow + X-Robots-Tag",https://www.finmaphub.com/market/real-estate/apt/11170||한강로2가|용산푸르지오써밋(420),true,true,false,1,db-dependent,,KEEP_APT_NOINDEX_POLICY,
https://www.finmaphub.com/market/real-estate/apt/11710||풍납동|토성현대,ko,real-estate-apt-detail,NOINDEX,실패함,EXPECTED_NOINDEX,true,200_IF_DB_ROW_EXISTS,"noindex,follow + X-Robots-Tag",https://www.finmaphub.com/market/real-estate/apt/11710||풍납동|토성현대,true,true,false,1,db-dependent,,KEEP_APT_NOINDEX_POLICY,
https://www.finmaphub.com/market/real-estate/apt/11710||신천동|잠실푸르지오월드마크,ko,real-estate-apt-detail,NOINDEX,실패함,EXPECTED_NOINDEX,true,200_IF_DB_ROW_EXISTS,"noindex,follow + X-Robots-Tag",https://www.finmaphub.com/market/real-estate/apt/11710||신천동|잠실푸르지오월드마크,true,true,false,1,db-dependent,,KEEP_APT_NOINDEX_POLICY,
https://www.finmaphub.com/market/real-estate/apt/11170||이촌동|현대맨숀,ko,real-estate-apt-detail,NOINDEX,실패함,EXPECTED_NOINDEX,true,200_IF_DB_ROW_EXISTS,"noindex,follow + X-Robots-Tag",https://www.finmaphub.com/market/real-estate/apt/11170||이촌동|현대맨숀,true,true,false,1,db-dependent,,KEEP_APT_NOINDEX_POLICY,
https://www.finmaphub.com/market/real-estate/apt/11200||금호동4가|서울숲푸르지오,ko,real-estate-apt-detail,NOINDEX,실패함,EXPECTED_NOINDEX,true,200_IF_DB_ROW_EXISTS,"noindex,follow + X-Robots-Tag",https://www.finmaphub.com/market/real-estate/apt/11200||금호동4가|서울숲푸르지오,true,true,false,1,db-dependent,,KEEP_APT_NOINDEX_POLICY,
https://www.finmaphub.com/market/real-estate/apt/11200||옥수동|옥수파크힐스117동~125동,ko,real-estate-apt-detail,NOINDEX,실패함,EXPECTED_NOINDEX,true,200_IF_DB_ROW_EXISTS,"noindex,follow + X-Robots-Tag",https://www.finmaphub.com/market/real-estate/apt/11200||옥수동|옥수파크힐스117동~125동,true,true,false,1,db-dependent,,KEEP_APT_NOINDEX_POLICY,
https://www.finmaphub.com/market/real-estate/apt/11170||이촌동|동아그린,ko,real-estate-apt-detail,NOINDEX,실패함,EXPECTED_NOINDEX,true,200_IF_DB_ROW_EXISTS,"noindex,follow + X-Robots-Tag",https://www.finmaphub.com/market/real-estate/apt/11170||이촌동|동아그린,true,true,false,1,db-dependent,,KEEP_APT_NOINDEX_POLICY,
https://www.finmaphub.com/market/real-estate/apt/11710||마천동|금호어울림,ko,real-estate-apt-detail,NOINDEX,실패함,EXPECTED_NOINDEX,true,200_IF_DB_ROW_EXISTS,"noindex,follow + X-Robots-Tag",https://www.finmaphub.com/market/real-estate/apt/11710||마천동|금호어울림,true,true,false,1,db-dependent,,KEEP_APT_NOINDEX_POLICY,
https://www.finmaphub.com/market/real-estate/apt/11710||방이동|올림픽파크리움,ko,real-estate-apt-detail,NOINDEX,실패함,EXPECTED_NOINDEX,true,200_IF_DB_ROW_EXISTS,"noindex,follow + X-Robots-Tag",https://www.finmaphub.com/market/real-estate/apt/11710||방이동|올림픽파크리움,true,true,false,1,db-dependent,,KEEP_APT_NOINDEX_POLICY,
https://www.finmaphub.com/market/real-estate/apt/11200||하왕십리동|왕십리자이,ko,real-estate-apt-detail,NOINDEX,실패함,EXPECTED_NOINDEX,true,200_IF_DB_ROW_EXISTS,"noindex,follow + X-Robots-Tag",https://www.finmaphub.com/market/real-estate/apt/11200||하왕십리동|왕십리자이,true,true,false,1,db-dependent,,KEEP_APT_NOINDEX_POLICY,
https://www.finmaphub.com/market/real-estate/apt/11500||내발산동|태승훼미리2,ko,real-estate-apt-detail,NOINDEX,실패함,EXPECTED_NOINDEX,true,200_IF_DB_ROW_EXISTS,"noindex,follow + X-Robots-Tag",https://www.finmaphub.com/market/real-estate/apt/11500||내발산동|태승훼미리2,true,true,false,1,db-dependent,,KEEP_APT_NOINDEX_POLICY,
https://www.finmaphub.com/market/real-estate/apt/11650||반포동|디에이치반포라클라스,ko,real-estate-apt-detail,NOINDEX,실패함,EXPECTED_NOINDEX,true,200_IF_DB_ROW_EXISTS,"noindex,follow + X-Robots-Tag",https://www.finmaphub.com/market/real-estate/apt/11650||반포동|디에이치반포라클라스,true,true,false,1,db-dependent,,KEEP_APT_NOINDEX_POLICY,
https://www.finmaphub.com/market/real-estate/apt/11680||삼성동|래미안삼성1차(103-22),ko,real-estate-apt-detail,NOINDEX,실패함,EXPECTED_NOINDEX,true,200_IF_DB_ROW_EXISTS,"noindex,follow + X-Robots-Tag",https://www.finmaphub.com/market/real-estate/apt/11680||삼성동|래미안삼성1차(103-22),true,true,false,1,db-dependent,,KEEP_APT_NOINDEX_POLICY,
https://www.finmaphub.com/en/market/real-estate/apt/11500||가양동|강서한강자이,en,real-estate-apt-detail,NOINDEX,실패함,EXPECTED_NOINDEX,true,200_IF_DB_ROW_EXISTS,"noindex,follow + X-Robots-Tag",https://www.finmaphub.com/en/market/real-estate/apt/11500||가양동|강서한강자이,true,true,false,1,db-dependent,,KEEP_APT_NOINDEX_POLICY,
https://www.finmaphub.com/en/market/real-estate/apt/41450||창우동|부영,en,real-estate-apt-detail,NOINDEX,실패함,EXPECTED_NOINDEX,true,200_IF_DB_ROW_EXISTS,"noindex,follow + X-Robots-Tag",https://www.finmaphub.com/en/market/real-estate/apt/41450||창우동|부영,true,true,false,1,db-dependent,,KEEP_APT_NOINDEX_POLICY,
https://www.finmaphub.com/en/market/real-estate/apt/41480||야동동|대방노블랜드(587-0),en,real-estate-apt-detail,NOINDEX,실패함,EXPECTED_NOINDEX,true,200_IF_DB_ROW_EXISTS,"noindex,follow + X-Robots-Tag",https://www.finmaphub.com/en/market/real-estate/apt/41480||야동동|대방노블랜드(587-0),true,true,false,1,db-dependent,,KEEP_APT_NOINDEX_POLICY,
https://www.finmaphub.com/en/market/real-estate/apt/11680||역삼동|래미안그레이튼(진달래2차),en,real-estate-apt-detail,NOINDEX,실패함,EXPECTED_NOINDEX,true,200_IF_DB_ROW_EXISTS,"noindex,follow + X-Robots-Tag",https://www.finmaphub.com/en/market/real-estate/apt/11680||역삼동|래미안그레이튼(진달래2차),true,true,false,1,db-dependent,,KEEP_APT_NOINDEX_POLICY,
https://www.finmaphub.com/market/real-estate/apt/11500||염창동|동아,ko,real-estate-apt-detail,NOINDEX,실패함,EXPECTED_NOINDEX,true,200_IF_DB_ROW_EXISTS,"noindex,follow + X-Robots-Tag",https://www.finmaphub.com/market/real-estate/apt/11500||염창동|동아,true,true,false,1,db-dependent,,KEEP_APT_NOINDEX_POLICY,
https://www.finmaphub.com/market/real-estate/apt/11500||마곡동|마곡엠밸리5단지,ko,real-estate-apt-detail,NOINDEX,실패함,EXPECTED_NOINDEX,true,200_IF_DB_ROW_EXISTS,"noindex,follow + X-Robots-Tag",https://www.finmaphub.com/market/real-estate/apt/11500||마곡동|마곡엠밸리5단지,true,true,false,1,db-dependent,,KEEP_APT_NOINDEX_POLICY,
https://www.finmaphub.com/en/market/real-estate/apt/28110||중산동|영종하늘도시한라비발디,en,real-estate-apt-detail,NOINDEX,실패함,EXPECTED_NOINDEX,true,200_IF_DB_ROW_EXISTS,"noindex,follow + X-Robots-Tag",https://www.finmaphub.com/en/market/real-estate/apt/28110||중산동|영종하늘도시한라비발디,true,true,false,1,db-dependent,,KEEP_APT_NOINDEX_POLICY,
https://www.finmaphub.com/market/real-estate/apt/11680||삼성동|한일,ko,real-estate-apt-detail,NOINDEX,실패함,EXPECTED_NOINDEX,true,200_IF_DB_ROW_EXISTS,"noindex,follow + X-Robots-Tag",https://www.finmaphub.com/market/real-estate/apt/11680||삼성동|한일,true,true,false,1,db-dependent,,KEEP_APT_NOINDEX_POLICY,
https://www.finmaphub.com/en/market/real-estate/apt/41210||하안동|이편한세상센트레빌,en,real-estate-apt-detail,NOINDEX,실패함,EXPECTED_NOINDEX,true,200_IF_DB_ROW_EXISTS,"noindex,follow + X-Robots-Tag",https://www.finmaphub.com/en/market/real-estate/apt/41210||하안동|이편한세상센트레빌,true,true,false,1,db-dependent,,KEEP_APT_NOINDEX_POLICY,
https://www.finmaphub.com/market/real-estate/apt/11710||가락동|가락(1차)쌍용아파트,ko,real-estate-apt-detail,NOINDEX,실패함,EXPECTED_NOINDEX,true,200_IF_DB_ROW_EXISTS,"noindex,follow + X-Robots-Tag",https://www.finmaphub.com/market/real-estate/apt/11710||가락동|가락(1차)쌍용아파트,true,true,false,1,db-dependent,,KEEP_APT_NOINDEX_POLICY,
https://www.finmaphub.com/market/real-estate/apt/11680||도곡동|도곡쌍용예가,ko,real-estate-apt-detail,NOINDEX,실패함,EXPECTED_NOINDEX,true,200_IF_DB_ROW_EXISTS,"noindex,follow + X-Robots-Tag",https://www.finmaphub.com/market/real-estate/apt/11680||도곡동|도곡쌍용예가,true,true,false,1,db-dependent,,KEEP_APT_NOINDEX_POLICY,
https://www.finmaphub.com/en/market/real-estate/apt/11680||청담동|청담힐(에이동)진도(비동),en,real-estate-apt-detail,NOINDEX,실패함,EXPECTED_NOINDEX,true,200_IF_DB_ROW_EXISTS,"noindex,follow + X-Robots-Tag",https://www.finmaphub.com/en/market/real-estate/apt/11680||청담동|청담힐(에이동)진도(비동),true,true,false,1,db-dependent,,KEEP_APT_NOINDEX_POLICY,
https://www.finmaphub.com/market/real-estate/apt/11680||삼성동|현대힐스테이트2단지,ko,real-estate-apt-detail,NOINDEX,실패함,EXPECTED_NOINDEX,true,200_IF_DB_ROW_EXISTS,"noindex,follow + X-Robots-Tag",https://www.finmaphub.com/market/real-estate/apt/11680||삼성동|현대힐스테이트2단지,true,true,false,1,db-dependent,,KEEP_APT_NOINDEX_POLICY,
https://www.finmaphub.com/en/market/real-estate/apt/11200||하왕십리동|한신무학,en,real-estate-apt-detail,NOINDEX,실패함,EXPECTED_NOINDEX,true,200_IF_DB_ROW_EXISTS,"noindex,follow + X-Robots-Tag",https://www.finmaphub.com/en/market/real-estate/apt/11200||하왕십리동|한신무학,true,true,false,1,db-dependent,,KEEP_APT_NOINDEX_POLICY,
https://www.finmaphub.com/market/real-estate/apt/11200||하왕십리동|한신무학,ko,real-estate-apt-detail,NOINDEX,실패함,EXPECTED_NOINDEX,true,200_IF_DB_ROW_EXISTS,"noindex,follow + X-Robots-Tag",https://www.finmaphub.com/market/real-estate/apt/11200||하왕십리동|한신무학,true,true,false,1,db-dependent,,KEEP_APT_NOINDEX_POLICY,
https://www.finmaphub.com/market/real-estate/apt/11710||거여동|현대2차,ko,real-estate-apt-detail,NOINDEX,실패함,EXPECTED_NOINDEX,true,200_IF_DB_ROW_EXISTS,"noindex,follow + X-Robots-Tag",https://www.finmaphub.com/market/real-estate/apt/11710||거여동|현대2차,true,true,false,1,db-dependent,,KEEP_APT_NOINDEX_POLICY,
https://www.finmaphub.com/market/real-estate/apt/11440||아현동|마포래미안푸르지오1단지,ko,real-estate-apt-detail,NOINDEX,실패함,EXPECTED_NOINDEX,true,200_IF_DB_ROW_EXISTS,"noindex,follow + X-Robots-Tag",https://www.finmaphub.com/market/real-estate/apt/11440||아현동|마포래미안푸르지오1단지,true,true,false,1,db-dependent,,KEEP_APT_NOINDEX_POLICY,
https://www.finmaphub.com/market/real-estate/apt/11200||옥수동|현대,ko,real-estate-apt-detail,NOINDEX,실패함,EXPECTED_NOINDEX,true,200_IF_DB_ROW_EXISTS,"noindex,follow + X-Robots-Tag",https://www.finmaphub.com/market/real-estate/apt/11200||옥수동|현대,true,true,false,1,db-dependent,,KEEP_APT_NOINDEX_POLICY,
https://www.finmaphub.com/market/real-estate/apt/11200||금호동3가|두산,ko,real-estate-apt-detail,NOINDEX,실패함,EXPECTED_NOINDEX,true,200_IF_DB_ROW_EXISTS,"noindex,follow + X-Robots-Tag",https://www.finmaphub.com/market/real-estate/apt/11200||금호동3가|두산,true,true,false,1,db-dependent,,KEEP_APT_NOINDEX_POLICY,
https://www.finmaphub.com/market/real-estate/apt/11200||응봉동|신동아,ko,real-estate-apt-detail,NOINDEX,실패함,EXPECTED_NOINDEX,true,200_IF_DB_ROW_EXISTS,"noindex,follow + X-Robots-Tag",https://www.finmaphub.com/market/real-estate/apt/11200||응봉동|신동아,true,true,false,1,db-dependent,,KEEP_APT_NOINDEX_POLICY,
https://www.finmaphub.com/market/real-estate/apt/11440||신공덕동|신공덕래미안3차,ko,real-estate-apt-detail,NOINDEX,실패함,EXPECTED_NOINDEX,true,200_IF_DB_ROW_EXISTS,"noindex,follow + X-Robots-Tag",https://www.finmaphub.com/market/real-estate/apt/11440||신공덕동|신공덕래미안3차,true,true,false,1,db-dependent,,KEEP_APT_NOINDEX_POLICY,
https://www.finmaphub.com/market/real-estate/apt/11170||이촌동|빌라맨션,ko,real-estate-apt-detail,NOINDEX,실패함,EXPECTED_NOINDEX,true,200_IF_DB_ROW_EXISTS,"noindex,follow + X-Robots-Tag",https://www.finmaphub.com/market/real-estate/apt/11170||이촌동|빌라맨션,true,true,false,1,db-dependent,,KEEP_APT_NOINDEX_POLICY,
https://www.finmaphub.com/market/real-estate/apt/11440||아현동|공덕자이,ko,real-estate-apt-detail,NOINDEX,실패함,EXPECTED_NOINDEX,true,200_IF_DB_ROW_EXISTS,"noindex,follow + X-Robots-Tag",https://www.finmaphub.com/market/real-estate/apt/11440||아현동|공덕자이,true,true,false,1,db-dependent,,KEEP_APT_NOINDEX_POLICY,
https://www.finmaphub.com/market/real-estate/apt/11710||방이동|신동아타워,ko,real-estate-apt-detail,NOINDEX,실패함,EXPECTED_NOINDEX,true,200_IF_DB_ROW_EXISTS,"noindex,follow + X-Robots-Tag",https://www.finmaphub.com/market/real-estate/apt/11710||방이동|신동아타워,true,true,false,1,db-dependent,,KEEP_APT_NOINDEX_POLICY,
https://www.finmaphub.com/en/market/real-estate/apt/41410||산본동|우륵,en,real-estate-apt-detail,NOINDEX,실패함,EXPECTED_NOINDEX,true,200_IF_DB_ROW_EXISTS,"noindex,follow + X-Robots-Tag",https://www.finmaphub.com/en/market/real-estate/apt/41410||산본동|우륵,true,true,false,1,db-dependent,,KEEP_APT_NOINDEX_POLICY,
https://www.finmaphub.com/en/market/real-estate/apt/11680||대치동|대우아이빌멤버스(891-26),en,real-estate-apt-detail,NOINDEX,실패함,EXPECTED_NOINDEX,true,200_IF_DB_ROW_EXISTS,"noindex,follow + X-Robots-Tag",https://www.finmaphub.com/en/market/real-estate/apt/11680||대치동|대우아이빌멤버스(891-26),true,true,false,1,db-dependent,,KEEP_APT_NOINDEX_POLICY,
https://www.finmaphub.com/en/market/real-estate/apt/11200||금호동4가|서울숲푸르지오,en,real-estate-apt-detail,NOINDEX,실패함,EXPECTED_NOINDEX,true,200_IF_DB_ROW_EXISTS,"noindex,follow + X-Robots-Tag",https://www.finmaphub.com/en/market/real-estate/apt/11200||금호동4가|서울숲푸르지오,true,true,false,1,db-dependent,,KEEP_APT_NOINDEX_POLICY,
https://www.finmaphub.com/market/real-estate/apt/11710||풍납동|이트리움송파(281-4),ko,real-estate-apt-detail,NOINDEX,실패함,EXPECTED_NOINDEX,true,200_IF_DB_ROW_EXISTS,"noindex,follow + X-Robots-Tag",https://www.finmaphub.com/market/real-estate/apt/11710||풍납동|이트리움송파(281-4),true,true,false,1,db-dependent,,KEEP_APT_NOINDEX_POLICY,
https://www.finmaphub.com/market/real-estate/apt/11710||가락동|강남팰리스,ko,real-estate-apt-detail,NOINDEX,실패함,EXPECTED_NOINDEX,true,200_IF_DB_ROW_EXISTS,"noindex,follow + X-Robots-Tag",https://www.finmaphub.com/market/real-estate/apt/11710||가락동|강남팰리스,true,true,false,1,db-dependent,,KEEP_APT_NOINDEX_POLICY,
https://www.finmaphub.com/market/real-estate/apt/11200||성수동1가|서울숲아이파크리버포레1차,ko,real-estate-apt-detail,NOINDEX,실패함,EXPECTED_NOINDEX,true,200_IF_DB_ROW_EXISTS,"noindex,follow + X-Robots-Tag",https://www.finmaphub.com/market/real-estate/apt/11200||성수동1가|서울숲아이파크리버포레1차,true,true,false,1,db-dependent,,KEEP_APT_NOINDEX_POLICY,
https://www.finmaphub.com/market/real-estate/apt/11170||이촌동|반도,ko,real-estate-apt-detail,NOINDEX,실패함,EXPECTED_NOINDEX,true,200_IF_DB_ROW_EXISTS,"noindex,follow + X-Robots-Tag",https://www.finmaphub.com/market/real-estate/apt/11170||이촌동|반도,true,true,false,1,db-dependent,,KEEP_APT_NOINDEX_POLICY,
https://www.finmaphub.com/market/real-estate/apt/11680||도곡동|한신엠비씨,ko,real-estate-apt-detail,NOINDEX,실패함,EXPECTED_NOINDEX,true,200_IF_DB_ROW_EXISTS,"noindex,follow + X-Robots-Tag",https://www.finmaphub.com/market/real-estate/apt/11680||도곡동|한신엠비씨,true,true,false,1,db-dependent,,KEEP_APT_NOINDEX_POLICY,
https://www.finmaphub.com/market/real-estate/apt/41390||하상동|연꽃마을대우삼호아파트,ko,real-estate-apt-detail,NOINDEX,실패함,EXPECTED_NOINDEX,true,200_IF_DB_ROW_EXISTS,"noindex,follow + X-Robots-Tag",https://www.finmaphub.com/market/real-estate/apt/41390||하상동|연꽃마을대우삼호아파트,true,true,false,1,db-dependent,,KEEP_APT_NOINDEX_POLICY,
https://www.finmaphub.com/market/real-estate/apt/11650||반포동|엠브이아파트,ko,real-estate-apt-detail,NOINDEX,실패함,EXPECTED_NOINDEX,true,200_IF_DB_ROW_EXISTS,"noindex,follow + X-Robots-Tag",https://www.finmaphub.com/market/real-estate/apt/11650||반포동|엠브이아파트,true,true,false,1,db-dependent,,KEEP_APT_NOINDEX_POLICY,
https://www.finmaphub.com/market/real-estate/apt/11200||금호동2가|래미안하이리버,ko,real-estate-apt-detail,NOINDEX,실패함,EXPECTED_NOINDEX,true,200_IF_DB_ROW_EXISTS,"noindex,follow + X-Robots-Tag",https://www.finmaphub.com/market/real-estate/apt/11200||금호동2가|래미안하이리버,true,true,false,1,db-dependent,,KEEP_APT_NOINDEX_POLICY,
https://www.finmaphub.com/market/real-estate/apt/11440||아현동|더클래시,ko,real-estate-apt-detail,NOINDEX,실패함,EXPECTED_NOINDEX,true,200_IF_DB_ROW_EXISTS,"noindex,follow + X-Robots-Tag",https://www.finmaphub.com/market/real-estate/apt/11440||아현동|더클래시,true,true,false,1,db-dependent,,KEEP_APT_NOINDEX_POLICY,
https://www.finmaphub.com/market/real-estate/apt/11200||옥수동|옥수파크힐스101동~116동,ko,real-estate-apt-detail,NOINDEX,실패함,EXPECTED_NOINDEX,true,200_IF_DB_ROW_EXISTS,"noindex,follow + X-Robots-Tag",https://www.finmaphub.com/market/real-estate/apt/11200||옥수동|옥수파크힐스101동~116동,true,true,false,1,db-dependent,,KEEP_APT_NOINDEX_POLICY,
https://www.finmaphub.com/market/real-estate/apt/11470||신정동|삼성쉐르빌,ko,real-estate-apt-detail,NOINDEX,실패함,EXPECTED_NOINDEX,true,200_IF_DB_ROW_EXISTS,"noindex,follow + X-Robots-Tag",https://www.finmaphub.com/market/real-estate/apt/11470||신정동|삼성쉐르빌,true,true,false,1,db-dependent,,KEEP_APT_NOINDEX_POLICY,
https://www.finmaphub.com/market/real-estate/apt/11440||현석동|래미안웰스트림,ko,real-estate-apt-detail,NOINDEX,실패함,EXPECTED_NOINDEX,true,200_IF_DB_ROW_EXISTS,"noindex,follow + X-Robots-Tag",https://www.finmaphub.com/market/real-estate/apt/11440||현석동|래미안웰스트림,true,true,false,1,db-dependent,,KEEP_APT_NOINDEX_POLICY,
https://www.finmaphub.com/market/real-estate/apt/11200||성수동1가|대우2,ko,real-estate-apt-detail,NOINDEX,실패함,EXPECTED_NOINDEX,true,200_IF_DB_ROW_EXISTS,"noindex,follow + X-Robots-Tag",https://www.finmaphub.com/market/real-estate/apt/11200||성수동1가|대우2,true,true,false,1,db-dependent,,KEEP_APT_NOINDEX_POLICY,
https://www.finmaphub.com/market/real-estate/apt/11710||가락동|두산위브,ko,real-estate-apt-detail,NOINDEX,실패함,EXPECTED_NOINDEX,true,200_IF_DB_ROW_EXISTS,"noindex,follow + X-Robots-Tag",https://www.finmaphub.com/market/real-estate/apt/11710||가락동|두산위브,true,true,false,1,db-dependent,,KEEP_APT_NOINDEX_POLICY,
https://www.finmaphub.com/market/real-estate/apt/11710||오금동|엘리시움아파트,ko,real-estate-apt-detail,NOINDEX,실패함,EXPECTED_NOINDEX,true,200_IF_DB_ROW_EXISTS,"noindex,follow + X-Robots-Tag",https://www.finmaphub.com/market/real-estate/apt/11710||오금동|엘리시움아파트,true,true,false,1,db-dependent,,KEEP_APT_NOINDEX_POLICY,
https://www.finmaphub.com/market/real-estate/apt/11710||석촌동|로쟌뷰,ko,real-estate-apt-detail,NOINDEX,실패함,EXPECTED_NOINDEX,true,200_IF_DB_ROW_EXISTS,"noindex,follow + X-Robots-Tag",https://www.finmaphub.com/market/real-estate/apt/11710||석촌동|로쟌뷰,true,true,false,1,db-dependent,,KEEP_APT_NOINDEX_POLICY,
https://www.finmaphub.com/market/real-estate/apt/11560||여의도동|미성,ko,real-estate-apt-detail,NOINDEX,실패함,EXPECTED_NOINDEX,true,200_IF_DB_ROW_EXISTS,"noindex,follow + X-Robots-Tag",https://www.finmaphub.com/market/real-estate/apt/11560||여의도동|미성,true,true,false,1,db-dependent,,KEEP_APT_NOINDEX_POLICY,
https://www.finmaphub.com/market/real-estate/apt/11710||문정동|올림픽훼밀리타운,ko,real-estate-apt-detail,NOINDEX,실패함,EXPECTED_NOINDEX,true,200_IF_DB_ROW_EXISTS,"noindex,follow + X-Robots-Tag",https://www.finmaphub.com/market/real-estate/apt/11710||문정동|올림픽훼밀리타운,true,true,false,1,db-dependent,,KEEP_APT_NOINDEX_POLICY,
https://www.finmaphub.com/market/real-estate/apt/11350||월계동|주공2,ko,real-estate-apt-detail,NOINDEX,실패함,EXPECTED_NOINDEX,true,200_IF_DB_ROW_EXISTS,"noindex,follow + X-Robots-Tag",https://www.finmaphub.com/market/real-estate/apt/11350||월계동|주공2,true,true,false,1,db-dependent,,KEEP_APT_NOINDEX_POLICY,
https://www.finmaphub.com/market/real-estate/apt/11200||성수동2가|현대I-PARK,ko,real-estate-apt-detail,NOINDEX,실패함,EXPECTED_NOINDEX,true,200_IF_DB_ROW_EXISTS,"noindex,follow + X-Robots-Tag",https://www.finmaphub.com/market/real-estate/apt/11200||성수동2가|현대I-PARK,true,true,false,1,db-dependent,,KEEP_APT_NOINDEX_POLICY,
https://www.finmaphub.com/en/market/real-estate/apt/11440||아현동|마포래미안푸르지오3단지,en,real-estate-apt-detail,NOINDEX,실패함,EXPECTED_NOINDEX,true,200_IF_DB_ROW_EXISTS,"noindex,follow + X-Robots-Tag",https://www.finmaphub.com/en/market/real-estate/apt/11440||아현동|마포래미안푸르지오3단지,true,true,false,1,db-dependent,,KEEP_APT_NOINDEX_POLICY,
https://www.finmaphub.com/en/market/real-estate/apt/11320||창동|주공19단지(창동리버타운),en,real-estate-apt-detail,NOINDEX,실패함,EXPECTED_NOINDEX,true,200_IF_DB_ROW_EXISTS,"noindex,follow + X-Robots-Tag",https://www.finmaphub.com/en/market/real-estate/apt/11320||창동|주공19단지(창동리버타운),true,true,false,1,db-dependent,,KEEP_APT_NOINDEX_POLICY,
https://www.finmaphub.com/market/real-estate/apt/11440||현석동|강변힐스테이트,ko,real-estate-apt-detail,NOINDEX,실패함,EXPECTED_NOINDEX,true,200_IF_DB_ROW_EXISTS,"noindex,follow + X-Robots-Tag",https://www.finmaphub.com/market/real-estate/apt/11440||현석동|강변힐스테이트,true,true,false,1,db-dependent,,KEEP_APT_NOINDEX_POLICY,
https://www.finmaphub.com/en/market/real-estate/apt/11200||행당동|행당두산위브,en,real-estate-apt-detail,NOINDEX,실패함,EXPECTED_NOINDEX,true,200_IF_DB_ROW_EXISTS,"noindex,follow + X-Robots-Tag",https://www.finmaphub.com/en/market/real-estate/apt/11200||행당동|행당두산위브,true,true,false,1,db-dependent,,KEEP_APT_NOINDEX_POLICY,
https://www.finmaphub.com/en/market/real-estate/apt/11440||현석동|래미안웰스트림,en,real-estate-apt-detail,NOINDEX,실패함,EXPECTED_NOINDEX,true,200_IF_DB_ROW_EXISTS,"noindex,follow + X-Robots-Tag",https://www.finmaphub.com/en/market/real-estate/apt/11440||현석동|래미안웰스트림,true,true,false,1,db-dependent,,KEEP_APT_NOINDEX_POLICY,
https://www.finmaphub.com/en/market/real-estate/apt/11500||마곡동|마곡엠밸리2단지,en,real-estate-apt-detail,NOINDEX,실패함,EXPECTED_NOINDEX,true,200_IF_DB_ROW_EXISTS,"noindex,follow + X-Robots-Tag",https://www.finmaphub.com/en/market/real-estate/apt/11500||마곡동|마곡엠밸리2단지,true,true,false,1,db-dependent,,KEEP_APT_NOINDEX_POLICY,
https://www.finmaphub.com/market/real-estate/apt/11560||여의도동|공작,ko,real-estate-apt-detail,NOINDEX,실패함,EXPECTED_NOINDEX,true,200_IF_DB_ROW_EXISTS,"noindex,follow + X-Robots-Tag",https://www.finmaphub.com/market/real-estate/apt/11560||여의도동|공작,true,true,false,1,db-dependent,,KEEP_APT_NOINDEX_POLICY,
https://www.finmaphub.com/en/market/real-estate/apt/11650||방배동|삼호3,en,real-estate-apt-detail,NOINDEX,실패함,EXPECTED_NOINDEX,true,200_IF_DB_ROW_EXISTS,"noindex,follow + X-Robots-Tag",https://www.finmaphub.com/en/market/real-estate/apt/11650||방배동|삼호3,true,true,false,1,db-dependent,,KEEP_APT_NOINDEX_POLICY,
https://www.finmaphub.com/en/market/real-estate/apt/11440||아현동|마포래미안푸르지오4단지,en,real-estate-apt-detail,NOINDEX,실패함,EXPECTED_NOINDEX,true,200_IF_DB_ROW_EXISTS,"noindex,follow + X-Robots-Tag",https://www.finmaphub.com/en/market/real-estate/apt/11440||아현동|마포래미안푸르지오4단지,true,true,false,1,db-dependent,,KEEP_APT_NOINDEX_POLICY,
https://www.finmaphub.com/market/real-estate/apt/11710||방이동|광명아파트,ko,real-estate-apt-detail,NOINDEX,실패함,EXPECTED_NOINDEX,true,200_IF_DB_ROW_EXISTS,"noindex,follow + X-Robots-Tag",https://www.finmaphub.com/market/real-estate/apt/11710||방이동|광명아파트,true,true,false,1,db-dependent,,KEEP_APT_NOINDEX_POLICY,
https://www.finmaphub.com/en/market/real-estate/apt/11440||상수동|상수두산위브,en,real-estate-apt-detail,NOINDEX,실패함,EXPECTED_NOINDEX,true,200_IF_DB_ROW_EXISTS,"noindex,follow + X-Robots-Tag",https://www.finmaphub.com/en/market/real-estate/apt/11440||상수동|상수두산위브,true,true,false,1,db-dependent,,KEEP_APT_NOINDEX_POLICY,
https://www.finmaphub.com/market/real-estate/apt/41410||산본동|우륵,ko,real-estate-apt-detail,NOINDEX,실패함,EXPECTED_NOINDEX,true,200_IF_DB_ROW_EXISTS,"noindex,follow + X-Robots-Tag",https://www.finmaphub.com/market/real-estate/apt/41410||산본동|우륵,true,true,false,1,db-dependent,,KEEP_APT_NOINDEX_POLICY,
https://www.finmaphub.com/en/market/real-estate/apt/11200||응봉동|서울숲리버그린동아아파트,en,real-estate-apt-detail,NOINDEX,실패함,EXPECTED_NOINDEX,true,200_IF_DB_ROW_EXISTS,"noindex,follow + X-Robots-Tag",https://www.finmaphub.com/en/market/real-estate/apt/11200||응봉동|서울숲리버그린동아아파트,true,true,false,1,db-dependent,,KEEP_APT_NOINDEX_POLICY,
https://www.finmaphub.com/market/real-estate/apt/11200||행당동|서울숲행당푸르지오,ko,real-estate-apt-detail,NOINDEX,실패함,EXPECTED_NOINDEX,true,200_IF_DB_ROW_EXISTS,"noindex,follow + X-Robots-Tag",https://www.finmaphub.com/market/real-estate/apt/11200||행당동|서울숲행당푸르지오,true,true,false,1,db-dependent,,KEEP_APT_NOINDEX_POLICY,
https://www.finmaphub.com/en/market/real-estate/apt/11710||잠실동|레이크팰리스?timeframe=month&period=202603&band=all&sido=11,en,real-estate-apt-detail,NOINDEX,실패함,EXPECTED_CANONICAL_ALT,true,200_IF_DB_ROW_EXISTS,"noindex,follow + X-Robots-Tag",https://www.finmaphub.com/en/market/real-estate/apt/11710||잠실동|레이크팰리스,false,true,false,0,db-dependent,,KEEP_CANONICAL_ALT_NO_SITEMAP,
https://www.finmaphub.com/en/market/real-estate/apt/11170||이촌동|강촌,en,real-estate-apt-detail,NOINDEX,실패함,EXPECTED_NOINDEX,true,200_IF_DB_ROW_EXISTS,"noindex,follow + X-Robots-Tag",https://www.finmaphub.com/en/market/real-estate/apt/11170||이촌동|강촌,true,true,false,1,db-dependent,,KEEP_APT_NOINDEX_POLICY,
https://www.finmaphub.com/en/market/real-estate/apt/11440||공덕동|래미안공덕5차,en,real-estate-apt-detail,NOINDEX,실패함,EXPECTED_NOINDEX,true,200_IF_DB_ROW_EXISTS,"noindex,follow + X-Robots-Tag",https://www.finmaphub.com/en/market/real-estate/apt/11440||공덕동|래미안공덕5차,true,true,false,1,db-dependent,,KEEP_APT_NOINDEX_POLICY,
https://www.finmaphub.com/market/real-estate/apt/11440||용강동|이편한세상마포리버파크,ko,real-estate-apt-detail,NOINDEX,실패함,EXPECTED_NOINDEX,true,200_IF_DB_ROW_EXISTS,"noindex,follow + X-Robots-Tag",https://www.finmaphub.com/market/real-estate/apt/11440||용강동|이편한세상마포리버파크,true,true,false,1,db-dependent,,KEEP_APT_NOINDEX_POLICY,
https://www.finmaphub.com/market/real-estate/apt/11680||압구정동|미성1차,ko,real-estate-apt-detail,NOINDEX,실패함,EXPECTED_NOINDEX,true,200_IF_DB_ROW_EXISTS,"noindex,follow + X-Robots-Tag",https://www.finmaphub.com/market/real-estate/apt/11680||압구정동|미성1차,true,true,false,1,db-dependent,,KEEP_APT_NOINDEX_POLICY,
https://www.finmaphub.com/en/market/real-estate/apt/11440||신공덕동|신공덕래미안3차,en,real-estate-apt-detail,NOINDEX,실패함,EXPECTED_NOINDEX,true,200_IF_DB_ROW_EXISTS,"noindex,follow + X-Robots-Tag",https://www.finmaphub.com/en/market/real-estate/apt/11440||신공덕동|신공덕래미안3차,true,true,false,1,db-dependent,,KEEP_APT_NOINDEX_POLICY,
https://www.finmaphub.com/en/market/real-estate/apt/11440||용강동|이편한세상마포리버파크,en,real-estate-apt-detail,NOINDEX,실패함,EXPECTED_NOINDEX,true,200_IF_DB_ROW_EXISTS,"noindex,follow + X-Robots-Tag",https://www.finmaphub.com/en/market/real-estate/apt/11440||용강동|이편한세상마포리버파크,true,true,false,1,db-dependent,,KEEP_APT_NOINDEX_POLICY,
https://www.finmaphub.com/market/real-estate/apt/11650||방배동|방배우성,ko,real-estate-apt-detail,NOINDEX,실패함,EXPECTED_NOINDEX,true,200_IF_DB_ROW_EXISTS,"noindex,follow + X-Robots-Tag",https://www.finmaphub.com/market/real-estate/apt/11650||방배동|방배우성,true,true,false,1,db-dependent,,KEEP_APT_NOINDEX_POLICY,
https://www.finmaphub.com/market/real-estate/apt/11710||가락동|테라펠리체송파,ko,real-estate-apt-detail,NOINDEX,실패함,EXPECTED_NOINDEX,true,200_IF_DB_ROW_EXISTS,"noindex,follow + X-Robots-Tag",https://www.finmaphub.com/market/real-estate/apt/11710||가락동|테라펠리체송파,true,true,false,1,db-dependent,,KEEP_APT_NOINDEX_POLICY,
https://www.finmaphub.com/en/market/real-estate/apt/41390||하상동|연꽃마을대우삼호아파트,en,real-estate-apt-detail,NOINDEX,실패함,EXPECTED_NOINDEX,true,200_IF_DB_ROW_EXISTS,"noindex,follow + X-Robots-Tag",https://www.finmaphub.com/en/market/real-estate/apt/41390||하상동|연꽃마을대우삼호아파트,true,true,false,1,db-dependent,,KEEP_APT_NOINDEX_POLICY,
https://www.finmaphub.com/market/real-estate/apt/11680||논현동|동현아파트1~6,ko,real-estate-apt-detail,NOINDEX,실패함,EXPECTED_NOINDEX,true,200_IF_DB_ROW_EXISTS,"noindex,follow + X-Robots-Tag",https://www.finmaphub.com/market/real-estate/apt/11680||논현동|동현아파트1~6,true,true,false,1,db-dependent,,KEEP_APT_NOINDEX_POLICY,
https://www.finmaphub.com/market/real-estate/apt/11170||한강로3가|시티파크(2단지),ko,real-estate-apt-detail,NOINDEX,실패함,EXPECTED_NOINDEX,true,200_IF_DB_ROW_EXISTS,"noindex,follow + X-Robots-Tag",https://www.finmaphub.com/market/real-estate/apt/11170||한강로3가|시티파크(2단지),true,true,false,1,db-dependent,,KEEP_APT_NOINDEX_POLICY,
https://www.finmaphub.com/market/real-estate/apt/11680||도곡동|타워팰리스2,ko,real-estate-apt-detail,NOINDEX,실패함,EXPECTED_NOINDEX,true,200_IF_DB_ROW_EXISTS,"noindex,follow + X-Robots-Tag",https://www.finmaphub.com/market/real-estate/apt/11680||도곡동|타워팰리스2,true,true,false,1,db-dependent,,KEEP_APT_NOINDEX_POLICY,
https://www.finmaphub.com/market/real-estate/apt/11170||이촌동|삼익,ko,real-estate-apt-detail,NOINDEX,실패함,EXPECTED_NOINDEX,true,200_IF_DB_ROW_EXISTS,"noindex,follow + X-Robots-Tag",https://www.finmaphub.com/market/real-estate/apt/11170||이촌동|삼익,true,true,false,1,db-dependent,,KEEP_APT_NOINDEX_POLICY,
https://www.finmaphub.com/en/market/real-estate/apt/11560||여의도동|미성,en,real-estate-apt-detail,NOINDEX,실패함,EXPECTED_NOINDEX,true,200_IF_DB_ROW_EXISTS,"noindex,follow + X-Robots-Tag",https://www.finmaphub.com/en/market/real-estate/apt/11560||여의도동|미성,true,true,false,1,db-dependent,,KEEP_APT_NOINDEX_POLICY,
https://www.finmaphub.com/market/real-estate/apt/11650||반포동|아크로리버파크,ko,real-estate-apt-detail,NOINDEX,실패함,EXPECTED_NOINDEX,true,200_IF_DB_ROW_EXISTS,"noindex,follow + X-Robots-Tag",https://www.finmaphub.com/market/real-estate/apt/11650||반포동|아크로리버파크,true,true,false,1,db-dependent,,KEEP_APT_NOINDEX_POLICY,
https://www.finmaphub.com/market/real-estate/apt/11170||신계동|용산e편한세상,ko,real-estate-apt-detail,NOINDEX,실패함,EXPECTED_NOINDEX,true,200_IF_DB_ROW_EXISTS,"noindex,follow + X-Robots-Tag",https://www.finmaphub.com/market/real-estate/apt/11170||신계동|용산e편한세상,true,true,false,1,db-dependent,,KEEP_APT_NOINDEX_POLICY,
https://www.finmaphub.com/market/real-estate/apt/11650||잠원동|반포센트럴자이,ko,real-estate-apt-detail,NOINDEX,실패함,EXPECTED_NOINDEX,true,200_IF_DB_ROW_EXISTS,"noindex,follow + X-Robots-Tag",https://www.finmaphub.com/market/real-estate/apt/11650||잠원동|반포센트럴자이,true,true,false,1,db-dependent,,KEEP_APT_NOINDEX_POLICY,
https://www.finmaphub.com/market/real-estate/apt/11710||송파동|호수,ko,real-estate-apt-detail,NOINDEX,실패함,EXPECTED_NOINDEX,true,200_IF_DB_ROW_EXISTS,"noindex,follow + X-Robots-Tag",https://www.finmaphub.com/market/real-estate/apt/11710||송파동|호수,true,true,false,1,db-dependent,,KEEP_APT_NOINDEX_POLICY,
https://www.finmaphub.com/en/market/real-estate/apt/11440||아현동|더클래시,en,real-estate-apt-detail,NOINDEX,실패함,EXPECTED_NOINDEX,true,200_IF_DB_ROW_EXISTS,"noindex,follow + X-Robots-Tag",https://www.finmaphub.com/en/market/real-estate/apt/11440||아현동|더클래시,true,true,false,1,db-dependent,,KEEP_APT_NOINDEX_POLICY,
https://www.finmaphub.com/market/real-estate/apt/11710||문정동|주성파크뷰,ko,real-estate-apt-detail,NOINDEX,실패함,EXPECTED_NOINDEX,true,200_IF_DB_ROW_EXISTS,"noindex,follow + X-Robots-Tag",https://www.finmaphub.com/market/real-estate/apt/11710||문정동|주성파크뷰,true,true,false,1,db-dependent,,KEEP_APT_NOINDEX_POLICY,
https://www.finmaphub.com/market/real-estate/apt/11650||잠원동|동아,ko,real-estate-apt-detail,NOINDEX,실패함,EXPECTED_NOINDEX,true,200_IF_DB_ROW_EXISTS,"noindex,follow + X-Robots-Tag",https://www.finmaphub.com/market/real-estate/apt/11650||잠원동|동아,true,true,false,1,db-dependent,,KEEP_APT_NOINDEX_POLICY,
https://www.finmaphub.com/en/market/real-estate/apt/11440||용강동|래미안마포리버웰,en,real-estate-apt-detail,NOINDEX,실패함,EXPECTED_NOINDEX,true,200_IF_DB_ROW_EXISTS,"noindex,follow + X-Robots-Tag",https://www.finmaphub.com/en/market/real-estate/apt/11440||용강동|래미안마포리버웰,true,true,false,1,db-dependent,,KEEP_APT_NOINDEX_POLICY,
https://www.finmaphub.com/market/real-estate/apt/11440||용강동|래미안마포리버웰,ko,real-estate-apt-detail,NOINDEX,실패함,EXPECTED_NOINDEX,true,200_IF_DB_ROW_EXISTS,"noindex,follow + X-Robots-Tag",https://www.finmaphub.com/market/real-estate/apt/11440||용강동|래미안마포리버웰,true,true,false,1,db-dependent,,KEEP_APT_NOINDEX_POLICY,
https://www.finmaphub.com/en/market/real-estate/apt/11200||옥수동|옥수파크힐스117동~125동,en,real-estate-apt-detail,NOINDEX,실패함,EXPECTED_NOINDEX,true,200_IF_DB_ROW_EXISTS,"noindex,follow + X-Robots-Tag",https://www.finmaphub.com/en/market/real-estate/apt/11200||옥수동|옥수파크힐스117동~125동,true,true,false,1,db-dependent,,KEEP_APT_NOINDEX_POLICY,
https://www.finmaphub.com/market/real-estate/apt/11650||반포동|반포래미안아이파크,ko,real-estate-apt-detail,NOINDEX,실패함,EXPECTED_NOINDEX,true,200_IF_DB_ROW_EXISTS,"noindex,follow + X-Robots-Tag",https://www.finmaphub.com/market/real-estate/apt/11650||반포동|반포래미안아이파크,true,true,false,1,db-dependent,,KEEP_APT_NOINDEX_POLICY,
https://www.finmaphub.com/en/market/real-estate/apt/11170||이촌동|강변,en,real-estate-apt-detail,NOINDEX,실패함,EXPECTED_NOINDEX,true,200_IF_DB_ROW_EXISTS,"noindex,follow + X-Robots-Tag",https://www.finmaphub.com/en/market/real-estate/apt/11170||이촌동|강변,true,true,false,1,db-dependent,,KEEP_APT_NOINDEX_POLICY,
https://www.finmaphub.com/market/real-estate/apt/11650||방배동|방배그랑자이,ko,real-estate-apt-detail,NOINDEX,실패함,EXPECTED_NOINDEX,true,200_IF_DB_ROW_EXISTS,"noindex,follow + X-Robots-Tag",https://www.finmaphub.com/market/real-estate/apt/11650||방배동|방배그랑자이,true,true,false,1,db-dependent,,KEEP_APT_NOINDEX_POLICY,
https://www.finmaphub.com/en/market/real-estate/apt/11170||한강로2가|래미안용산더센트럴,en,real-estate-apt-detail,NOINDEX,실패함,EXPECTED_NOINDEX,true,200_IF_DB_ROW_EXISTS,"noindex,follow + X-Robots-Tag",https://www.finmaphub.com/en/market/real-estate/apt/11170||한강로2가|래미안용산더센트럴,true,true,false,1,db-dependent,,KEEP_APT_NOINDEX_POLICY,
https://www.finmaphub.com/market/real-estate/apt/11710||풍납동|현대리버빌2지구,ko,real-estate-apt-detail,NOINDEX,실패함,EXPECTED_NOINDEX,true,200_IF_DB_ROW_EXISTS,"noindex,follow + X-Robots-Tag",https://www.finmaphub.com/market/real-estate/apt/11710||풍납동|현대리버빌2지구,true,true,false,1,db-dependent,,KEEP_APT_NOINDEX_POLICY,
https://www.finmaphub.com/market/real-estate/apt/11710||삼전동|에이메스더리버송파,ko,real-estate-apt-detail,NOINDEX,실패함,EXPECTED_NOINDEX,true,200_IF_DB_ROW_EXISTS,"noindex,follow + X-Robots-Tag",https://www.finmaphub.com/market/real-estate/apt/11710||삼전동|에이메스더리버송파,true,true,false,1,db-dependent,,KEEP_APT_NOINDEX_POLICY,
https://www.finmaphub.com/market/real-estate/apt/11710||방이동|올림픽카운티,ko,real-estate-apt-detail,NOINDEX,실패함,EXPECTED_NOINDEX,true,200_IF_DB_ROW_EXISTS,"noindex,follow + X-Robots-Tag",https://www.finmaphub.com/market/real-estate/apt/11710||방이동|올림픽카운티,true,true,false,1,db-dependent,,KEEP_APT_NOINDEX_POLICY,
https://www.finmaphub.com/en/market/real-estate/apt/11500||방화동|방화동동부센트레빌(875번지),en,real-estate-apt-detail,NOINDEX,실패함,EXPECTED_NOINDEX,true,200_IF_DB_ROW_EXISTS,"noindex,follow + X-Robots-Tag",https://www.finmaphub.com/en/market/real-estate/apt/11500||방화동|방화동동부센트레빌(875번지),true,true,false,1,db-dependent,,KEEP_APT_NOINDEX_POLICY,
https://www.finmaphub.com/market/real-estate/apt/11710||석촌동|잠실한솔,ko,real-estate-apt-detail,NOINDEX,실패함,EXPECTED_NOINDEX,true,200_IF_DB_ROW_EXISTS,"noindex,follow + X-Robots-Tag",https://www.finmaphub.com/market/real-estate/apt/11710||석촌동|잠실한솔,true,true,false,1,db-dependent,,KEEP_APT_NOINDEX_POLICY,
https://www.finmaphub.com/en/market/real-estate/apt/11200||옥수동|옥수파크힐스101동~116동,en,real-estate-apt-detail,NOINDEX,실패함,EXPECTED_NOINDEX,true,200_IF_DB_ROW_EXISTS,"noindex,follow + X-Robots-Tag",https://www.finmaphub.com/en/market/real-estate/apt/11200||옥수동|옥수파크힐스101동~116동,true,true,false,1,db-dependent,,KEEP_APT_NOINDEX_POLICY,
https://www.finmaphub.com/market/real-estate/apt/11440||신공덕동|펜트라우스,ko,real-estate-apt-detail,NOINDEX,실패함,EXPECTED_NOINDEX,true,200_IF_DB_ROW_EXISTS,"noindex,follow + X-Robots-Tag",https://www.finmaphub.com/market/real-estate/apt/11440||신공덕동|펜트라우스,true,true,false,1,db-dependent,,KEEP_APT_NOINDEX_POLICY,
https://www.finmaphub.com/market/real-estate/apt/11680||수서동|신동아,ko,real-estate-apt-detail,NOINDEX,실패함,EXPECTED_NOINDEX,true,200_IF_DB_ROW_EXISTS,"noindex,follow + X-Robots-Tag",https://www.finmaphub.com/market/real-estate/apt/11680||수서동|신동아,true,true,false,1,db-dependent,,KEEP_APT_NOINDEX_POLICY,
https://www.finmaphub.com/market/real-estate/apt/11200||하왕십리동|왕십리풍림아이원,ko,real-estate-apt-detail,NOINDEX,실패함,EXPECTED_NOINDEX,true,200_IF_DB_ROW_EXISTS,"noindex,follow + X-Robots-Tag",https://www.finmaphub.com/market/real-estate/apt/11200||하왕십리동|왕십리풍림아이원,true,true,false,1,db-dependent,,KEEP_APT_NOINDEX_POLICY,
https://www.finmaphub.com/market/real-estate/apt/11500||등촌동|서광등촌마을아파트,ko,real-estate-apt-detail,NOINDEX,실패함,EXPECTED_NOINDEX,true,200_IF_DB_ROW_EXISTS,"noindex,follow + X-Robots-Tag",https://www.finmaphub.com/market/real-estate/apt/11500||등촌동|서광등촌마을아파트,true,true,false,1,db-dependent,,KEEP_APT_NOINDEX_POLICY,
https://www.finmaphub.com/market/real-estate/apt/11350||상계동|상계주공11(고층),ko,real-estate-apt-detail,NOINDEX,실패함,EXPECTED_NOINDEX,true,200_IF_DB_ROW_EXISTS,"noindex,follow + X-Robots-Tag",https://www.finmaphub.com/market/real-estate/apt/11350||상계동|상계주공11(고층),true,true,false,1,db-dependent,,KEEP_APT_NOINDEX_POLICY,
https://www.finmaphub.com/en/market/real-estate/apt/11710||석촌동|잠실한솔,en,real-estate-apt-detail,NOINDEX,실패함,EXPECTED_NOINDEX,true,200_IF_DB_ROW_EXISTS,"noindex,follow + X-Robots-Tag",https://www.finmaphub.com/en/market/real-estate/apt/11710||석촌동|잠실한솔,true,true,false,1,db-dependent,,KEEP_APT_NOINDEX_POLICY,
https://www.finmaphub.com/en/market/real-estate/apt/11200||옥수동|극동그린,en,real-estate-apt-detail,NOINDEX,실패함,EXPECTED_NOINDEX,true,200_IF_DB_ROW_EXISTS,"noindex,follow + X-Robots-Tag",https://www.finmaphub.com/en/market/real-estate/apt/11200||옥수동|극동그린,true,true,false,1,db-dependent,,KEEP_APT_NOINDEX_POLICY,
https://www.finmaphub.com/en/market/real-estate/apt/28237||청천동|청천푸르지오,en,real-estate-apt-detail,NOINDEX,실패함,EXPECTED_NOINDEX,true,200_IF_DB_ROW_EXISTS,"noindex,follow + X-Robots-Tag",https://www.finmaphub.com/en/market/real-estate/apt/28237||청천동|청천푸르지오,true,true,false,1,db-dependent,,KEEP_APT_NOINDEX_POLICY,
https://www.finmaphub.com/en/market/real-estate/apt/11440||도화동|현대홈타운,en,real-estate-apt-detail,NOINDEX,실패함,EXPECTED_NOINDEX,true,200_IF_DB_ROW_EXISTS,"noindex,follow + X-Robots-Tag",https://www.finmaphub.com/en/market/real-estate/apt/11440||도화동|현대홈타운,true,true,false,1,db-dependent,,KEEP_APT_NOINDEX_POLICY,
https://www.finmaphub.com/market/real-estate/apt/11440||상암동|상암월드컵파크4단지,ko,real-estate-apt-detail,NOINDEX,실패함,EXPECTED_NOINDEX,true,200_IF_DB_ROW_EXISTS,"noindex,follow + X-Robots-Tag",https://www.finmaphub.com/market/real-estate/apt/11440||상암동|상암월드컵파크4단지,true,true,false,1,db-dependent,,KEEP_APT_NOINDEX_POLICY,
https://www.finmaphub.com/en/market/real-estate/apt/11440||창전동|해모로,en,real-estate-apt-detail,NOINDEX,실패함,EXPECTED_NOINDEX,true,200_IF_DB_ROW_EXISTS,"noindex,follow + X-Robots-Tag",https://www.finmaphub.com/en/market/real-estate/apt/11440||창전동|해모로,true,true,false,1,db-dependent,,KEEP_APT_NOINDEX_POLICY,
https://www.finmaphub.com/market/real-estate/apt/11290||돈암동|이수브라운스톤돈암,ko,real-estate-apt-detail,NOINDEX,실패함,EXPECTED_NOINDEX,true,200_IF_DB_ROW_EXISTS,"noindex,follow + X-Robots-Tag",https://www.finmaphub.com/market/real-estate/apt/11290||돈암동|이수브라운스톤돈암,true,true,false,1,db-dependent,,KEEP_APT_NOINDEX_POLICY,
https://www.finmaphub.com/market/real-estate/apt/41130|분당구|정자동|파크뷰,ko,real-estate-apt-detail,NOINDEX,실패함,EXPECTED_NOINDEX,true,200_IF_DB_ROW_EXISTS,"noindex,follow + X-Robots-Tag",https://www.finmaphub.com/market/real-estate/apt/41130|분당구|정자동|파크뷰,true,true,false,1,db-dependent,,KEEP_APT_NOINDEX_POLICY,
https://www.finmaphub.com/market/real-estate/apt/11500||가양동|가양강나루현대,ko,real-estate-apt-detail,NOINDEX,실패함,EXPECTED_NOINDEX,true,200_IF_DB_ROW_EXISTS,"noindex,follow + X-Robots-Tag",https://www.finmaphub.com/market/real-estate/apt/11500||가양동|가양강나루현대,true,true,false,1,db-dependent,,KEEP_APT_NOINDEX_POLICY,
https://www.finmaphub.com/market/real-estate/apt/11500||염창동|극동상록수,ko,real-estate-apt-detail,NOINDEX,실패함,EXPECTED_NOINDEX,true,200_IF_DB_ROW_EXISTS,"noindex,follow + X-Robots-Tag",https://www.finmaphub.com/market/real-estate/apt/11500||염창동|극동상록수,true,true,false,1,db-dependent,,KEEP_APT_NOINDEX_POLICY,
https://www.finmaphub.com/en/market/real-estate/apt/41270|상록구|사동|안산고잔6차푸르지오,en,real-estate-apt-detail,NOINDEX,실패함,EXPECTED_NOINDEX,true,200_IF_DB_ROW_EXISTS,"noindex,follow + X-Robots-Tag",https://www.finmaphub.com/en/market/real-estate/apt/41270|상록구|사동|안산고잔6차푸르지오,true,true,false,1,db-dependent,,KEEP_APT_NOINDEX_POLICY,
https://www.finmaphub.com/market/real-estate/apt/11500||방화동|방화3차우림필유,ko,real-estate-apt-detail,NOINDEX,실패함,EXPECTED_NOINDEX,true,200_IF_DB_ROW_EXISTS,"noindex,follow + X-Robots-Tag",https://www.finmaphub.com/market/real-estate/apt/11500||방화동|방화3차우림필유,true,true,false,1,db-dependent,,KEEP_APT_NOINDEX_POLICY,
https://www.finmaphub.com/market/real-estate/apt/11710||오금동|송파두산위브,ko,real-estate-apt-detail,NOINDEX,실패함,EXPECTED_NOINDEX,true,200_IF_DB_ROW_EXISTS,"noindex,follow + X-Robots-Tag",https://www.finmaphub.com/market/real-estate/apt/11710||오금동|송파두산위브,true,true,false,1,db-dependent,,KEEP_APT_NOINDEX_POLICY,
https://www.finmaphub.com/en/market/real-estate/apt/11440||서교동|메세나폴리스,en,real-estate-apt-detail,NOINDEX,실패함,EXPECTED_NOINDEX,true,200_IF_DB_ROW_EXISTS,"noindex,follow + X-Robots-Tag",https://www.finmaphub.com/en/market/real-estate/apt/11440||서교동|메세나폴리스,true,true,false,1,db-dependent,,KEEP_APT_NOINDEX_POLICY,
https://www.finmaphub.com/market/real-estate/apt/11710||방이동|올림픽선수기자촌3단지,ko,real-estate-apt-detail,NOINDEX,실패함,EXPECTED_NOINDEX,true,200_IF_DB_ROW_EXISTS,"noindex,follow + X-Robots-Tag",https://www.finmaphub.com/market/real-estate/apt/11710||방이동|올림픽선수기자촌3단지,true,true,false,1,db-dependent,,KEEP_APT_NOINDEX_POLICY,
https://www.finmaphub.com/market/real-estate/apt/41270|단원구|선부동|공작한양(고층),ko,real-estate-apt-detail,NOINDEX,실패함,EXPECTED_NOINDEX,true,200_IF_DB_ROW_EXISTS,"noindex,follow + X-Robots-Tag",https://www.finmaphub.com/market/real-estate/apt/41270|단원구|선부동|공작한양(고층),true,true,false,1,db-dependent,,KEEP_APT_NOINDEX_POLICY,
https://www.finmaphub.com/en/market/real-estate/apt/11200||하왕십리동|극동미라주,en,real-estate-apt-detail,NOINDEX,실패함,EXPECTED_NOINDEX,true,200_IF_DB_ROW_EXISTS,"noindex,follow + X-Robots-Tag",https://www.finmaphub.com/en/market/real-estate/apt/11200||하왕십리동|극동미라주,true,true,false,1,db-dependent,,KEEP_APT_NOINDEX_POLICY,
"https://www.finmaphub.com/market/real-estate/apt/11500||등촌동|진로,미주아파트",ko,real-estate-apt-detail,NOINDEX,실패함,EXPECTED_NOINDEX,true,200_IF_DB_ROW_EXISTS,"noindex,follow + X-Robots-Tag","https://www.finmaphub.com/market/real-estate/apt/11500||등촌동|진로,미주아파트",true,true,false,1,db-dependent,,KEEP_APT_NOINDEX_POLICY,
https://www.finmaphub.com/en/market/real-estate/apt/11170||이촌동|이촌코오롱(A),en,real-estate-apt-detail,NOINDEX,실패함,EXPECTED_NOINDEX,true,200_IF_DB_ROW_EXISTS,"noindex,follow + X-Robots-Tag",https://www.finmaphub.com/en/market/real-estate/apt/11170||이촌동|이촌코오롱(A),true,true,false,1,db-dependent,,KEEP_APT_NOINDEX_POLICY,
https://www.finmaphub.com/market/real-estate/apt/11200||금호동4가|서울숲르씨엘,ko,real-estate-apt-detail,NOINDEX,실패함,EXPECTED_NOINDEX,true,200_IF_DB_ROW_EXISTS,"noindex,follow + X-Robots-Tag",https://www.finmaphub.com/market/real-estate/apt/11200||금호동4가|서울숲르씨엘,true,true,false,1,db-dependent,,KEEP_APT_NOINDEX_POLICY,
https://www.finmaphub.com/market/real-estate/apt/11500||마곡동|마곡보타닉경남아너스빌,ko,real-estate-apt-detail,NOINDEX,실패함,EXPECTED_NOINDEX,true,200_IF_DB_ROW_EXISTS,"noindex,follow + X-Robots-Tag",https://www.finmaphub.com/market/real-estate/apt/11500||마곡동|마곡보타닉경남아너스빌,true,true,false,1,db-dependent,,KEEP_APT_NOINDEX_POLICY,
https://www.finmaphub.com/en/market/real-estate/apt/11200||금호동3가|두산,en,real-estate-apt-detail,NOINDEX,실패함,EXPECTED_NOINDEX,true,200_IF_DB_ROW_EXISTS,"noindex,follow + X-Robots-Tag",https://www.finmaphub.com/en/market/real-estate/apt/11200||금호동3가|두산,true,true,false,1,db-dependent,,KEEP_APT_NOINDEX_POLICY,
https://www.finmaphub.com/en/market/real-estate/apt/11680||청담동|삼성청담공원아파트,en,real-estate-apt-detail,NOINDEX,실패함,EXPECTED_NOINDEX,true,200_IF_DB_ROW_EXISTS,"noindex,follow + X-Robots-Tag",https://www.finmaphub.com/en/market/real-estate/apt/11680||청담동|삼성청담공원아파트,true,true,false,1,db-dependent,,KEEP_APT_NOINDEX_POLICY,
https://www.finmaphub.com/market/real-estate/apt/11200||하왕십리동|텐즈힐(1단지),ko,real-estate-apt-detail,NOINDEX,실패함,EXPECTED_NOINDEX,true,200_IF_DB_ROW_EXISTS,"noindex,follow + X-Robots-Tag",https://www.finmaphub.com/market/real-estate/apt/11200||하왕십리동|텐즈힐(1단지),true,true,false,1,db-dependent,,KEEP_APT_NOINDEX_POLICY,
https://www.finmaphub.com/market/real-estate/apt/11200||금호동1가|이편한세상금호파크힐스,ko,real-estate-apt-detail,NOINDEX,실패함,EXPECTED_NOINDEX,true,200_IF_DB_ROW_EXISTS,"noindex,follow + X-Robots-Tag",https://www.finmaphub.com/market/real-estate/apt/11200||금호동1가|이편한세상금호파크힐스,true,true,false,1,db-dependent,,KEEP_APT_NOINDEX_POLICY,
"https://www.finmaphub.com/en/market/real-estate/apt/28185||연수동|승기마을,연수1차시영",en,real-estate-apt-detail,NOINDEX,실패함,EXPECTED_NOINDEX,true,200_IF_DB_ROW_EXISTS,"noindex,follow + X-Robots-Tag","https://www.finmaphub.com/en/market/real-estate/apt/28185||연수동|승기마을,연수1차시영",true,true,false,1,db-dependent,,KEEP_APT_NOINDEX_POLICY,
https://www.finmaphub.com/market/real-estate/apt/11710||잠실동|레이크팰리스?timeframe=month&period=202603&band=all&sido=11,ko,real-estate-apt-detail,NOINDEX,실패함,EXPECTED_CANONICAL_ALT,true,200_IF_DB_ROW_EXISTS,"noindex,follow + X-Robots-Tag",https://www.finmaphub.com/market/real-estate/apt/11710||잠실동|레이크팰리스,false,true,false,0,db-dependent,,KEEP_CANONICAL_ALT_NO_SITEMAP,
https://www.finmaphub.com/en/market/real-estate/apt/41270|단원구|선부동|군자주공12,en,real-estate-apt-detail,NOINDEX,실패함,EXPECTED_NOINDEX,true,200_IF_DB_ROW_EXISTS,"noindex,follow + X-Robots-Tag",https://www.finmaphub.com/en/market/real-estate/apt/41270|단원구|선부동|군자주공12,true,true,false,1,db-dependent,,KEEP_APT_NOINDEX_POLICY,
https://www.finmaphub.com/en/market/real-estate/apt/41280|덕양구|화정동|은빛마을11단지,en,real-estate-apt-detail,NOINDEX,실패함,EXPECTED_NOINDEX,true,200_IF_DB_ROW_EXISTS,"noindex,follow + X-Robots-Tag",https://www.finmaphub.com/en/market/real-estate/apt/41280|덕양구|화정동|은빛마을11단지,true,true,false,1,db-dependent,,KEEP_APT_NOINDEX_POLICY,
https://www.finmaphub.com/market/real-estate/apt/11710||오금동|상아2차아파트,ko,real-estate-apt-detail,NOINDEX,실패함,EXPECTED_NOINDEX,true,200_IF_DB_ROW_EXISTS,"noindex,follow + X-Robots-Tag",https://www.finmaphub.com/market/real-estate/apt/11710||오금동|상아2차아파트,true,true,false,1,db-dependent,,KEEP_APT_NOINDEX_POLICY,
https://www.finmaphub.com/market/real-estate/apt/41170|동안구|평촌동|초원마을대림,ko,real-estate-apt-detail,NOINDEX,실패함,EXPECTED_NOINDEX,true,200_IF_DB_ROW_EXISTS,"noindex,follow + X-Robots-Tag",https://www.finmaphub.com/market/real-estate/apt/41170|동안구|평촌동|초원마을대림,true,true,false,1,db-dependent,,KEEP_APT_NOINDEX_POLICY,
https://www.finmaphub.com/en/market/real-estate/apt/11200||금호동2가|신금호파크자이,en,real-estate-apt-detail,NOINDEX,실패함,EXPECTED_NOINDEX,true,200_IF_DB_ROW_EXISTS,"noindex,follow + X-Robots-Tag",https://www.finmaphub.com/en/market/real-estate/apt/11200||금호동2가|신금호파크자이,true,true,false,1,db-dependent,,KEEP_APT_NOINDEX_POLICY,
https://www.finmaphub.com/market/real-estate/apt/11500||등촌동|등촌라인(조합),ko,real-estate-apt-detail,NOINDEX,실패함,EXPECTED_NOINDEX,true,200_IF_DB_ROW_EXISTS,"noindex,follow + X-Robots-Tag",https://www.finmaphub.com/market/real-estate/apt/11500||등촌동|등촌라인(조합),true,true,false,1,db-dependent,,KEEP_APT_NOINDEX_POLICY,
https://www.finmaphub.com/en/market/real-estate/apt/11740||고덕동|래미안힐스테이트고덕,en,real-estate-apt-detail,NOINDEX,실패함,EXPECTED_NOINDEX,true,200_IF_DB_ROW_EXISTS,"noindex,follow + X-Robots-Tag",https://www.finmaphub.com/en/market/real-estate/apt/11740||고덕동|래미안힐스테이트고덕,true,true,false,1,db-dependent,,KEEP_APT_NOINDEX_POLICY,
https://www.finmaphub.com/en/market/real-estate/apt/28185||옥련동|럭키송도,en,real-estate-apt-detail,NOINDEX,실패함,EXPECTED_NOINDEX,true,200_IF_DB_ROW_EXISTS,"noindex,follow + X-Robots-Tag",https://www.finmaphub.com/en/market/real-estate/apt/28185||옥련동|럭키송도,true,true,false,1,db-dependent,,KEEP_APT_NOINDEX_POLICY,
https://www.finmaphub.com/en/market/real-estate/apt/41460|수지구|풍덕천동|용인수지신정마을9단지,en,real-estate-apt-detail,NOINDEX,실패함,EXPECTED_NOINDEX,true,200_IF_DB_ROW_EXISTS,"noindex,follow + X-Robots-Tag",https://www.finmaphub.com/en/market/real-estate/apt/41460|수지구|풍덕천동|용인수지신정마을9단지,true,true,false,1,db-dependent,,KEEP_APT_NOINDEX_POLICY,
https://www.finmaphub.com/en/market/real-estate/apt/41410||금정동|주공(1단지),en,real-estate-apt-detail,NOINDEX,실패함,EXPECTED_NOINDEX,true,200_IF_DB_ROW_EXISTS,"noindex,follow + X-Robots-Tag",https://www.finmaphub.com/en/market/real-estate/apt/41410||금정동|주공(1단지),true,true,false,1,db-dependent,,KEEP_APT_NOINDEX_POLICY,
https://www.finmaphub.com/market/real-estate/apt/11350||상계동|상계주공1(고층),ko,real-estate-apt-detail,NOINDEX,실패함,EXPECTED_NOINDEX,true,200_IF_DB_ROW_EXISTS,"noindex,follow + X-Robots-Tag",https://www.finmaphub.com/market/real-estate/apt/11350||상계동|상계주공1(고층),true,true,false,1,db-dependent,,KEEP_APT_NOINDEX_POLICY,
https://www.finmaphub.com/en/market/real-estate/apt/41630||고암동|주원마을(주공2단지),en,real-estate-apt-detail,NOINDEX,실패함,EXPECTED_NOINDEX,true,200_IF_DB_ROW_EXISTS,"noindex,follow + X-Robots-Tag",https://www.finmaphub.com/en/market/real-estate/apt/41630||고암동|주원마을(주공2단지),true,true,false,1,db-dependent,,KEEP_APT_NOINDEX_POLICY,
https://www.finmaphub.com/en/market/real-estate/apt/41270|상록구|성포동|선경,en,real-estate-apt-detail,NOINDEX,실패함,EXPECTED_NOINDEX,true,200_IF_DB_ROW_EXISTS,"noindex,follow + X-Robots-Tag",https://www.finmaphub.com/en/market/real-estate/apt/41270|상록구|성포동|선경,true,true,false,1,db-dependent,,KEEP_APT_NOINDEX_POLICY,
https://www.finmaphub.com/en/market/real-estate/apt/41480||금촌동|후곡마을4단지뜨란채주공,en,real-estate-apt-detail,NOINDEX,실패함,EXPECTED_NOINDEX,true,200_IF_DB_ROW_EXISTS,"noindex,follow + X-Robots-Tag",https://www.finmaphub.com/en/market/real-estate/apt/41480||금촌동|후곡마을4단지뜨란채주공,true,true,false,1,db-dependent,,KEEP_APT_NOINDEX_POLICY,
https://www.finmaphub.com/market/real-estate/apt/41280|덕양구|관산동|주공그린빌,ko,real-estate-apt-detail,NOINDEX,실패함,EXPECTED_NOINDEX,true,200_IF_DB_ROW_EXISTS,"noindex,follow + X-Robots-Tag",https://www.finmaphub.com/market/real-estate/apt/41280|덕양구|관산동|주공그린빌,true,true,false,1,db-dependent,,KEEP_APT_NOINDEX_POLICY,
https://www.finmaphub.com/en/market/real-estate/apt/41150||신곡동|신곡주공4,en,real-estate-apt-detail,NOINDEX,실패함,EXPECTED_NOINDEX,true,200_IF_DB_ROW_EXISTS,"noindex,follow + X-Robots-Tag",https://www.finmaphub.com/en/market/real-estate/apt/41150||신곡동|신곡주공4,true,true,false,1,db-dependent,,KEEP_APT_NOINDEX_POLICY,
https://www.finmaphub.com/market/real-estate/apt/11215||자양동|더샵스타시티,ko,real-estate-apt-detail,NOINDEX,실패함,EXPECTED_NOINDEX,true,200_IF_DB_ROW_EXISTS,"noindex,follow + X-Robots-Tag",https://www.finmaphub.com/market/real-estate/apt/11215||자양동|더샵스타시티,true,true,false,1,db-dependent,,KEEP_APT_NOINDEX_POLICY,
https://www.finmaphub.com/en/market/real-estate/apt/41270|단원구|초지동|그린빌15(해맑음마을),en,real-estate-apt-detail,NOINDEX,실패함,EXPECTED_NOINDEX,true,200_IF_DB_ROW_EXISTS,"noindex,follow + X-Robots-Tag",https://www.finmaphub.com/en/market/real-estate/apt/41270|단원구|초지동|그린빌15(해맑음마을),true,true,false,1,db-dependent,,KEEP_APT_NOINDEX_POLICY,
https://www.finmaphub.com/market/real-estate/apt/28237||산곡동|현대2차,ko,real-estate-apt-detail,NOINDEX,실패함,EXPECTED_NOINDEX,true,200_IF_DB_ROW_EXISTS,"noindex,follow + X-Robots-Tag",https://www.finmaphub.com/market/real-estate/apt/28237||산곡동|현대2차,true,true,false,1,db-dependent,,KEEP_APT_NOINDEX_POLICY,
https://www.finmaphub.com/en/market/real-estate/apt/28237||삼산동|삼산타운7단지,en,real-estate-apt-detail,NOINDEX,실패함,EXPECTED_NOINDEX,true,200_IF_DB_ROW_EXISTS,"noindex,follow + X-Robots-Tag",https://www.finmaphub.com/en/market/real-estate/apt/28237||삼산동|삼산타운7단지,true,true,false,1,db-dependent,,KEEP_APT_NOINDEX_POLICY,
https://www.finmaphub.com/market/real-estate/apt/41170|동안구|관양동|한가람(신라),ko,real-estate-apt-detail,NOINDEX,실패함,EXPECTED_NOINDEX,true,200_IF_DB_ROW_EXISTS,"noindex,follow + X-Robots-Tag",https://www.finmaphub.com/market/real-estate/apt/41170|동안구|관양동|한가람(신라),true,true,false,1,db-dependent,,KEEP_APT_NOINDEX_POLICY,
https://www.finmaphub.com/market/real-estate/apt/11170||한남동|나인원한남?timeframe=month&period=202603&band=all&sido=11,ko,real-estate-apt-detail,NOINDEX,실패함,EXPECTED_CANONICAL_ALT,true,200_IF_DB_ROW_EXISTS,"noindex,follow + X-Robots-Tag",https://www.finmaphub.com/market/real-estate/apt/11170||한남동|나인원한남,false,true,false,0,db-dependent,,KEEP_CANONICAL_ALT_NO_SITEMAP,
https://www.finmaphub.com/market/real-estate/apt/28245||병방동|학마을한진,ko,real-estate-apt-detail,NOINDEX,실패함,EXPECTED_NOINDEX,true,200_IF_DB_ROW_EXISTS,"noindex,follow + X-Robots-Tag",https://www.finmaphub.com/market/real-estate/apt/28245||병방동|학마을한진,true,true,false,1,db-dependent,,KEEP_APT_NOINDEX_POLICY,
https://www.finmaphub.com/en/market/real-estate/apt/11320||도봉동|서원,en,real-estate-apt-detail,NOINDEX,실패함,EXPECTED_NOINDEX,true,200_IF_DB_ROW_EXISTS,"noindex,follow + X-Robots-Tag",https://www.finmaphub.com/en/market/real-estate/apt/11320||도봉동|서원,true,true,false,1,db-dependent,,KEEP_APT_NOINDEX_POLICY,
https://www.finmaphub.com/en/market/real-estate/apt/41280|덕양구|성사동|삼성래미안,en,real-estate-apt-detail,NOINDEX,실패함,EXPECTED_NOINDEX,true,200_IF_DB_ROW_EXISTS,"noindex,follow + X-Robots-Tag",https://www.finmaphub.com/en/market/real-estate/apt/41280|덕양구|성사동|삼성래미안,true,true,false,1,db-dependent,,KEEP_APT_NOINDEX_POLICY,
https://www.finmaphub.com/en/market/real-estate/apt/41410||산본동|세종,en,real-estate-apt-detail,NOINDEX,실패함,EXPECTED_NOINDEX,true,200_IF_DB_ROW_EXISTS,"noindex,follow + X-Robots-Tag",https://www.finmaphub.com/en/market/real-estate/apt/41410||산본동|세종,true,true,false,1,db-dependent,,KEEP_APT_NOINDEX_POLICY,
https://www.finmaphub.com/market/real-estate/apt/41280|덕양구|화정동|달빛(라이프)2,ko,real-estate-apt-detail,NOINDEX,실패함,EXPECTED_NOINDEX,true,200_IF_DB_ROW_EXISTS,"noindex,follow + X-Robots-Tag",https://www.finmaphub.com/market/real-estate/apt/41280|덕양구|화정동|달빛(라이프)2,true,true,false,1,db-dependent,,KEEP_APT_NOINDEX_POLICY,
https://www.finmaphub.com/en/market/real-estate/apt/11440||신정동|서강GS,en,real-estate-apt-detail,NOINDEX,실패함,EXPECTED_NOINDEX,true,200_IF_DB_ROW_EXISTS,"noindex,follow + X-Robots-Tag",https://www.finmaphub.com/en/market/real-estate/apt/11440||신정동|서강GS,true,true,false,1,db-dependent,,KEEP_APT_NOINDEX_POLICY,
"https://www.finmaphub.com/en/market/real-estate/apt/11500||등촌동|진로,미주아파트",en,real-estate-apt-detail,NOINDEX,실패함,EXPECTED_NOINDEX,true,200_IF_DB_ROW_EXISTS,"noindex,follow + X-Robots-Tag","https://www.finmaphub.com/en/market/real-estate/apt/11500||등촌동|진로,미주아파트",true,true,false,1,db-dependent,,KEEP_APT_NOINDEX_POLICY,
https://www.finmaphub.com/en/market/real-estate/apt/41370||누읍동|이림,en,real-estate-apt-detail,NOINDEX,실패함,EXPECTED_NOINDEX,true,200_IF_DB_ROW_EXISTS,"noindex,follow + X-Robots-Tag",https://www.finmaphub.com/en/market/real-estate/apt/41370||누읍동|이림,true,true,false,1,db-dependent,,KEEP_APT_NOINDEX_POLICY,
https://www.finmaphub.com/en/market/real-estate/apt/11440||토정동|한강삼성,en,real-estate-apt-detail,NOINDEX,실패함,EXPECTED_NOINDEX,true,200_IF_DB_ROW_EXISTS,"noindex,follow + X-Robots-Tag",https://www.finmaphub.com/en/market/real-estate/apt/11440||토정동|한강삼성,true,true,false,1,db-dependent,,KEEP_APT_NOINDEX_POLICY,
https://www.finmaphub.com/en/market/real-estate/apt/11170||원효로1가|용산더프라임,en,real-estate-apt-detail,NOINDEX,실패함,EXPECTED_NOINDEX,true,200_IF_DB_ROW_EXISTS,"noindex,follow + X-Robots-Tag",https://www.finmaphub.com/en/market/real-estate/apt/11170||원효로1가|용산더프라임,true,true,false,1,db-dependent,,KEEP_APT_NOINDEX_POLICY,
https://www.finmaphub.com/en/market/real-estate/apt/11170||한강로3가|시티파크(2단지),en,real-estate-apt-detail,NOINDEX,실패함,EXPECTED_NOINDEX,true,200_IF_DB_ROW_EXISTS,"noindex,follow + X-Robots-Tag",https://www.finmaphub.com/en/market/real-estate/apt/11170||한강로3가|시티파크(2단지),true,true,false,1,db-dependent,,KEEP_APT_NOINDEX_POLICY,
https://www.finmaphub.com/en/market/real-estate/apt/11200||행당동|서울숲더샵,en,real-estate-apt-detail,NOINDEX,실패함,EXPECTED_NOINDEX,true,200_IF_DB_ROW_EXISTS,"noindex,follow + X-Robots-Tag",https://www.finmaphub.com/en/market/real-estate/apt/11200||행당동|서울숲더샵,true,true,false,1,db-dependent,,KEEP_APT_NOINDEX_POLICY,
https://www.finmaphub.com/en/market/real-estate/apt/11200||송정동|서울숲아이파크,en,real-estate-apt-detail,NOINDEX,실패함,EXPECTED_NOINDEX,true,200_IF_DB_ROW_EXISTS,"noindex,follow + X-Robots-Tag",https://www.finmaphub.com/en/market/real-estate/apt/11200||송정동|서울숲아이파크,true,true,false,1,db-dependent,,KEEP_APT_NOINDEX_POLICY,
https://www.finmaphub.com/en/market/real-estate/apt/11170||원효로4가|강변삼성스위트,en,real-estate-apt-detail,NOINDEX,실패함,EXPECTED_NOINDEX,true,200_IF_DB_ROW_EXISTS,"noindex,follow + X-Robots-Tag",https://www.finmaphub.com/en/market/real-estate/apt/11170||원효로4가|강변삼성스위트,true,true,false,1,db-dependent,,KEEP_APT_NOINDEX_POLICY,
https://www.finmaphub.com/en/market/real-estate/apt/11200||성수동1가|서울숲아이파크리버포레1차,en,real-estate-apt-detail,NOINDEX,실패함,EXPECTED_NOINDEX,true,200_IF_DB_ROW_EXISTS,"noindex,follow + X-Robots-Tag",https://www.finmaphub.com/en/market/real-estate/apt/11200||성수동1가|서울숲아이파크리버포레1차,true,true,false,1,db-dependent,,KEEP_APT_NOINDEX_POLICY,
https://www.finmaphub.com/en/market/real-estate/apt/11170||보광동|신동아1,en,real-estate-apt-detail,NOINDEX,실패함,EXPECTED_NOINDEX,true,200_IF_DB_ROW_EXISTS,"noindex,follow + X-Robots-Tag",https://www.finmaphub.com/en/market/real-estate/apt/11170||보광동|신동아1,true,true,false,1,db-dependent,,KEEP_APT_NOINDEX_POLICY,
https://www.finmaphub.com/market/real-estate/apt/11710||잠실동|아시아선수촌아파트?timeframe=month&period=202603&band=all&sido=11,ko,real-estate-apt-detail,NOINDEX,실패함,EXPECTED_CANONICAL_ALT,true,200_IF_DB_ROW_EXISTS,"noindex,follow + X-Robots-Tag",https://www.finmaphub.com/market/real-estate/apt/11710||잠실동|아시아선수촌아파트,false,true,false,0,db-dependent,,KEEP_CANONICAL_ALT_NO_SITEMAP,
https://www.finmaphub.com/en/market/real-estate/apt/11500||등촌동|등촌동아이파크,en,real-estate-apt-detail,NOINDEX,실패함,EXPECTED_NOINDEX,true,200_IF_DB_ROW_EXISTS,"noindex,follow + X-Robots-Tag",https://www.finmaphub.com/en/market/real-estate/apt/11500||등촌동|등촌동아이파크,true,true,false,1,db-dependent,,KEEP_APT_NOINDEX_POLICY,
https://www.finmaphub.com/market/real-estate/apt/41480||야당동|한빛마을5단지캐슬앤칸타빌,ko,real-estate-apt-detail,NOINDEX,실패함,EXPECTED_NOINDEX,true,200_IF_DB_ROW_EXISTS,"noindex,follow + X-Robots-Tag",https://www.finmaphub.com/market/real-estate/apt/41480||야당동|한빛마을5단지캐슬앤칸타빌,true,true,false,1,db-dependent,,KEEP_APT_NOINDEX_POLICY,
https://www.finmaphub.com/en/market/real-estate/apt/11200||행당동|서울숲리버뷰자이,en,real-estate-apt-detail,NOINDEX,실패함,EXPECTED_NOINDEX,true,200_IF_DB_ROW_EXISTS,"noindex,follow + X-Robots-Tag",https://www.finmaphub.com/en/market/real-estate/apt/11200||행당동|서울숲리버뷰자이,true,true,false,1,db-dependent,,KEEP_APT_NOINDEX_POLICY,
https://www.finmaphub.com/market/real-estate/apt/11710||신천동|한신잠실코아?timeframe=month&period=202603&band=all&sido=11,ko,real-estate-apt-detail,NOINDEX,실패함,EXPECTED_CANONICAL_ALT,true,200_IF_DB_ROW_EXISTS,"noindex,follow + X-Robots-Tag",https://www.finmaphub.com/market/real-estate/apt/11710||신천동|한신잠실코아,false,true,false,0,db-dependent,,KEEP_CANONICAL_ALT_NO_SITEMAP,
https://www.finmaphub.com/en/market/real-estate/apt/11170||이촌동|삼익,en,real-estate-apt-detail,NOINDEX,실패함,EXPECTED_NOINDEX,true,200_IF_DB_ROW_EXISTS,"noindex,follow + X-Robots-Tag",https://www.finmaphub.com/en/market/real-estate/apt/11170||이촌동|삼익,true,true,false,1,db-dependent,,KEEP_APT_NOINDEX_POLICY,
https://www.finmaphub.com/market/real-estate/apt/11650||잠원동|롯데캐슬갤럭시?timeframe=month&period=202603&band=all&sido=11,ko,real-estate-apt-detail,NOINDEX,실패함,EXPECTED_CANONICAL_ALT,true,200_IF_DB_ROW_EXISTS,"noindex,follow + X-Robots-Tag",https://www.finmaphub.com/market/real-estate/apt/11650||잠원동|롯데캐슬갤럭시,false,true,false,0,db-dependent,,KEEP_CANONICAL_ALT_NO_SITEMAP,
https://www.finmaphub.com/en/market/real-estate/apt/11500||등촌동|삼성한사랑1,en,real-estate-apt-detail,NOINDEX,실패함,EXPECTED_NOINDEX,true,200_IF_DB_ROW_EXISTS,"noindex,follow + X-Robots-Tag",https://www.finmaphub.com/en/market/real-estate/apt/11500||등촌동|삼성한사랑1,true,true,false,1,db-dependent,,KEEP_APT_NOINDEX_POLICY,
https://www.finmaphub.com/en/market/real-estate/apt/11500||내발산동|태승훼미리2,en,real-estate-apt-detail,NOINDEX,실패함,EXPECTED_NOINDEX,true,200_IF_DB_ROW_EXISTS,"noindex,follow + X-Robots-Tag",https://www.finmaphub.com/en/market/real-estate/apt/11500||내발산동|태승훼미리2,true,true,false,1,db-dependent,,KEEP_APT_NOINDEX_POLICY,
https://www.finmaphub.com/en/market/real-estate/apt/11680||역삼동|역삼푸르지오,en,real-estate-apt-detail,NOINDEX,실패함,EXPECTED_NOINDEX,true,200_IF_DB_ROW_EXISTS,"noindex,follow + X-Robots-Tag",https://www.finmaphub.com/en/market/real-estate/apt/11680||역삼동|역삼푸르지오,true,true,false,1,db-dependent,,KEEP_APT_NOINDEX_POLICY,
https://www.finmaphub.com/market/real-estate/apt/11500||마곡동|마곡엠벨리(14단지),ko,real-estate-apt-detail,NOINDEX,실패함,EXPECTED_NOINDEX,true,200_IF_DB_ROW_EXISTS,"noindex,follow + X-Robots-Tag",https://www.finmaphub.com/market/real-estate/apt/11500||마곡동|마곡엠벨리(14단지),true,true,false,1,db-dependent,,KEEP_APT_NOINDEX_POLICY,
https://www.finmaphub.com/en/market/real-estate/apt/11440||도화동|우성,en,real-estate-apt-detail,NOINDEX,실패함,EXPECTED_NOINDEX,true,200_IF_DB_ROW_EXISTS,"noindex,follow + X-Robots-Tag",https://www.finmaphub.com/en/market/real-estate/apt/11440||도화동|우성,true,true,false,1,db-dependent,,KEEP_APT_NOINDEX_POLICY,
https://www.finmaphub.com/en/market/real-estate/apt/11440||망원동|미원2?timeframe=month&period=202603&band=all&sido=11,en,real-estate-apt-detail,NOINDEX,실패함,EXPECTED_CANONICAL_ALT,true,200_IF_DB_ROW_EXISTS,"noindex,follow + X-Robots-Tag",https://www.finmaphub.com/en/market/real-estate/apt/11440||망원동|미원2,false,true,false,0,db-dependent,,KEEP_CANONICAL_ALT_NO_SITEMAP,
https://www.finmaphub.com/market/real-estate/apt/11680||도곡동|럭키(963),ko,real-estate-apt-detail,NOINDEX,실패함,EXPECTED_NOINDEX,true,200_IF_DB_ROW_EXISTS,"noindex,follow + X-Robots-Tag",https://www.finmaphub.com/market/real-estate/apt/11680||도곡동|럭키(963),true,true,false,1,db-dependent,,KEEP_APT_NOINDEX_POLICY,
https://www.finmaphub.com/market/real-estate/apt/11680||삼성동|대우멤버스카운티201,ko,real-estate-apt-detail,NOINDEX,실패함,EXPECTED_NOINDEX,true,200_IF_DB_ROW_EXISTS,"noindex,follow + X-Robots-Tag",https://www.finmaphub.com/market/real-estate/apt/11680||삼성동|대우멤버스카운티201,true,true,false,1,db-dependent,,KEEP_APT_NOINDEX_POLICY,
https://www.finmaphub.com/en/market/real-estate/apt/11200||옥수동|옥수어울림,en,real-estate-apt-detail,NOINDEX,실패함,EXPECTED_NOINDEX,true,200_IF_DB_ROW_EXISTS,"noindex,follow + X-Robots-Tag",https://www.finmaphub.com/en/market/real-estate/apt/11200||옥수동|옥수어울림,true,true,false,1,db-dependent,,KEEP_APT_NOINDEX_POLICY,
https://www.finmaphub.com/market/real-estate/apt/11680||압구정동|신현대12차,ko,real-estate-apt-detail,NOINDEX,실패함,EXPECTED_NOINDEX,true,200_IF_DB_ROW_EXISTS,"noindex,follow + X-Robots-Tag",https://www.finmaphub.com/market/real-estate/apt/11680||압구정동|신현대12차,true,true,false,1,db-dependent,,KEEP_APT_NOINDEX_POLICY,
https://www.finmaphub.com/market/real-estate/apt/11680||대치동|한보미도맨션1,ko,real-estate-apt-detail,NOINDEX,실패함,EXPECTED_NOINDEX,true,200_IF_DB_ROW_EXISTS,"noindex,follow + X-Robots-Tag",https://www.finmaphub.com/market/real-estate/apt/11680||대치동|한보미도맨션1,true,true,false,1,db-dependent,,KEEP_APT_NOINDEX_POLICY,
https://www.finmaphub.com/market/real-estate/apt/11500||등촌동|등촌파밀리에더클래식201동?timeframe=month&period=202603&band=all&sido=11,ko,real-estate-apt-detail,NOINDEX,실패함,EXPECTED_CANONICAL_ALT,true,200_IF_DB_ROW_EXISTS,"noindex,follow + X-Robots-Tag",https://www.finmaphub.com/market/real-estate/apt/11500||등촌동|등촌파밀리에더클래식201동,false,true,false,0,db-dependent,,KEEP_CANONICAL_ALT_NO_SITEMAP,
https://www.finmaphub.com/en/market/real-estate/apt/11710||장지동|위례2차아이파크,en,real-estate-apt-detail,NOINDEX,실패함,EXPECTED_NOINDEX,true,200_IF_DB_ROW_EXISTS,"noindex,follow + X-Robots-Tag",https://www.finmaphub.com/en/market/real-estate/apt/11710||장지동|위례2차아이파크,true,true,false,1,db-dependent,,KEEP_APT_NOINDEX_POLICY,
https://www.finmaphub.com/market/real-estate/apt/11500||염창동|e편한세상염창?timeframe=month&period=202603&band=all&sido=11,ko,real-estate-apt-detail,NOINDEX,실패함,EXPECTED_CANONICAL_ALT,true,200_IF_DB_ROW_EXISTS,"noindex,follow + X-Robots-Tag",https://www.finmaphub.com/market/real-estate/apt/11500||염창동|e편한세상염창,false,true,false,0,db-dependent,,KEEP_CANONICAL_ALT_NO_SITEMAP,
https://www.finmaphub.com/market/real-estate/apt/11500||마곡동|마곡엠밸리6단지?timeframe=month&period=202603&band=all&sido=11,ko,real-estate-apt-detail,NOINDEX,실패함,EXPECTED_CANONICAL_ALT,true,200_IF_DB_ROW_EXISTS,"noindex,follow + X-Robots-Tag",https://www.finmaphub.com/market/real-estate/apt/11500||마곡동|마곡엠밸리6단지,false,true,false,0,db-dependent,,KEEP_CANONICAL_ALT_NO_SITEMAP,
https://www.finmaphub.com/en/market/real-estate/apt/11200||성수동2가|현대I-PARK,en,real-estate-apt-detail,NOINDEX,실패함,EXPECTED_NOINDEX,true,200_IF_DB_ROW_EXISTS,"noindex,follow + X-Robots-Tag",https://www.finmaphub.com/en/market/real-estate/apt/11200||성수동2가|현대I-PARK,true,true,false,1,db-dependent,,KEEP_APT_NOINDEX_POLICY,
https://www.finmaphub.com/market/real-estate/apt/11500||염창동|염창동한강우성,ko,real-estate-apt-detail,NOINDEX,실패함,EXPECTED_NOINDEX,true,200_IF_DB_ROW_EXISTS,"noindex,follow + X-Robots-Tag",https://www.finmaphub.com/market/real-estate/apt/11500||염창동|염창동한강우성,true,true,false,1,db-dependent,,KEEP_APT_NOINDEX_POLICY,
https://www.finmaphub.com/en/market/real-estate/apt/11170||효창동|효창베네스,en,real-estate-apt-detail,NOINDEX,실패함,EXPECTED_NOINDEX,true,200_IF_DB_ROW_EXISTS,"noindex,follow + X-Robots-Tag",https://www.finmaphub.com/en/market/real-estate/apt/11170||효창동|효창베네스,true,true,false,1,db-dependent,,KEEP_APT_NOINDEX_POLICY,
https://www.finmaphub.com/en/market/real-estate/apt/11710||가락동|동궁리치웰(102동)?timeframe=month&period=202603&band=all&sido=11,en,real-estate-apt-detail,NOINDEX,실패함,EXPECTED_CANONICAL_ALT,true,200_IF_DB_ROW_EXISTS,"noindex,follow + X-Robots-Tag",https://www.finmaphub.com/en/market/real-estate/apt/11710||가락동|동궁리치웰(102동),false,true,false,0,db-dependent,,KEEP_CANONICAL_ALT_NO_SITEMAP,
https://www.finmaphub.com/market/real-estate/apt/11710||장지동|송파파인타운9단지?timeframe=month&period=202603&band=10&sido=11,ko,real-estate-apt-detail,NOINDEX,실패함,EXPECTED_CANONICAL_ALT,true,200_IF_DB_ROW_EXISTS,"noindex,follow + X-Robots-Tag",https://www.finmaphub.com/market/real-estate/apt/11710||장지동|송파파인타운9단지,false,true,false,0,db-dependent,,KEEP_CANONICAL_ALT_NO_SITEMAP,
https://www.finmaphub.com/en/market/real-estate/apt/11680||개포동|래미안블레스티지,en,real-estate-apt-detail,NOINDEX,실패함,EXPECTED_NOINDEX,true,200_IF_DB_ROW_EXISTS,"noindex,follow + X-Robots-Tag",https://www.finmaphub.com/en/market/real-estate/apt/11680||개포동|래미안블레스티지,true,true,false,1,db-dependent,,KEEP_APT_NOINDEX_POLICY,
https://www.finmaphub.com/en/market/real-estate/apt/11680||압구정동|한양1차(영동한양),en,real-estate-apt-detail,NOINDEX,실패함,EXPECTED_NOINDEX,true,200_IF_DB_ROW_EXISTS,"noindex,follow + X-Robots-Tag",https://www.finmaphub.com/en/market/real-estate/apt/11680||압구정동|한양1차(영동한양),true,true,false,1,db-dependent,,KEEP_APT_NOINDEX_POLICY,
https://www.finmaphub.com/en/market/real-estate/apt/11200||금호동2가|래미안하이리버,en,real-estate-apt-detail,NOINDEX,실패함,EXPECTED_NOINDEX,true,200_IF_DB_ROW_EXISTS,"noindex,follow + X-Robots-Tag",https://www.finmaphub.com/en/market/real-estate/apt/11200||금호동2가|래미안하이리버,true,true,false,1,db-dependent,,KEEP_APT_NOINDEX_POLICY,
https://www.finmaphub.com/market/real-estate/apt/11650||잠원동|브라운스톤잠원?timeframe=month&period=202603&band=all&sido=11,ko,real-estate-apt-detail,NOINDEX,실패함,EXPECTED_CANONICAL_ALT,true,200_IF_DB_ROW_EXISTS,"noindex,follow + X-Robots-Tag",https://www.finmaphub.com/market/real-estate/apt/11650||잠원동|브라운스톤잠원,false,true,false,0,db-dependent,,KEEP_CANONICAL_ALT_NO_SITEMAP,
https://www.finmaphub.com/market/real-estate/apt/11170||한강로2가|래미안용산더센트럴?timeframe=month&period=202603&band=all&sido=11,ko,real-estate-apt-detail,NOINDEX,실패함,EXPECTED_CANONICAL_ALT,true,200_IF_DB_ROW_EXISTS,"noindex,follow + X-Robots-Tag",https://www.finmaphub.com/market/real-estate/apt/11170||한강로2가|래미안용산더센트럴,false,true,false,0,db-dependent,,KEEP_CANONICAL_ALT_NO_SITEMAP,
https://www.finmaphub.com/en/market/real-estate/apt/11200||행당동|서울숲행당푸르지오,en,real-estate-apt-detail,NOINDEX,실패함,EXPECTED_NOINDEX,true,200_IF_DB_ROW_EXISTS,"noindex,follow + X-Robots-Tag",https://www.finmaphub.com/en/market/real-estate/apt/11200||행당동|서울숲행당푸르지오,true,true,false,1,db-dependent,,KEEP_APT_NOINDEX_POLICY,
https://www.finmaphub.com/market/real-estate/apt/11350||상계동|보람아파트,ko,real-estate-apt-detail,NOINDEX,실패함,EXPECTED_NOINDEX,true,200_IF_DB_ROW_EXISTS,"noindex,follow + X-Robots-Tag",https://www.finmaphub.com/market/real-estate/apt/11350||상계동|보람아파트,true,true,false,1,db-dependent,,KEEP_APT_NOINDEX_POLICY,
https://www.finmaphub.com/market/real-estate/apt/41410||금정동|주공(1단지),ko,real-estate-apt-detail,NOINDEX,실패함,EXPECTED_NOINDEX,true,200_IF_DB_ROW_EXISTS,"noindex,follow + X-Robots-Tag",https://www.finmaphub.com/market/real-estate/apt/41410||금정동|주공(1단지),true,true,false,1,db-dependent,,KEEP_APT_NOINDEX_POLICY,
https://www.finmaphub.com/en/market/real-estate/apt/11680||대치동|대치SKVIEW,en,real-estate-apt-detail,NOINDEX,실패함,EXPECTED_NOINDEX,true,200_IF_DB_ROW_EXISTS,"noindex,follow + X-Robots-Tag",https://www.finmaphub.com/en/market/real-estate/apt/11680||대치동|대치SKVIEW,true,true,false,1,db-dependent,,KEEP_APT_NOINDEX_POLICY,
https://www.finmaphub.com/en/market/real-estate/apt/11680||도곡동|한신(개포),en,real-estate-apt-detail,NOINDEX,실패함,EXPECTED_NOINDEX,true,200_IF_DB_ROW_EXISTS,"noindex,follow + X-Robots-Tag",https://www.finmaphub.com/en/market/real-estate/apt/11680||도곡동|한신(개포),true,true,false,1,db-dependent,,KEEP_APT_NOINDEX_POLICY,
https://www.finmaphub.com/market/real-estate/apt/11500||공항동|공항동부센트레빌,ko,real-estate-apt-detail,NOINDEX,실패함,EXPECTED_NOINDEX,true,200_IF_DB_ROW_EXISTS,"noindex,follow + X-Robots-Tag",https://www.finmaphub.com/market/real-estate/apt/11500||공항동|공항동부센트레빌,true,true,false,1,db-dependent,,KEEP_APT_NOINDEX_POLICY,
https://www.finmaphub.com/en/market/real-estate/apt/11200||하왕십리동|센트라스,en,real-estate-apt-detail,NOINDEX,실패함,EXPECTED_NOINDEX,true,200_IF_DB_ROW_EXISTS,"noindex,follow + X-Robots-Tag",https://www.finmaphub.com/en/market/real-estate/apt/11200||하왕십리동|센트라스,true,true,false,1,db-dependent,,KEEP_APT_NOINDEX_POLICY,
https://www.finmaphub.com/market/real-estate/apt/11500||내발산동|마곡수명산파크3단지,ko,real-estate-apt-detail,NOINDEX,실패함,EXPECTED_NOINDEX,true,200_IF_DB_ROW_EXISTS,"noindex,follow + X-Robots-Tag",https://www.finmaphub.com/market/real-estate/apt/11500||내발산동|마곡수명산파크3단지,true,true,false,1,db-dependent,,KEEP_APT_NOINDEX_POLICY,
https://www.finmaphub.com/en/market/real-estate/apt/11440||창전동|창전동현대홈타운,en,real-estate-apt-detail,NOINDEX,실패함,EXPECTED_NOINDEX,true,200_IF_DB_ROW_EXISTS,"noindex,follow + X-Robots-Tag",https://www.finmaphub.com/en/market/real-estate/apt/11440||창전동|창전동현대홈타운,true,true,false,1,db-dependent,,KEEP_APT_NOINDEX_POLICY,
https://www.finmaphub.com/en/market/real-estate/apt/41110|장안구|정자동|청솔마을한라,en,real-estate-apt-detail,NOINDEX,실패함,EXPECTED_NOINDEX,true,200_IF_DB_ROW_EXISTS,"noindex,follow + X-Robots-Tag",https://www.finmaphub.com/en/market/real-estate/apt/41110|장안구|정자동|청솔마을한라,true,true,false,1,db-dependent,,KEEP_APT_NOINDEX_POLICY,
https://www.finmaphub.com/market/real-estate/apt/41130|중원구|상대원동|선경2차,ko,real-estate-apt-detail,NOINDEX,실패함,EXPECTED_NOINDEX,true,200_IF_DB_ROW_EXISTS,"noindex,follow + X-Robots-Tag",https://www.finmaphub.com/market/real-estate/apt/41130|중원구|상대원동|선경2차,true,true,false,1,db-dependent,,KEEP_APT_NOINDEX_POLICY,
https://www.finmaphub.com/en/market/real-estate/apt/41370||갈곶동|우림,en,real-estate-apt-detail,NOINDEX,실패함,EXPECTED_NOINDEX,true,200_IF_DB_ROW_EXISTS,"noindex,follow + X-Robots-Tag",https://www.finmaphub.com/en/market/real-estate/apt/41370||갈곶동|우림,true,true,false,1,db-dependent,,KEEP_APT_NOINDEX_POLICY,
https://www.finmaphub.com/market/real-estate/apt/11650||잠원동|신반포자이?timeframe=month&period=202603&band=all&sido=11,ko,real-estate-apt-detail,NOINDEX,실패함,EXPECTED_CANONICAL_ALT,true,200_IF_DB_ROW_EXISTS,"noindex,follow + X-Robots-Tag",https://www.finmaphub.com/market/real-estate/apt/11650||잠원동|신반포자이,false,true,false,0,db-dependent,,KEEP_CANONICAL_ALT_NO_SITEMAP,
https://www.finmaphub.com/market/real-estate/apt/41650||소흘읍 초가팔리|상운,ko,real-estate-apt-detail,NOINDEX,실패함,EXPECTED_NOINDEX,true,200_IF_DB_ROW_EXISTS,"noindex,follow + X-Robots-Tag",https://www.finmaphub.com/market/real-estate/apt/41650||소흘읍 초가팔리|상운,true,true,false,1,db-dependent,,KEEP_APT_NOINDEX_POLICY,
https://www.finmaphub.com/en/market/real-estate/apt/41360||다산동|플루리움2단지,en,real-estate-apt-detail,NOINDEX,실패함,EXPECTED_NOINDEX,true,200_IF_DB_ROW_EXISTS,"noindex,follow + X-Robots-Tag",https://www.finmaphub.com/en/market/real-estate/apt/41360||다산동|플루리움2단지,true,true,false,1,db-dependent,,KEEP_APT_NOINDEX_POLICY,
https://www.finmaphub.com/en/market/real-estate/apt/11500||염창동|염창1차한화꿈에그린,en,real-estate-apt-detail,NOINDEX,실패함,EXPECTED_NOINDEX,true,200_IF_DB_ROW_EXISTS,"noindex,follow + X-Robots-Tag",https://www.finmaphub.com/en/market/real-estate/apt/11500||염창동|염창1차한화꿈에그린,true,true,false,1,db-dependent,,KEEP_APT_NOINDEX_POLICY,
https://www.finmaphub.com/market/real-estate/apt/41110|영통구|영통동|청명마을(주공),ko,real-estate-apt-detail,NOINDEX,실패함,EXPECTED_NOINDEX,true,200_IF_DB_ROW_EXISTS,"noindex,follow + X-Robots-Tag",https://www.finmaphub.com/market/real-estate/apt/41110|영통구|영통동|청명마을(주공),true,true,false,1,db-dependent,,KEEP_APT_NOINDEX_POLICY,
https://www.finmaphub.com/en/market/real-estate/apt/11680||도곡동|우성캐릭터199,en,real-estate-apt-detail,NOINDEX,실패함,EXPECTED_NOINDEX,true,200_IF_DB_ROW_EXISTS,"noindex,follow + X-Robots-Tag",https://www.finmaphub.com/en/market/real-estate/apt/11680||도곡동|우성캐릭터199,true,true,false,1,db-dependent,,KEEP_APT_NOINDEX_POLICY,
https://www.finmaphub.com/en/market/real-estate/apt/41110|영통구|망포동|늘푸른벽산,en,real-estate-apt-detail,NOINDEX,실패함,EXPECTED_NOINDEX,true,200_IF_DB_ROW_EXISTS,"noindex,follow + X-Robots-Tag",https://www.finmaphub.com/en/market/real-estate/apt/41110|영통구|망포동|늘푸른벽산,true,true,false,1,db-dependent,,KEEP_APT_NOINDEX_POLICY,
https://www.finmaphub.com/en/market/real-estate/apt/11680||일원동|래미안 개포 루체하임,en,real-estate-apt-detail,NOINDEX,실패함,EXPECTED_NOINDEX,true,200_IF_DB_ROW_EXISTS,"noindex,follow + X-Robots-Tag",https://www.finmaphub.com/en/market/real-estate/apt/11680||일원동|래미안 개포 루체하임,true,true,false,1,db-dependent,,KEEP_APT_NOINDEX_POLICY,
https://www.finmaphub.com/en/market/real-estate/apt/11680||개포동|개포2차현대아파트(220),en,real-estate-apt-detail,NOINDEX,실패함,EXPECTED_NOINDEX,true,200_IF_DB_ROW_EXISTS,"noindex,follow + X-Robots-Tag",https://www.finmaphub.com/en/market/real-estate/apt/11680||개포동|개포2차현대아파트(220),true,true,false,1,db-dependent,,KEEP_APT_NOINDEX_POLICY,
https://www.finmaphub.com/en/market/real-estate/apt/41500||대월면 사동리|사동리현대아이파크,en,real-estate-apt-detail,NOINDEX,실패함,EXPECTED_NOINDEX,true,200_IF_DB_ROW_EXISTS,"noindex,follow + X-Robots-Tag",https://www.finmaphub.com/en/market/real-estate/apt/41500||대월면 사동리|사동리현대아이파크,true,true,false,1,db-dependent,,KEEP_APT_NOINDEX_POLICY,
https://www.finmaphub.com/en/market/real-estate/apt/11440||도화동|성지,en,real-estate-apt-detail,NOINDEX,실패함,EXPECTED_NOINDEX,true,200_IF_DB_ROW_EXISTS,"noindex,follow + X-Robots-Tag",https://www.finmaphub.com/en/market/real-estate/apt/11440||도화동|성지,true,true,false,1,db-dependent,,KEEP_APT_NOINDEX_POLICY,
https://www.finmaphub.com/en/market/real-estate/apt/41210||철산동|도덕파크타운2단지,en,real-estate-apt-detail,NOINDEX,실패함,EXPECTED_NOINDEX,true,200_IF_DB_ROW_EXISTS,"noindex,follow + X-Robots-Tag",https://www.finmaphub.com/en/market/real-estate/apt/41210||철산동|도덕파크타운2단지,true,true,false,1,db-dependent,,KEEP_APT_NOINDEX_POLICY,
https://www.finmaphub.com/en/market/real-estate/apt/11290||하월곡동|월곡두산위브,en,real-estate-apt-detail,NOINDEX,실패함,EXPECTED_NOINDEX,true,200_IF_DB_ROW_EXISTS,"noindex,follow + X-Robots-Tag",https://www.finmaphub.com/en/market/real-estate/apt/11290||하월곡동|월곡두산위브,true,true,false,1,db-dependent,,KEEP_APT_NOINDEX_POLICY,
https://www.finmaphub.com/market/real-estate/apt/28200||만수동|벽산,ko,real-estate-apt-detail,NOINDEX,실패함,EXPECTED_NOINDEX,true,200_IF_DB_ROW_EXISTS,"noindex,follow + X-Robots-Tag",https://www.finmaphub.com/market/real-estate/apt/28200||만수동|벽산,true,true,false,1,db-dependent,,KEEP_APT_NOINDEX_POLICY,
https://www.finmaphub.com/en/market/real-estate/apt/41650||소흘읍 송우리|송천마을,en,real-estate-apt-detail,NOINDEX,실패함,EXPECTED_NOINDEX,true,200_IF_DB_ROW_EXISTS,"noindex,follow + X-Robots-Tag",https://www.finmaphub.com/en/market/real-estate/apt/41650||소흘읍 송우리|송천마을,true,true,false,1,db-dependent,,KEEP_APT_NOINDEX_POLICY,
https://www.finmaphub.com/en/market/real-estate/apt/28237||부개동|뉴서울,en,real-estate-apt-detail,NOINDEX,실패함,EXPECTED_NOINDEX,true,200_IF_DB_ROW_EXISTS,"noindex,follow + X-Robots-Tag",https://www.finmaphub.com/en/market/real-estate/apt/28237||부개동|뉴서울,true,true,false,1,db-dependent,,KEEP_APT_NOINDEX_POLICY,
https://www.finmaphub.com/market/real-estate/apt/28110||신흥동3가|신흥아이파크,ko,real-estate-apt-detail,NOINDEX,실패함,EXPECTED_NOINDEX,true,200_IF_DB_ROW_EXISTS,"noindex,follow + X-Robots-Tag",https://www.finmaphub.com/market/real-estate/apt/28110||신흥동3가|신흥아이파크,true,true,false,1,db-dependent,,KEEP_APT_NOINDEX_POLICY,
https://www.finmaphub.com/en/market/real-estate/apt/11500||염창동|동아,en,real-estate-apt-detail,NOINDEX,실패함,EXPECTED_NOINDEX,true,200_IF_DB_ROW_EXISTS,"noindex,follow + X-Robots-Tag",https://www.finmaphub.com/en/market/real-estate/apt/11500||염창동|동아,true,true,false,1,db-dependent,,KEEP_APT_NOINDEX_POLICY,
https://www.finmaphub.com/market/real-estate/apt/41170|동안구|비산동|더포레스트힐,ko,real-estate-apt-detail,NOINDEX,실패함,EXPECTED_NOINDEX,true,200_IF_DB_ROW_EXISTS,"noindex,follow + X-Robots-Tag",https://www.finmaphub.com/market/real-estate/apt/41170|동안구|비산동|더포레스트힐,true,true,false,1,db-dependent,,KEEP_APT_NOINDEX_POLICY,
https://www.finmaphub.com/market/real-estate/apt/41190|원미구|상동|라일락마을(신성미소지움),ko,real-estate-apt-detail,NOINDEX,실패함,EXPECTED_NOINDEX,true,200_IF_DB_ROW_EXISTS,"noindex,follow + X-Robots-Tag",https://www.finmaphub.com/market/real-estate/apt/41190|원미구|상동|라일락마을(신성미소지움),true,true,false,1,db-dependent,,KEEP_APT_NOINDEX_POLICY,
https://www.finmaphub.com/market/real-estate/apt/11290||돈암동|한진(609-1),ko,real-estate-apt-detail,NOINDEX,실패함,EXPECTED_NOINDEX,true,200_IF_DB_ROW_EXISTS,"noindex,follow + X-Robots-Tag",https://www.finmaphub.com/market/real-estate/apt/11290||돈암동|한진(609-1),true,true,false,1,db-dependent,,KEEP_APT_NOINDEX_POLICY,
https://www.finmaphub.com/en/market/real-estate/apt/11170||한강로3가|용산시티파크(1단지),en,real-estate-apt-detail,NOINDEX,실패함,EXPECTED_NOINDEX,true,200_IF_DB_ROW_EXISTS,"noindex,follow + X-Robots-Tag",https://www.finmaphub.com/en/market/real-estate/apt/11170||한강로3가|용산시티파크(1단지),true,true,false,1,db-dependent,,KEEP_APT_NOINDEX_POLICY,
https://www.finmaphub.com/market/real-estate/apt/11710||거여동|송파위례리슈빌,ko,real-estate-apt-detail,NOINDEX,실패함,EXPECTED_NOINDEX,true,200_IF_DB_ROW_EXISTS,"noindex,follow + X-Robots-Tag",https://www.finmaphub.com/market/real-estate/apt/11710||거여동|송파위례리슈빌,true,true,false,1,db-dependent,,KEEP_APT_NOINDEX_POLICY,
https://www.finmaphub.com/en/market/real-estate/apt/41630||덕정동|봉우마을(주공5단지),en,real-estate-apt-detail,NOINDEX,실패함,EXPECTED_NOINDEX,true,200_IF_DB_ROW_EXISTS,"noindex,follow + X-Robots-Tag",https://www.finmaphub.com/en/market/real-estate/apt/41630||덕정동|봉우마을(주공5단지),true,true,false,1,db-dependent,,KEEP_APT_NOINDEX_POLICY,
https://www.finmaphub.com/en/market/real-estate/apt/28200||만수동|포레시안,en,real-estate-apt-detail,NOINDEX,실패함,EXPECTED_NOINDEX,true,200_IF_DB_ROW_EXISTS,"noindex,follow + X-Robots-Tag",https://www.finmaphub.com/en/market/real-estate/apt/28200||만수동|포레시안,true,true,false,1,db-dependent,,KEEP_APT_NOINDEX_POLICY,
https://www.finmaphub.com/market/real-estate/apt/11680||수서동|삼익,ko,real-estate-apt-detail,NOINDEX,실패함,EXPECTED_NOINDEX,true,200_IF_DB_ROW_EXISTS,"noindex,follow + X-Robots-Tag",https://www.finmaphub.com/market/real-estate/apt/11680||수서동|삼익,true,true,false,1,db-dependent,,KEEP_APT_NOINDEX_POLICY,
https://www.finmaphub.com/en/market/real-estate/apt/11710||가락동|헬리오시티,en,real-estate-apt-detail,NOINDEX,실패함,EXPECTED_NOINDEX,true,200_IF_DB_ROW_EXISTS,"noindex,follow + X-Robots-Tag",https://www.finmaphub.com/en/market/real-estate/apt/11710||가락동|헬리오시티,true,true,false,1,db-dependent,,KEEP_APT_NOINDEX_POLICY,
https://www.finmaphub.com/en/market/real-estate/apt/41190|원미구|상동|라일락마을(신성미소지움),en,real-estate-apt-detail,NOINDEX,실패함,EXPECTED_NOINDEX,true,200_IF_DB_ROW_EXISTS,"noindex,follow + X-Robots-Tag",https://www.finmaphub.com/en/market/real-estate/apt/41190|원미구|상동|라일락마을(신성미소지움),true,true,false,1,db-dependent,,KEEP_APT_NOINDEX_POLICY,
https://www.finmaphub.com/en/market/real-estate/apt/11260||면목동|면목한신,en,real-estate-apt-detail,NOINDEX,실패함,EXPECTED_NOINDEX,true,200_IF_DB_ROW_EXISTS,"noindex,follow + X-Robots-Tag",https://www.finmaphub.com/en/market/real-estate/apt/11260||면목동|면목한신,true,true,false,1,db-dependent,,KEEP_APT_NOINDEX_POLICY,
https://www.finmaphub.com/en/market/real-estate/apt/11500||방화동|동성,en,real-estate-apt-detail,NOINDEX,실패함,EXPECTED_NOINDEX,true,200_IF_DB_ROW_EXISTS,"noindex,follow + X-Robots-Tag",https://www.finmaphub.com/en/market/real-estate/apt/11500||방화동|동성,true,true,false,1,db-dependent,,KEEP_APT_NOINDEX_POLICY,
https://www.finmaphub.com/en/market/real-estate/apt/11620||봉천동|관악푸르지오,en,real-estate-apt-detail,NOINDEX,실패함,EXPECTED_NOINDEX,true,200_IF_DB_ROW_EXISTS,"noindex,follow + X-Robots-Tag",https://www.finmaphub.com/en/market/real-estate/apt/11620||봉천동|관악푸르지오,true,true,false,1,db-dependent,,KEEP_APT_NOINDEX_POLICY,
https://www.finmaphub.com/en/market/real-estate/apt/41460|기흥구|동백동|모아미래도1단지아파트,en,real-estate-apt-detail,NOINDEX,실패함,EXPECTED_NOINDEX,true,200_IF_DB_ROW_EXISTS,"noindex,follow + X-Robots-Tag",https://www.finmaphub.com/en/market/real-estate/apt/41460|기흥구|동백동|모아미래도1단지아파트,true,true,false,1,db-dependent,,KEEP_APT_NOINDEX_POLICY,
https://www.finmaphub.com/en/market/real-estate/apt/41450||창우동|꿈동산신안,en,real-estate-apt-detail,NOINDEX,실패함,EXPECTED_NOINDEX,true,200_IF_DB_ROW_EXISTS,"noindex,follow + X-Robots-Tag",https://www.finmaphub.com/en/market/real-estate/apt/41450||창우동|꿈동산신안,true,true,false,1,db-dependent,,KEEP_APT_NOINDEX_POLICY,
https://www.finmaphub.com/en/market/real-estate/apt/11140||황학동|롯데캐슬,en,real-estate-apt-detail,NOINDEX,실패함,EXPECTED_NOINDEX,true,200_IF_DB_ROW_EXISTS,"noindex,follow + X-Robots-Tag",https://www.finmaphub.com/en/market/real-estate/apt/11140||황학동|롯데캐슬,true,true,false,1,db-dependent,,KEEP_APT_NOINDEX_POLICY,
https://www.finmaphub.com/market/real-estate/apt/28185||동춘동|무지개마을,ko,real-estate-apt-detail,NOINDEX,실패함,EXPECTED_NOINDEX,true,200_IF_DB_ROW_EXISTS,"noindex,follow + X-Robots-Tag",https://www.finmaphub.com/market/real-estate/apt/28185||동춘동|무지개마을,true,true,false,1,db-dependent,,KEEP_APT_NOINDEX_POLICY,
https://www.finmaphub.com/en/market/real-estate/apt/11710||방이동|코오롱아파트,en,real-estate-apt-detail,NOINDEX,실패함,EXPECTED_NOINDEX,true,200_IF_DB_ROW_EXISTS,"noindex,follow + X-Robots-Tag",https://www.finmaphub.com/en/market/real-estate/apt/11710||방이동|코오롱아파트,true,true,false,1,db-dependent,,KEEP_APT_NOINDEX_POLICY,
"https://www.finmaphub.com/market/real-estate/apt/41480||조리읍 
대원리|그린시티동문(218-0)",ko,real-estate-apt-detail,NOINDEX,실패함,EXPECTED_NOINDEX,true,200_IF_DB_ROW_EXISTS,"noindex,follow + X-Robots-Tag",https://www.finmaphub.com/market/real-estate/apt/41480||조리읍 대원리|그린시티동문(218-0),true,true,false,1,db-dependent,,KEEP_APT_NOINDEX_POLICY,
https://www.finmaphub.com/en/market/real-estate/apt/28237||삼산동|삼산타운2단지,en,real-estate-apt-detail,NOINDEX,실패함,EXPECTED_NOINDEX,true,200_IF_DB_ROW_EXISTS,"noindex,follow + X-Robots-Tag",https://www.finmaphub.com/en/market/real-estate/apt/28237||삼산동|삼산타운2단지,true,true,false,1,db-dependent,,KEEP_APT_NOINDEX_POLICY,
https://www.finmaphub.com/en/market/real-estate/apt/11200||성수동2가|서울숲금강아미움,en,real-estate-apt-detail,NOINDEX,실패함,EXPECTED_NOINDEX,true,200_IF_DB_ROW_EXISTS,"noindex,follow + X-Robots-Tag",https://www.finmaphub.com/en/market/real-estate/apt/11200||성수동2가|서울숲금강아미움,true,true,false,1,db-dependent,,KEEP_APT_NOINDEX_POLICY,
https://www.finmaphub.com/market/real-estate/apt/41110|장안구|조원동|주공뉴타운2,ko,real-estate-apt-detail,NOINDEX,실패함,EXPECTED_NOINDEX,true,200_IF_DB_ROW_EXISTS,"noindex,follow + X-Robots-Tag",https://www.finmaphub.com/market/real-estate/apt/41110|장안구|조원동|주공뉴타운2,true,true,false,1,db-dependent,,KEEP_APT_NOINDEX_POLICY,
https://www.finmaphub.com/market/real-estate/apt/41370||갈곶동|우림,ko,real-estate-apt-detail,NOINDEX,실패함,EXPECTED_NOINDEX,true,200_IF_DB_ROW_EXISTS,"noindex,follow + X-Robots-Tag",https://www.finmaphub.com/market/real-estate/apt/41370||갈곶동|우림,true,true,false,1,db-dependent,,KEEP_APT_NOINDEX_POLICY,
https://www.finmaphub.com/en/market/real-estate/apt/11680||대치동|대치삼성,en,real-estate-apt-detail,NOINDEX,실패함,EXPECTED_NOINDEX,true,200_IF_DB_ROW_EXISTS,"noindex,follow + X-Robots-Tag",https://www.finmaphub.com/en/market/real-estate/apt/11680||대치동|대치삼성,true,true,false,1,db-dependent,,KEEP_APT_NOINDEX_POLICY,
https://www.finmaphub.com/market/real-estate/apt/41480||다율동|청석마을9단지대원효성,ko,real-estate-apt-detail,NOINDEX,실패함,EXPECTED_NOINDEX,true,200_IF_DB_ROW_EXISTS,"noindex,follow + X-Robots-Tag",https://www.finmaphub.com/market/real-estate/apt/41480||다율동|청석마을9단지대원효성,true,true,false,1,db-dependent,,KEEP_APT_NOINDEX_POLICY,
https://www.finmaphub.com/market/real-estate/apt/41280|덕양구|행신동|햇빛주공23,ko,real-estate-apt-detail,NOINDEX,실패함,EXPECTED_NOINDEX,true,200_IF_DB_ROW_EXISTS,"noindex,follow + X-Robots-Tag",https://www.finmaphub.com/market/real-estate/apt/41280|덕양구|행신동|햇빛주공23,true,true,false,1,db-dependent,,KEEP_APT_NOINDEX_POLICY,
https://www.finmaphub.com/market/real-estate/apt/41110|권선구|권선동|대원신동아,ko,real-estate-apt-detail,NOINDEX,실패함,EXPECTED_NOINDEX,true,200_IF_DB_ROW_EXISTS,"noindex,follow + X-Robots-Tag",https://www.finmaphub.com/market/real-estate/apt/41110|권선구|권선동|대원신동아,true,true,false,1,db-dependent,,KEEP_APT_NOINDEX_POLICY,
https://www.finmaphub.com/en/market/real-estate/apt/11350||상계동|상계주공10(고층),en,real-estate-apt-detail,NOINDEX,실패함,EXPECTED_NOINDEX,true,200_IF_DB_ROW_EXISTS,"noindex,follow + X-Robots-Tag",https://www.finmaphub.com/en/market/real-estate/apt/11350||상계동|상계주공10(고층),true,true,false,1,db-dependent,,KEEP_APT_NOINDEX_POLICY,
https://www.finmaphub.com/market/real-estate/apt/28237||부개동|부개주공3,ko,real-estate-apt-detail,NOINDEX,실패함,EXPECTED_NOINDEX,true,200_IF_DB_ROW_EXISTS,"noindex,follow + X-Robots-Tag",https://www.finmaphub.com/market/real-estate/apt/28237||부개동|부개주공3,true,true,false,1,db-dependent,,KEEP_APT_NOINDEX_POLICY,
https://www.finmaphub.com/market/real-estate/apt/11290||길음동|길음뉴타운1단지(래미안길음1차),ko,real-estate-apt-detail,NOINDEX,실패함,EXPECTED_NOINDEX,true,200_IF_DB_ROW_EXISTS,"noindex,follow + X-Robots-Tag",https://www.finmaphub.com/market/real-estate/apt/11290||길음동|길음뉴타운1단지(래미안길음1차),true,true,false,1,db-dependent,,KEEP_APT_NOINDEX_POLICY,
https://www.finmaphub.com/en/market/real-estate/apt/41270|단원구|선부동|산호한양,en,real-estate-apt-detail,NOINDEX,실패함,EXPECTED_NOINDEX,true,200_IF_DB_ROW_EXISTS,"noindex,follow + X-Robots-Tag",https://www.finmaphub.com/en/market/real-estate/apt/41270|단원구|선부동|산호한양,true,true,false,1,db-dependent,,KEEP_APT_NOINDEX_POLICY,
https://www.finmaphub.com/en/market/real-estate/apt/28237||삼산동|삼산타운주공1단지,en,real-estate-apt-detail,NOINDEX,실패함,EXPECTED_NOINDEX,true,200_IF_DB_ROW_EXISTS,"noindex,follow + X-Robots-Tag",https://www.finmaphub.com/en/market/real-estate/apt/28237||삼산동|삼산타운주공1단지,true,true,false,1,db-dependent,,KEEP_APT_NOINDEX_POLICY,
https://www.finmaphub.com/market/real-estate/apt/41190|소사구|범박동|부천범박힐스테이트1단지,ko,real-estate-apt-detail,NOINDEX,실패함,EXPECTED_NOINDEX,true,200_IF_DB_ROW_EXISTS,"noindex,follow + X-Robots-Tag",https://www.finmaphub.com/market/real-estate/apt/41190|소사구|범박동|부천범박힐스테이트1단지,true,true,false,1,db-dependent,,KEEP_APT_NOINDEX_POLICY,
https://www.finmaphub.com/market/real-estate/apt/11350||상계동|상계주공10(고층),ko,real-estate-apt-detail,NOINDEX,실패함,EXPECTED_NOINDEX,true,200_IF_DB_ROW_EXISTS,"noindex,follow + X-Robots-Tag",https://www.finmaphub.com/market/real-estate/apt/11350||상계동|상계주공10(고층),true,true,false,1,db-dependent,,KEEP_APT_NOINDEX_POLICY,
https://www.finmaphub.com/market/real-estate/apt/41280|일산서구|탄현동|탄현마을풍림,ko,real-estate-apt-detail,NOINDEX,실패함,EXPECTED_NOINDEX,true,200_IF_DB_ROW_EXISTS,"noindex,follow + X-Robots-Tag",https://www.finmaphub.com/market/real-estate/apt/41280|일산서구|탄현동|탄현마을풍림,true,true,false,1,db-dependent,,KEEP_APT_NOINDEX_POLICY,
https://www.finmaphub.com/en/market/real-estate/apt/28185||동춘동|한양2,en,real-estate-apt-detail,NOINDEX,실패함,EXPECTED_NOINDEX,true,200_IF_DB_ROW_EXISTS,"noindex,follow + X-Robots-Tag",https://www.finmaphub.com/en/market/real-estate/apt/28185||동춘동|한양2,true,true,false,1,db-dependent,,KEEP_APT_NOINDEX_POLICY,
https://www.finmaphub.com/market/real-estate/apt/41460|수지구|풍덕천동|현대,ko,real-estate-apt-detail,NOINDEX,실패함,EXPECTED_NOINDEX,true,200_IF_DB_ROW_EXISTS,"noindex,follow + X-Robots-Tag",https://www.finmaphub.com/market/real-estate/apt/41460|수지구|풍덕천동|현대,true,true,false,1,db-dependent,,KEEP_APT_NOINDEX_POLICY,
https://www.finmaphub.com/market/real-estate/apt/41270|단원구|초지동|주공그린빌13단지,ko,real-estate-apt-detail,NOINDEX,실패함,EXPECTED_NOINDEX,true,200_IF_DB_ROW_EXISTS,"noindex,follow + X-Robots-Tag",https://www.finmaphub.com/market/real-estate/apt/41270|단원구|초지동|주공그린빌13단지,true,true,false,1,db-dependent,,KEEP_APT_NOINDEX_POLICY,
https://www.finmaphub.com/market/real-estate/apt/41210||하안동|주공1,ko,real-estate-apt-detail,NOINDEX,실패함,EXPECTED_NOINDEX,true,200_IF_DB_ROW_EXISTS,"noindex,follow + X-Robots-Tag",https://www.finmaphub.com/market/real-estate/apt/41210||하안동|주공1,true,true,false,1,db-dependent,,KEEP_APT_NOINDEX_POLICY,
https://www.finmaphub.com/market/real-estate/apt/41480||야동동|대방노블랜드(587-0),ko,real-estate-apt-detail,NOINDEX,실패함,EXPECTED_NOINDEX,true,200_IF_DB_ROW_EXISTS,"noindex,follow + X-Robots-Tag",https://www.finmaphub.com/market/real-estate/apt/41480||야동동|대방노블랜드(587-0),true,true,false,1,db-dependent,,KEEP_APT_NOINDEX_POLICY,
https://www.finmaphub.com/en/market/real-estate/apt/41170|동안구|관양동|공작아파트,en,real-estate-apt-detail,NOINDEX,실패함,EXPECTED_NOINDEX,true,200_IF_DB_ROW_EXISTS,"noindex,follow + X-Robots-Tag",https://www.finmaphub.com/en/market/real-estate/apt/41170|동안구|관양동|공작아파트,true,true,false,1,db-dependent,,KEEP_APT_NOINDEX_POLICY,
https://www.finmaphub.com/market/real-estate/apt/41410||금정동|율곡,ko,real-estate-apt-detail,NOINDEX,실패함,EXPECTED_NOINDEX,true,200_IF_DB_ROW_EXISTS,"noindex,follow + X-Robots-Tag",https://www.finmaphub.com/market/real-estate/apt/41410||금정동|율곡,true,true,false,1,db-dependent,,KEEP_APT_NOINDEX_POLICY,
https://www.finmaphub.com/market/real-estate/apt/11230||이문동|쌍용,ko,real-estate-apt-detail,NOINDEX,실패함,EXPECTED_NOINDEX,true,200_IF_DB_ROW_EXISTS,"noindex,follow + X-Robots-Tag",https://www.finmaphub.com/market/real-estate/apt/11230||이문동|쌍용,true,true,false,1,db-dependent,,KEEP_APT_NOINDEX_POLICY,
https://www.finmaphub.com/market/real-estate/apt/11140||황학동|롯데캐슬,ko,real-estate-apt-detail,NOINDEX,실패함,EXPECTED_NOINDEX,true,200_IF_DB_ROW_EXISTS,"noindex,follow + X-Robots-Tag",https://www.finmaphub.com/market/real-estate/apt/11140||황학동|롯데캐슬,true,true,false,1,db-dependent,,KEEP_APT_NOINDEX_POLICY,
https://www.finmaphub.com/en/market/real-estate/apt/41110|팔달구|화서동|화서주공4단지,en,real-estate-apt-detail,NOINDEX,실패함,EXPECTED_NOINDEX,true,200_IF_DB_ROW_EXISTS,"noindex,follow + X-Robots-Tag",https://www.finmaphub.com/en/market/real-estate/apt/41110|팔달구|화서동|화서주공4단지,true,true,false,1,db-dependent,,KEEP_APT_NOINDEX_POLICY,
https://www.finmaphub.com/market/real-estate/apt/41370||부산동|주공1,ko,real-estate-apt-detail,NOINDEX,실패함,EXPECTED_NOINDEX,true,200_IF_DB_ROW_EXISTS,"noindex,follow + X-Robots-Tag",https://www.finmaphub.com/market/real-estate/apt/41370||부산동|주공1,true,true,false,1,db-dependent,,KEEP_APT_NOINDEX_POLICY,
https://www.finmaphub.com/en/market/real-estate/apt/41410||산본동|가야주공,en,real-estate-apt-detail,NOINDEX,실패함,EXPECTED_NOINDEX,true,200_IF_DB_ROW_EXISTS,"noindex,follow + X-Robots-Tag",https://www.finmaphub.com/en/market/real-estate/apt/41410||산본동|가야주공,true,true,false,1,db-dependent,,KEEP_APT_NOINDEX_POLICY,
https://www.finmaphub.com/market/real-estate/apt/11740||명일동|삼익그린2차,ko,real-estate-apt-detail,NOINDEX,실패함,EXPECTED_NOINDEX,true,200_IF_DB_ROW_EXISTS,"noindex,follow + X-Robots-Tag",https://www.finmaphub.com/market/real-estate/apt/11740||명일동|삼익그린2차,true,true,false,1,db-dependent,,KEEP_APT_NOINDEX_POLICY,
https://www.finmaphub.com/en/market/real-estate/apt/28245||계산동|현대,en,real-estate-apt-detail,NOINDEX,실패함,EXPECTED_NOINDEX,true,200_IF_DB_ROW_EXISTS,"noindex,follow + X-Robots-Tag",https://www.finmaphub.com/en/market/real-estate/apt/28245||계산동|현대,true,true,false,1,db-dependent,,KEEP_APT_NOINDEX_POLICY,
https://www.finmaphub.com/en/market/real-estate/apt/11200||하왕십리동|왕십리자이,en,real-estate-apt-detail,NOINDEX,실패함,EXPECTED_NOINDEX,true,200_IF_DB_ROW_EXISTS,"noindex,follow + X-Robots-Tag",https://www.finmaphub.com/en/market/real-estate/apt/11200||하왕십리동|왕십리자이,true,true,false,1,db-dependent,,KEEP_APT_NOINDEX_POLICY,
https://www.finmaphub.com/market/real-estate/apt/41270|상록구|성포동|선경,ko,real-estate-apt-detail,NOINDEX,실패함,EXPECTED_NOINDEX,true,200_IF_DB_ROW_EXISTS,"noindex,follow + X-Robots-Tag",https://www.finmaphub.com/market/real-estate/apt/41270|상록구|성포동|선경,true,true,false,1,db-dependent,,KEEP_APT_NOINDEX_POLICY,
https://www.finmaphub.com/en/market/real-estate/apt/11440||아현동|마포센트럴 아이파크,en,real-estate-apt-detail,NOINDEX,실패함,EXPECTED_NOINDEX,true,200_IF_DB_ROW_EXISTS,"noindex,follow + X-Robots-Tag",https://www.finmaphub.com/en/market/real-estate/apt/11440||아현동|마포센트럴 아이파크,true,true,false,1,db-dependent,,KEEP_APT_NOINDEX_POLICY,
https://www.finmaphub.com/market/real-estate/apt/41280|일산동구|풍동|숲속마을8단지,ko,real-estate-apt-detail,NOINDEX,실패함,EXPECTED_NOINDEX,true,200_IF_DB_ROW_EXISTS,"noindex,follow + X-Robots-Tag",https://www.finmaphub.com/market/real-estate/apt/41280|일산동구|풍동|숲속마을8단지,true,true,false,1,db-dependent,,KEEP_APT_NOINDEX_POLICY,
https://www.finmaphub.com/market/real-estate/apt/41270|단원구|원곡동|벽산블루밍,ko,real-estate-apt-detail,NOINDEX,실패함,EXPECTED_NOINDEX,true,200_IF_DB_ROW_EXISTS,"noindex,follow + X-Robots-Tag",https://www.finmaphub.com/market/real-estate/apt/41270|단원구|원곡동|벽산블루밍,true,true,false,1,db-dependent,,KEEP_APT_NOINDEX_POLICY,
https://www.finmaphub.com/market/real-estate/apt/11680||역삼동|역삼센트럴아파트,ko,real-estate-apt-detail,NOINDEX,실패함,EXPECTED_NOINDEX,true,200_IF_DB_ROW_EXISTS,"noindex,follow + X-Robots-Tag",https://www.finmaphub.com/market/real-estate/apt/11680||역삼동|역삼센트럴아파트,true,true,false,1,db-dependent,,KEEP_APT_NOINDEX_POLICY,
"https://www.finmaphub.com/market/real-estate/apt/11500||등촌동|등촌1,2단지주공아파트",ko,real-estate-apt-detail,NOINDEX,실패함,EXPECTED_NOINDEX,true,200_IF_DB_ROW_EXISTS,"noindex,follow + X-Robots-Tag","https://www.finmaphub.com/market/real-estate/apt/11500||등촌동|등촌1,2단지주공아파트",true,true,false,1,db-dependent,,KEEP_APT_NOINDEX_POLICY,
https://www.finmaphub.com/market/real-estate/apt/41550||공도읍 진사리|우림,ko,real-estate-apt-detail,NOINDEX,실패함,EXPECTED_NOINDEX,true,200_IF_DB_ROW_EXISTS,"noindex,follow + X-Robots-Tag",https://www.finmaphub.com/market/real-estate/apt/41550||공도읍 진사리|우림,true,true,false,1,db-dependent,,KEEP_APT_NOINDEX_POLICY,
https://www.finmaphub.com/en/market/real-estate/apt/11500||염창동|태진한솔,en,real-estate-apt-detail,NOINDEX,실패함,EXPECTED_NOINDEX,true,200_IF_DB_ROW_EXISTS,"noindex,follow + X-Robots-Tag",https://www.finmaphub.com/en/market/real-estate/apt/11500||염창동|태진한솔,true,true,false,1,db-dependent,,KEEP_APT_NOINDEX_POLICY,
https://www.finmaphub.com/market/real-estate/apt/11320||방학동|신동아아파트1,ko,real-estate-apt-detail,NOINDEX,실패함,EXPECTED_NOINDEX,true,200_IF_DB_ROW_EXISTS,"noindex,follow + X-Robots-Tag",https://www.finmaphub.com/market/real-estate/apt/11320||방학동|신동아아파트1,true,true,false,1,db-dependent,,KEEP_APT_NOINDEX_POLICY,
https://www.finmaphub.com/market/real-estate/apt/11500||염창동|e편한세상염창,ko,real-estate-apt-detail,NOINDEX,실패함,EXPECTED_NOINDEX,true,200_IF_DB_ROW_EXISTS,"noindex,follow + X-Robots-Tag",https://www.finmaphub.com/market/real-estate/apt/11500||염창동|e편한세상염창,true,true,false,1,db-dependent,,KEEP_APT_NOINDEX_POLICY,
https://www.finmaphub.com/market/real-estate/apt/11710||풍납동|현대리버빌1지구,ko,real-estate-apt-detail,NOINDEX,실패함,EXPECTED_NOINDEX,true,200_IF_DB_ROW_EXISTS,"noindex,follow + X-Robots-Tag",https://www.finmaphub.com/market/real-estate/apt/11710||풍납동|현대리버빌1지구,true,true,false,1,db-dependent,,KEEP_APT_NOINDEX_POLICY,
https://www.finmaphub.com/market/real-estate/apt/11500||방화동|다우하임더프라임아파트,ko,real-estate-apt-detail,NOINDEX,실패함,EXPECTED_NOINDEX,true,200_IF_DB_ROW_EXISTS,"noindex,follow + X-Robots-Tag",https://www.finmaphub.com/market/real-estate/apt/11500||방화동|다우하임더프라임아파트,true,true,false,1,db-dependent,,KEEP_APT_NOINDEX_POLICY,
https://www.finmaphub.com/market/real-estate/apt/11500||방화동|동성,ko,real-estate-apt-detail,NOINDEX,실패함,EXPECTED_NOINDEX,true,200_IF_DB_ROW_EXISTS,"noindex,follow + X-Robots-Tag",https://www.finmaphub.com/market/real-estate/apt/11500||방화동|동성,true,true,false,1,db-dependent,,KEEP_APT_NOINDEX_POLICY,
https://www.finmaphub.com/en/market/real-estate/apt/11170||이촌동|중앙하이츠(A),en,real-estate-apt-detail,NOINDEX,실패함,EXPECTED_NOINDEX,true,200_IF_DB_ROW_EXISTS,"noindex,follow + X-Robots-Tag",https://www.finmaphub.com/en/market/real-estate/apt/11170||이촌동|중앙하이츠(A),true,true,false,1,db-dependent,,KEEP_APT_NOINDEX_POLICY,
https://www.finmaphub.com/market/real-estate/apt/11440||도화동|성지,ko,real-estate-apt-detail,NOINDEX,실패함,EXPECTED_NOINDEX,true,200_IF_DB_ROW_EXISTS,"noindex,follow + X-Robots-Tag",https://www.finmaphub.com/market/real-estate/apt/11440||도화동|성지,true,true,false,1,db-dependent,,KEEP_APT_NOINDEX_POLICY,
https://www.finmaphub.com/market/real-estate/apt/41410||산본동|설악2,ko,real-estate-apt-detail,NOINDEX,실패함,EXPECTED_NOINDEX,true,200_IF_DB_ROW_EXISTS,"noindex,follow + X-Robots-Tag",https://www.finmaphub.com/market/real-estate/apt/41410||산본동|설악2,true,true,false,1,db-dependent,,KEEP_APT_NOINDEX_POLICY,
https://www.finmaphub.com/en/market/real-estate/apt/41150||민락동|탑석드림캐슬,en,real-estate-apt-detail,NOINDEX,실패함,EXPECTED_NOINDEX,true,200_IF_DB_ROW_EXISTS,"noindex,follow + X-Robots-Tag",https://www.finmaphub.com/en/market/real-estate/apt/41150||민락동|탑석드림캐슬,true,true,false,1,db-dependent,,KEEP_APT_NOINDEX_POLICY,
https://www.finmaphub.com/en/market/real-estate/apt/11290||정릉동|정릉풍림아이원,en,real-estate-apt-detail,NOINDEX,실패함,EXPECTED_NOINDEX,true,200_IF_DB_ROW_EXISTS,"noindex,follow + X-Robots-Tag",https://www.finmaphub.com/en/market/real-estate/apt/11290||정릉동|정릉풍림아이원,true,true,false,1,db-dependent,,KEEP_APT_NOINDEX_POLICY,
https://www.finmaphub.com/market/real-estate/apt/11500||등촌동|동성,ko,real-estate-apt-detail,NOINDEX,실패함,EXPECTED_NOINDEX,true,200_IF_DB_ROW_EXISTS,"noindex,follow + X-Robots-Tag",https://www.finmaphub.com/market/real-estate/apt/11500||등촌동|동성,true,true,false,1,db-dependent,,KEEP_APT_NOINDEX_POLICY,
https://www.finmaphub.com/en/market/real-estate/apt/41110|영통구|영통동|청명마을(주공),en,real-estate-apt-detail,NOINDEX,실패함,EXPECTED_NOINDEX,true,200_IF_DB_ROW_EXISTS,"noindex,follow + X-Robots-Tag",https://www.finmaphub.com/en/market/real-estate/apt/41110|영통구|영통동|청명마을(주공),true,true,false,1,db-dependent,,KEEP_APT_NOINDEX_POLICY,
https://www.finmaphub.com/en/market/real-estate/apt/11320||창동|동아청솔,en,real-estate-apt-detail,NOINDEX,실패함,EXPECTED_NOINDEX,true,200_IF_DB_ROW_EXISTS,"noindex,follow + X-Robots-Tag",https://www.finmaphub.com/en/market/real-estate/apt/11320||창동|동아청솔,true,true,false,1,db-dependent,,KEEP_APT_NOINDEX_POLICY,
https://www.finmaphub.com/market/real-estate/apt/41630||삼숭동|성우아파트아침의미소,ko,real-estate-apt-detail,NOINDEX,실패함,EXPECTED_NOINDEX,true,200_IF_DB_ROW_EXISTS,"noindex,follow + X-Robots-Tag",https://www.finmaphub.com/market/real-estate/apt/41630||삼숭동|성우아파트아침의미소,true,true,false,1,db-dependent,,KEEP_APT_NOINDEX_POLICY,
https://www.finmaphub.com/en/market/real-estate/apt/11620||봉천동|벽산블루밍,en,real-estate-apt-detail,NOINDEX,실패함,EXPECTED_NOINDEX,true,200_IF_DB_ROW_EXISTS,"noindex,follow + X-Robots-Tag",https://www.finmaphub.com/en/market/real-estate/apt/11620||봉천동|벽산블루밍,true,true,false,1,db-dependent,,KEEP_APT_NOINDEX_POLICY,
https://www.finmaphub.com/en/market/real-estate/apt/11350||공릉동|풍림아파트A,en,real-estate-apt-detail,NOINDEX,실패함,EXPECTED_NOINDEX,true,200_IF_DB_ROW_EXISTS,"noindex,follow + X-Robots-Tag",https://www.finmaphub.com/en/market/real-estate/apt/11350||공릉동|풍림아파트A,true,true,false,1,db-dependent,,KEEP_APT_NOINDEX_POLICY,
https://www.finmaphub.com/market/real-estate/apt/41480||금촌동|금촌주공7단지(1019-0),ko,real-estate-apt-detail,NOINDEX,실패함,EXPECTED_NOINDEX,true,200_IF_DB_ROW_EXISTS,"noindex,follow + X-Robots-Tag",https://www.finmaphub.com/market/real-estate/apt/41480||금촌동|금촌주공7단지(1019-0),true,true,false,1,db-dependent,,KEEP_APT_NOINDEX_POLICY,
https://www.finmaphub.com/market/real-estate/apt/11740||암사동|선사현대아파트,ko,real-estate-apt-detail,NOINDEX,실패함,EXPECTED_NOINDEX,true,200_IF_DB_ROW_EXISTS,"noindex,follow + X-Robots-Tag",https://www.finmaphub.com/market/real-estate/apt/11740||암사동|선사현대아파트,true,true,false,1,db-dependent,,KEEP_APT_NOINDEX_POLICY,
https://www.finmaphub.com/market/real-estate/apt/41130|분당구|정자동|한솔마을(5단지)(주공),ko,real-estate-apt-detail,NOINDEX,실패함,EXPECTED_NOINDEX,true,200_IF_DB_ROW_EXISTS,"noindex,follow + X-Robots-Tag",https://www.finmaphub.com/market/real-estate/apt/41130|분당구|정자동|한솔마을(5단지)(주공),true,true,false,1,db-dependent,,KEEP_APT_NOINDEX_POLICY,
https://www.finmaphub.com/market/real-estate/apt/41280|덕양구|화정동|달빛마을(부영)2,ko,real-estate-apt-detail,NOINDEX,실패함,EXPECTED_NOINDEX,true,200_IF_DB_ROW_EXISTS,"noindex,follow + X-Robots-Tag",https://www.finmaphub.com/market/real-estate/apt/41280|덕양구|화정동|달빛마을(부영)2,true,true,false,1,db-dependent,,KEEP_APT_NOINDEX_POLICY,
https://www.finmaphub.com/market/real-estate/apt/41570||운양동|김포한강신도시반도유보라2차,ko,real-estate-apt-detail,NOINDEX,실패함,EXPECTED_NOINDEX,true,200_IF_DB_ROW_EXISTS,"noindex,follow + X-Robots-Tag",https://www.finmaphub.com/market/real-estate/apt/41570||운양동|김포한강신도시반도유보라2차,true,true,false,1,db-dependent,,KEEP_APT_NOINDEX_POLICY,
https://www.finmaphub.com/market/real-estate/apt/41110|영통구|영통동|신나무실휴먼시아5단지,ko,real-estate-apt-detail,NOINDEX,실패함,EXPECTED_NOINDEX,true,200_IF_DB_ROW_EXISTS,"noindex,follow + X-Robots-Tag",https://www.finmaphub.com/market/real-estate/apt/41110|영통구|영통동|신나무실휴먼시아5단지,true,true,false,1,db-dependent,,KEEP_APT_NOINDEX_POLICY,
https://www.finmaphub.com/market/real-estate/apt/41110|장안구|정자동|화서역 우방 센트럴파크,ko,real-estate-apt-detail,NOINDEX,실패함,EXPECTED_NOINDEX,true,200_IF_DB_ROW_EXISTS,"noindex,follow + X-Robots-Tag",https://www.finmaphub.com/market/real-estate/apt/41110|장안구|정자동|화서역 우방 센트럴파크,true,true,false,1,db-dependent,,KEEP_APT_NOINDEX_POLICY,
https://www.finmaphub.com/en/market/real-estate/apt/11650||반포동|반포래미안아이파크,en,real-estate-apt-detail,NOINDEX,실패함,EXPECTED_NOINDEX,true,200_IF_DB_ROW_EXISTS,"noindex,follow + X-Robots-Tag",https://www.finmaphub.com/en/market/real-estate/apt/11650||반포동|반포래미안아이파크,true,true,false,1,db-dependent,,KEEP_APT_NOINDEX_POLICY,
https://www.finmaphub.com/en/market/real-estate/apt/11440||도화동|성지?timeframe=month&period=202603&band=all&sido=11,en,real-estate-apt-detail,NOINDEX,실패함,EXPECTED_CANONICAL_ALT,true,200_IF_DB_ROW_EXISTS,"noindex,follow + X-Robots-Tag",https://www.finmaphub.com/en/market/real-estate/apt/11440||도화동|성지,false,true,false,0,db-dependent,,KEEP_CANONICAL_ALT_NO_SITEMAP,
https://www.finmaphub.com/market/real-estate/apt/11710||송파동|현대,ko,real-estate-apt-detail,NOINDEX,실패함,EXPECTED_NOINDEX,true,200_IF_DB_ROW_EXISTS,"noindex,follow + X-Robots-Tag",https://www.finmaphub.com/market/real-estate/apt/11710||송파동|현대,true,true,false,1,db-dependent,,KEEP_APT_NOINDEX_POLICY,
https://www.finmaphub.com/market/real-estate/apt/11170||이촌동|중앙하이츠(A),ko,real-estate-apt-detail,NOINDEX,실패함,EXPECTED_NOINDEX,true,200_IF_DB_ROW_EXISTS,"noindex,follow + X-Robots-Tag",https://www.finmaphub.com/market/real-estate/apt/11170||이촌동|중앙하이츠(A),true,true,false,1,db-dependent,,KEEP_APT_NOINDEX_POLICY,
https://www.finmaphub.com/en/market/real-estate/apt/28237||부개동|부개주공1,en,real-estate-apt-detail,NOINDEX,실패함,EXPECTED_NOINDEX,true,200_IF_DB_ROW_EXISTS,"noindex,follow + X-Robots-Tag",https://www.finmaphub.com/en/market/real-estate/apt/28237||부개동|부개주공1,true,true,false,1,db-dependent,,KEEP_APT_NOINDEX_POLICY,
https://www.finmaphub.com/market/real-estate/apt/11710||잠실동|아시아선수촌아파트,ko,real-estate-apt-detail,NOINDEX,실패함,EXPECTED_NOINDEX,true,200_IF_DB_ROW_EXISTS,"noindex,follow + X-Robots-Tag",https://www.finmaphub.com/market/real-estate/apt/11710||잠실동|아시아선수촌아파트,true,true,false,1,db-dependent,,KEEP_APT_NOINDEX_POLICY,
https://www.finmaphub.com/en/market/real-estate/apt/11350||월계동|미성,en,real-estate-apt-detail,NOINDEX,실패함,EXPECTED_NOINDEX,true,200_IF_DB_ROW_EXISTS,"noindex,follow + X-Robots-Tag",https://www.finmaphub.com/en/market/real-estate/apt/11350||월계동|미성,true,true,false,1,db-dependent,,KEEP_APT_NOINDEX_POLICY,
https://www.finmaphub.com/market/real-estate/apt/41410||당동|용호마을e-편한세상,ko,real-estate-apt-detail,NOINDEX,실패함,EXPECTED_NOINDEX,true,200_IF_DB_ROW_EXISTS,"noindex,follow + X-Robots-Tag",https://www.finmaphub.com/market/real-estate/apt/41410||당동|용호마을e-편한세상,true,true,false,1,db-dependent,,KEEP_APT_NOINDEX_POLICY,
https://www.finmaphub.com/en/market/real-estate/apt/41190|원미구|중동|한라마을(주공3),en,real-estate-apt-detail,NOINDEX,실패함,EXPECTED_NOINDEX,true,200_IF_DB_ROW_EXISTS,"noindex,follow + X-Robots-Tag",https://www.finmaphub.com/en/market/real-estate/apt/41190|원미구|중동|한라마을(주공3),true,true,false,1,db-dependent,,KEEP_APT_NOINDEX_POLICY,
https://www.finmaphub.com/en/market/real-estate/apt/41130|분당구|정자동|한솔마을(4단지)(주공),en,real-estate-apt-detail,NOINDEX,실패함,EXPECTED_NOINDEX,true,200_IF_DB_ROW_EXISTS,"noindex,follow + X-Robots-Tag",https://www.finmaphub.com/en/market/real-estate/apt/41130|분당구|정자동|한솔마을(4단지)(주공),true,true,false,1,db-dependent,,KEEP_APT_NOINDEX_POLICY,
https://www.finmaphub.com/market/real-estate/apt/11200||성수동1가|동아그린,ko,real-estate-apt-detail,NOINDEX,실패함,EXPECTED_NOINDEX,true,200_IF_DB_ROW_EXISTS,"noindex,follow + X-Robots-Tag",https://www.finmaphub.com/market/real-estate/apt/11200||성수동1가|동아그린,true,true,false,1,db-dependent,,KEEP_APT_NOINDEX_POLICY,
https://www.finmaphub.com/en/market/real-estate/apt/11710||문정동|올림픽훼밀리타운,en,real-estate-apt-detail,NOINDEX,실패함,EXPECTED_NOINDEX,true,200_IF_DB_ROW_EXISTS,"noindex,follow + X-Robots-Tag",https://www.finmaphub.com/en/market/real-estate/apt/11710||문정동|올림픽훼밀리타운,true,true,false,1,db-dependent,,KEEP_APT_NOINDEX_POLICY,
https://www.finmaphub.com/en/market/real-estate/apt/11740||명일동|삼익그린2차,en,real-estate-apt-detail,NOINDEX,실패함,EXPECTED_NOINDEX,true,200_IF_DB_ROW_EXISTS,"noindex,follow + X-Robots-Tag",https://www.finmaphub.com/en/market/real-estate/apt/11740||명일동|삼익그린2차,true,true,false,1,db-dependent,,KEEP_APT_NOINDEX_POLICY,
https://www.finmaphub.com/en/market/real-estate/apt/41460|기흥구|상갈동|금화마을주공3단지,en,real-estate-apt-detail,NOINDEX,실패함,EXPECTED_NOINDEX,true,200_IF_DB_ROW_EXISTS,"noindex,follow + X-Robots-Tag",https://www.finmaphub.com/en/market/real-estate/apt/41460|기흥구|상갈동|금화마을주공3단지,true,true,false,1,db-dependent,,KEEP_APT_NOINDEX_POLICY,
https://www.finmaphub.com/en/market/real-estate/apt/28245||작전동|도두리마을동보,en,real-estate-apt-detail,NOINDEX,실패함,EXPECTED_NOINDEX,true,200_IF_DB_ROW_EXISTS,"noindex,follow + X-Robots-Tag",https://www.finmaphub.com/en/market/real-estate/apt/28245||작전동|도두리마을동보,true,true,false,1,db-dependent,,KEEP_APT_NOINDEX_POLICY,
https://www.finmaphub.com/en/market/real-estate/apt/41270|단원구|초지동|주공그린빌14단지,en,real-estate-apt-detail,NOINDEX,실패함,EXPECTED_NOINDEX,true,200_IF_DB_ROW_EXISTS,"noindex,follow + X-Robots-Tag",https://www.finmaphub.com/en/market/real-estate/apt/41270|단원구|초지동|주공그린빌14단지,true,true,false,1,db-dependent,,KEEP_APT_NOINDEX_POLICY,
https://www.finmaphub.com/market/real-estate/apt/41130|분당구|야탑동|장미마을(현대),ko,real-estate-apt-detail,NOINDEX,실패함,EXPECTED_NOINDEX,true,200_IF_DB_ROW_EXISTS,"noindex,follow + X-Robots-Tag",https://www.finmaphub.com/market/real-estate/apt/41130|분당구|야탑동|장미마을(현대),true,true,false,1,db-dependent,,KEEP_APT_NOINDEX_POLICY,
https://www.finmaphub.com/en/market/real-estate/apt/28140||송현동|송현주공솔빛마을(154),en,real-estate-apt-detail,NOINDEX,실패함,EXPECTED_NOINDEX,true,200_IF_DB_ROW_EXISTS,"noindex,follow + X-Robots-Tag",https://www.finmaphub.com/en/market/real-estate/apt/28140||송현동|송현주공솔빛마을(154),true,true,false,1,db-dependent,,KEEP_APT_NOINDEX_POLICY,
https://www.finmaphub.com/en/market/real-estate/apt/28237||삼산동|삼산주공미래타운4차,en,real-estate-apt-detail,NOINDEX,실패함,EXPECTED_NOINDEX,true,200_IF_DB_ROW_EXISTS,"noindex,follow + X-Robots-Tag",https://www.finmaphub.com/en/market/real-estate/apt/28237||삼산동|삼산주공미래타운4차,true,true,false,1,db-dependent,,KEEP_APT_NOINDEX_POLICY,
https://www.finmaphub.com/en/market/real-estate/apt/41170|동안구|호계동|대림e-편한세상,en,real-estate-apt-detail,NOINDEX,실패함,EXPECTED_NOINDEX,true,200_IF_DB_ROW_EXISTS,"noindex,follow + X-Robots-Tag",https://www.finmaphub.com/en/market/real-estate/apt/41170|동안구|호계동|대림e-편한세상,true,true,false,1,db-dependent,,KEEP_APT_NOINDEX_POLICY,
https://www.finmaphub.com/en/market/real-estate/apt/41190|원미구|중동|보람마을(아주),en,real-estate-apt-detail,NOINDEX,실패함,EXPECTED_NOINDEX,true,200_IF_DB_ROW_EXISTS,"noindex,follow + X-Robots-Tag",https://www.finmaphub.com/en/market/real-estate/apt/41190|원미구|중동|보람마을(아주),true,true,false,1,db-dependent,,KEEP_APT_NOINDEX_POLICY,
https://www.finmaphub.com/en/market/real-estate/apt/28245||계산동|주공,en,real-estate-apt-detail,NOINDEX,실패함,EXPECTED_NOINDEX,true,200_IF_DB_ROW_EXISTS,"noindex,follow + X-Robots-Tag",https://www.finmaphub.com/en/market/real-estate/apt/28245||계산동|주공,true,true,false,1,db-dependent,,KEEP_APT_NOINDEX_POLICY,
https://www.finmaphub.com/en/market/real-estate/apt/11350||상계동|상계주공3(고층),en,real-estate-apt-detail,NOINDEX,실패함,EXPECTED_NOINDEX,true,200_IF_DB_ROW_EXISTS,"noindex,follow + X-Robots-Tag",https://www.finmaphub.com/en/market/real-estate/apt/11350||상계동|상계주공3(고층),true,true,false,1,db-dependent,,KEEP_APT_NOINDEX_POLICY,
https://www.finmaphub.com/market/real-estate/apt/28245||병방동|학마을서해,ko,real-estate-apt-detail,NOINDEX,실패함,EXPECTED_NOINDEX,true,200_IF_DB_ROW_EXISTS,"noindex,follow + X-Robots-Tag",https://www.finmaphub.com/market/real-estate/apt/28245||병방동|학마을서해,true,true,false,1,db-dependent,,KEEP_APT_NOINDEX_POLICY,
https://www.finmaphub.com/en/market/real-estate/apt/11500||방화동|다우하임더프라임아파트,en,real-estate-apt-detail,NOINDEX,실패함,EXPECTED_NOINDEX,true,200_IF_DB_ROW_EXISTS,"noindex,follow + X-Robots-Tag",https://www.finmaphub.com/en/market/real-estate/apt/11500||방화동|다우하임더프라임아파트,true,true,false,1,db-dependent,,KEEP_APT_NOINDEX_POLICY,
https://www.finmaphub.com/market/real-estate/apt/11170||이촌동|중앙하이츠(A)?timeframe=month&period=202603&band=all&sido=11,ko,real-estate-apt-detail,NOINDEX,실패함,EXPECTED_CANONICAL_ALT,true,200_IF_DB_ROW_EXISTS,"noindex,follow + X-Robots-Tag",https://www.finmaphub.com/market/real-estate/apt/11170||이촌동|중앙하이츠(A),false,true,false,0,db-dependent,,KEEP_CANONICAL_ALT_NO_SITEMAP,
https://www.finmaphub.com/market/real-estate/apt/41410||산본동|주공9단지금강,ko,real-estate-apt-detail,NOINDEX,실패함,EXPECTED_NOINDEX,true,200_IF_DB_ROW_EXISTS,"noindex,follow + X-Robots-Tag",https://www.finmaphub.com/market/real-estate/apt/41410||산본동|주공9단지금강,true,true,false,1,db-dependent,,KEEP_APT_NOINDEX_POLICY,
https://www.finmaphub.com/market/real-estate/apt/41370||원동|운암주공5단지,ko,real-estate-apt-detail,NOINDEX,실패함,EXPECTED_NOINDEX,true,200_IF_DB_ROW_EXISTS,"noindex,follow + X-Robots-Tag",https://www.finmaphub.com/market/real-estate/apt/41370||원동|운암주공5단지,true,true,false,1,db-dependent,,KEEP_APT_NOINDEX_POLICY,
https://www.finmaphub.com/market/real-estate/apt/28260||당하동|원당풍림아이원,ko,real-estate-apt-detail,NOINDEX,실패함,EXPECTED_NOINDEX,true,200_IF_DB_ROW_EXISTS,"noindex,follow + X-Robots-Tag",https://www.finmaphub.com/market/real-estate/apt/28260||당하동|원당풍림아이원,true,true,false,1,db-dependent,,KEEP_APT_NOINDEX_POLICY,
https://www.finmaphub.com/en/market/real-estate/apt/11200||금호동1가|금호삼성래미안,en,real-estate-apt-detail,NOINDEX,실패함,EXPECTED_NOINDEX,true,200_IF_DB_ROW_EXISTS,"noindex,follow + X-Robots-Tag",https://www.finmaphub.com/en/market/real-estate/apt/11200||금호동1가|금호삼성래미안,true,true,false,1,db-dependent,,KEEP_APT_NOINDEX_POLICY,
https://www.finmaphub.com/en/market/real-estate/apt/11620||신림동|관악산휴먼시아2단지,en,real-estate-apt-detail,NOINDEX,실패함,EXPECTED_NOINDEX,true,200_IF_DB_ROW_EXISTS,"noindex,follow + X-Robots-Tag",https://www.finmaphub.com/en/market/real-estate/apt/11620||신림동|관악산휴먼시아2단지,true,true,false,1,db-dependent,,KEEP_APT_NOINDEX_POLICY,
https://www.finmaphub.com/en/market/real-estate/apt/28245||계산동|하나,en,real-estate-apt-detail,NOINDEX,실패함,EXPECTED_NOINDEX,true,200_IF_DB_ROW_EXISTS,"noindex,follow + X-Robots-Tag",https://www.finmaphub.com/en/market/real-estate/apt/28245||계산동|하나,true,true,false,1,db-dependent,,KEEP_APT_NOINDEX_POLICY,
https://www.finmaphub.com/market/real-estate/apt/11215||구의동|현대프라임,ko,real-estate-apt-detail,NOINDEX,실패함,EXPECTED_NOINDEX,true,200_IF_DB_ROW_EXISTS,"noindex,follow + X-Robots-Tag",https://www.finmaphub.com/market/real-estate/apt/11215||구의동|현대프라임,true,true,false,1,db-dependent,,KEEP_APT_NOINDEX_POLICY,
https://www.finmaphub.com/market/real-estate/apt/11305||미아동|삼각산아이원,ko,real-estate-apt-detail,NOINDEX,실패함,EXPECTED_NOINDEX,true,200_IF_DB_ROW_EXISTS,"noindex,follow + X-Robots-Tag",https://www.finmaphub.com/market/real-estate/apt/11305||미아동|삼각산아이원,true,true,false,1,db-dependent,,KEEP_APT_NOINDEX_POLICY,
https://www.finmaphub.com/en/market/real-estate/apt/28200||만수동|만수뉴서울아파트,en,real-estate-apt-detail,NOINDEX,실패함,EXPECTED_NOINDEX,true,200_IF_DB_ROW_EXISTS,"noindex,follow + X-Robots-Tag",https://www.finmaphub.com/en/market/real-estate/apt/28200||만수동|만수뉴서울아파트,true,true,false,1,db-dependent,,KEEP_APT_NOINDEX_POLICY,
https://www.finmaphub.com/en/market/real-estate/apt/11680||도곡동|도곡스타클래스,en,real-estate-apt-detail,NOINDEX,실패함,EXPECTED_NOINDEX,true,200_IF_DB_ROW_EXISTS,"noindex,follow + X-Robots-Tag",https://www.finmaphub.com/en/market/real-estate/apt/11680||도곡동|도곡스타클래스,true,true,false,1,db-dependent,,KEEP_APT_NOINDEX_POLICY,
https://www.finmaphub.com/en/market/real-estate/apt/11200||성수동1가|서울숲성수현대,en,real-estate-apt-detail,NOINDEX,실패함,EXPECTED_NOINDEX,true,200_IF_DB_ROW_EXISTS,"noindex,follow + X-Robots-Tag",https://www.finmaphub.com/en/market/real-estate/apt/11200||성수동1가|서울숲성수현대,true,true,false,1,db-dependent,,KEEP_APT_NOINDEX_POLICY,
https://www.finmaphub.com/market/real-estate/apt/28177||학익동|동아풍림,ko,real-estate-apt-detail,NOINDEX,실패함,EXPECTED_NOINDEX,true,200_IF_DB_ROW_EXISTS,"noindex,follow + X-Robots-Tag",https://www.finmaphub.com/market/real-estate/apt/28177||학익동|동아풍림,true,true,false,1,db-dependent,,KEEP_APT_NOINDEX_POLICY,
https://www.finmaphub.com/en/market/real-estate/apt/11200||응봉동|신동아,en,real-estate-apt-detail,NOINDEX,실패함,EXPECTED_NOINDEX,true,200_IF_DB_ROW_EXISTS,"noindex,follow + X-Robots-Tag",https://www.finmaphub.com/en/market/real-estate/apt/11200||응봉동|신동아,true,true,false,1,db-dependent,,KEEP_APT_NOINDEX_POLICY,
https://www.finmaphub.com/en/market/real-estate/apt/11170||한강로3가|전자타운한신(A),en,real-estate-apt-detail,NOINDEX,실패함,EXPECTED_NOINDEX,true,200_IF_DB_ROW_EXISTS,"noindex,follow + X-Robots-Tag",https://www.finmaphub.com/en/market/real-estate/apt/11170||한강로3가|전자타운한신(A),true,true,false,1,db-dependent,,KEEP_APT_NOINDEX_POLICY,
https://www.finmaphub.com/en/market/real-estate/apt/11170||한강로2가|용산푸르지오써밋(420),en,real-estate-apt-detail,NOINDEX,실패함,EXPECTED_NOINDEX,true,200_IF_DB_ROW_EXISTS,"noindex,follow + X-Robots-Tag",https://www.finmaphub.com/en/market/real-estate/apt/11170||한강로2가|용산푸르지오써밋(420),true,true,false,1,db-dependent,,KEEP_APT_NOINDEX_POLICY,
https://www.finmaphub.com/en/market/real-estate/apt/11440||아현동|공덕자이,en,real-estate-apt-detail,NOINDEX,실패함,EXPECTED_NOINDEX,true,200_IF_DB_ROW_EXISTS,"noindex,follow + X-Robots-Tag",https://www.finmaphub.com/en/market/real-estate/apt/11440||아현동|공덕자이,true,true,false,1,db-dependent,,KEEP_APT_NOINDEX_POLICY,
https://www.finmaphub.com/market/real-estate/apt/11170||한강로3가|전자타운한신(A),ko,real-estate-apt-detail,NOINDEX,실패함,EXPECTED_NOINDEX,true,200_IF_DB_ROW_EXISTS,"noindex,follow + X-Robots-Tag",https://www.finmaphub.com/market/real-estate/apt/11170||한강로3가|전자타운한신(A),true,true,false,1,db-dependent,,KEEP_APT_NOINDEX_POLICY,
https://www.finmaphub.com/en/market/real-estate/apt/11200||금호동1가|벽산?timeframe=month&period=202603&band=all&sido=11,en,real-estate-apt-detail,NOINDEX,실패함,EXPECTED_CANONICAL_ALT,true,200_IF_DB_ROW_EXISTS,"noindex,follow + X-Robots-Tag",https://www.finmaphub.com/en/market/real-estate/apt/11200||금호동1가|벽산,false,true,false,0,db-dependent,,KEEP_CANONICAL_ALT_NO_SITEMAP,
https://www.finmaphub.com/en/market/real-estate/apt/11200||금호동4가|서울숲르씨엘,en,real-estate-apt-detail,NOINDEX,실패함,EXPECTED_NOINDEX,true,200_IF_DB_ROW_EXISTS,"noindex,follow + X-Robots-Tag",https://www.finmaphub.com/en/market/real-estate/apt/11200||금호동4가|서울숲르씨엘,true,true,false,1,db-dependent,,KEEP_APT_NOINDEX_POLICY,
https://www.finmaphub.com/en/market/real-estate/apt/11710||풍납동|현대리버빌1지구,en,real-estate-apt-detail,NOINDEX,실패함,EXPECTED_NOINDEX,true,200_IF_DB_ROW_EXISTS,"noindex,follow + X-Robots-Tag",https://www.finmaphub.com/en/market/real-estate/apt/11710||풍납동|현대리버빌1지구,true,true,false,1,db-dependent,,KEEP_APT_NOINDEX_POLICY,
https://www.finmaphub.com/en/market/real-estate/apt/11170||한강로3가|전자타운한신(A)?timeframe=month&period=202603&band=all&sido=11,en,real-estate-apt-detail,NOINDEX,실패함,EXPECTED_CANONICAL_ALT,true,200_IF_DB_ROW_EXISTS,"noindex,follow + X-Robots-Tag",https://www.finmaphub.com/en/market/real-estate/apt/11170||한강로3가|전자타운한신(A),false,true,false,0,db-dependent,,KEEP_CANONICAL_ALT_NO_SITEMAP,
https://www.finmaphub.com/market/real-estate/apt/11710||장지동|위례2차아이파크?timeframe=month&period=202603&band=all&sido=11,ko,real-estate-apt-detail,Alternate page with proper canonical,접수중,EXPECTED_CANONICAL_ALT,true,200_IF_DB_ROW_EXISTS,"noindex,follow + X-Robots-Tag",https://www.finmaphub.com/market/real-estate/apt/11710||장지동|위례2차아이파크,false,true,false,0,db-dependent,,KEEP_CANONICAL_ALT_NO_SITEMAP,
https://www.finmaphub.com/market/real-estate/apt/11710||거여동|현대3차?timeframe=month&period=202601&band=all&sido=11,ko,real-estate-apt-detail,Alternate page with proper canonical,접수중,EXPECTED_CANONICAL_ALT,true,200_IF_DB_ROW_EXISTS,"noindex,follow + X-Robots-Tag",https://www.finmaphub.com/market/real-estate/apt/11710||거여동|현대3차,false,true,false,0,db-dependent,,KEEP_CANONICAL_ALT_NO_SITEMAP,
https://www.finmaphub.com/market/real-estate/apt/11500||염창동|동아?timeframe=month&period=202603&band=all&sido=11,ko,real-estate-apt-detail,Alternate page with proper canonical,접수중,EXPECTED_CANONICAL_ALT,true,200_IF_DB_ROW_EXISTS,"noindex,follow + X-Robots-Tag",https://www.finmaphub.com/market/real-estate/apt/11500||염창동|동아,false,true,false,0,db-dependent,,KEEP_CANONICAL_ALT_NO_SITEMAP,
https://www.finmaphub.com/en/market/real-estate/apt/11710||거여동|현대2차?timeframe=month&period=202603&band=all&sido=11,en,real-estate-apt-detail,Alternate page with proper canonical,접수중,EXPECTED_CANONICAL_ALT,true,200_IF_DB_ROW_EXISTS,"noindex,follow + X-Robots-Tag",https://www.finmaphub.com/en/market/real-estate/apt/11710||거여동|현대2차,false,true,false,0,db-dependent,,KEEP_CANONICAL_ALT_NO_SITEMAP,
https://www.finmaphub.com/en/market/real-estate/apt/11710||장지동|송파더센트레?timeframe=month&period=202603&band=all&sido=11,en,real-estate-apt-detail,Alternate page with proper canonical,접수중,EXPECTED_CANONICAL_ALT,true,200_IF_DB_ROW_EXISTS,"noindex,follow + X-Robots-Tag",https://www.finmaphub.com/en/market/real-estate/apt/11710||장지동|송파더센트레,false,true,false,0,db-dependent,,KEEP_CANONICAL_ALT_NO_SITEMAP,
https://www.finmaphub.com/en/market/real-estate/apt/11710||가락동|테라펠리체송파?timeframe=month&period=202603&band=all&sido=11,en,real-estate-apt-detail,Alternate page with proper canonical,접수중,EXPECTED_CANONICAL_ALT,true,200_IF_DB_ROW_EXISTS,"noindex,follow + X-Robots-Tag",https://www.finmaphub.com/en/market/real-estate/apt/11710||가락동|테라펠리체송파,false,true,false,0,db-dependent,,KEEP_CANONICAL_ALT_NO_SITEMAP,
https://www.finmaphub.com/market/real-estate/apt/11710||송파동|현대?timeframe=month&period=202603&band=10&sido=11,ko,real-estate-apt-detail,Alternate page with proper canonical,접수중,EXPECTED_CANONICAL_ALT,true,200_IF_DB_ROW_EXISTS,"noindex,follow + X-Robots-Tag",https://www.finmaphub.com/market/real-estate/apt/11710||송파동|현대,false,true,false,0,db-dependent,,KEEP_CANONICAL_ALT_NO_SITEMAP,
https://www.finmaphub.com/market/real-estate/apt/11710||풍납동|한강극동?timeframe=month&period=202603&band=10&sido=11,ko,real-estate-apt-detail,Alternate page with proper canonical,접수중,EXPECTED_CANONICAL_ALT,true,200_IF_DB_ROW_EXISTS,"noindex,follow + X-Robots-Tag",https://www.finmaphub.com/market/real-estate/apt/11710||풍납동|한강극동,false,true,false,0,db-dependent,,KEEP_CANONICAL_ALT_NO_SITEMAP,
https://www.finmaphub.com/market/real-estate/apt/11710||신천동|잠실푸르지오월드마크?timeframe=month&period=202603&band=all&sido=11,ko,real-estate-apt-detail,Alternate page with proper canonical,접수중,EXPECTED_CANONICAL_ALT,true,200_IF_DB_ROW_EXISTS,"noindex,follow + X-Robots-Tag",https://www.finmaphub.com/market/real-estate/apt/11710||신천동|잠실푸르지오월드마크,false,true,false,0,db-dependent,,KEEP_CANONICAL_ALT_NO_SITEMAP,
https://www.finmaphub.com/market/real-estate/apt/11170||이촌동|이촌코오롱(A)?timeframe=month&period=202603&band=all&sido=11,ko,real-estate-apt-detail,Alternate page with proper canonical,접수중,EXPECTED_CANONICAL_ALT,true,200_IF_DB_ROW_EXISTS,"noindex,follow + X-Robots-Tag",https://www.finmaphub.com/market/real-estate/apt/11170||이촌동|이촌코오롱(A),false,true,false,0,db-dependent,,KEEP_CANONICAL_ALT_NO_SITEMAP,
https://www.finmaphub.com/en/market/real-estate/apt/11170||이촌동|현대맨숀?timeframe=month&period=202603&band=all&sido=11,en,real-estate-apt-detail,Alternate page with proper canonical,접수중,EXPECTED_CANONICAL_ALT,true,200_IF_DB_ROW_EXISTS,"noindex,follow + X-Robots-Tag",https://www.finmaphub.com/en/market/real-estate/apt/11170||이촌동|현대맨숀,false,true,false,0,db-dependent,,KEEP_CANONICAL_ALT_NO_SITEMAP,
https://www.finmaphub.com/market/real-estate/apt/11680||삼성동|아이파크?timeframe=month&period=202603&band=all&sido=11,ko,real-estate-apt-detail,Alternate page with proper canonical,접수중,EXPECTED_CANONICAL_ALT,true,200_IF_DB_ROW_EXISTS,"noindex,follow + X-Robots-Tag",https://www.finmaphub.com/market/real-estate/apt/11680||삼성동|아이파크,false,true,false,0,db-dependent,,KEEP_CANONICAL_ALT_NO_SITEMAP,
https://www.finmaphub.com/market/real-estate/apt/11215||자양동|더샵스타시티?timeframe=month&period=202601&band=all&sido=11,ko,real-estate-apt-detail,Alternate page with proper canonical,접수중,EXPECTED_CANONICAL_ALT,true,200_IF_DB_ROW_EXISTS,"noindex,follow + X-Robots-Tag",https://www.finmaphub.com/market/real-estate/apt/11215||자양동|더샵스타시티,false,true,false,0,db-dependent,,KEEP_CANONICAL_ALT_NO_SITEMAP,
https://www.finmaphub.com/market/real-estate/songpa-gangnam-top100?band=all,ko,real-estate-hub,Alternate page with proper canonical,접수중,EXPECTED_CANONICAL_ALT,true,200,index via canonical target,https://www.finmaphub.com/market/real-estate/songpa-gangnam-top100,false,true,true,1,true,,MONITOR_PARAMETER_DISCOVERY,
https://www.finmaphub.com/market/real-estate/apt/11440||상암동|상암월드컵파크4단지?timeframe=month&period=202602&band=all&sido=11,ko,real-estate-apt-detail,Alternate page with proper canonical,접수중,EXPECTED_CANONICAL_ALT,true,200_IF_DB_ROW_EXISTS,"noindex,follow + X-Robots-Tag",https://www.finmaphub.com/market/real-estate/apt/11440||상암동|상암월드컵파크4단지,false,true,false,0,db-dependent,,KEEP_CANONICAL_ALT_NO_SITEMAP,
https://www.finmaphub.com/market/real-estate/songpa-top100?band=all,ko,real-estate-hub,Alternate page with proper canonical,접수중,EXPECTED_CANONICAL_ALT,true,200,index via canonical target,https://www.finmaphub.com/market/real-estate/songpa-top100,false,true,true,1,true,,MONITOR_PARAMETER_DISCOVERY,
https://www.finmaphub.com/market/real-estate/magok-top100?band=all,ko,real-estate-hub,Alternate page with proper canonical,접수중,EXPECTED_CANONICAL_ALT,true,200,index via canonical target,https://www.finmaphub.com/market/real-estate/magok-top100,false,true,true,3,true,,MONITOR_PARAMETER_DISCOVERY,
https://www.finmaphub.com/market/real-estate/gangnam-top100?band=all,ko,real-estate-hub,Alternate page with proper canonical,접수중,EXPECTED_CANONICAL_ALT,true,200,index via canonical target,https://www.finmaphub.com/market/real-estate/gangnam-top100,false,true,true,2,true,,MONITOR_PARAMETER_DISCOVERY,
https://www.finmaphub.com/market/real-estate/seoul-top100?band=all,ko,real-estate-hub,Alternate page with proper canonical,접수중,EXPECTED_CANONICAL_ALT,true,200,index via canonical target,https://www.finmaphub.com/market/real-estate/seoul-top100,false,true,true,7,true,,MONITOR_PARAMETER_DISCOVERY,
https://www.finmaphub.com/market/real-estate/apt/11680||삼성동|래미안삼성1차(103-22)?timeframe=month&period=202512&band=all&sido=all&area=all,ko,real-estate-apt-detail,Alternate page with proper canonical,접수중,EXPECTED_CANONICAL_ALT,true,200_IF_DB_ROW_EXISTS,"noindex,follow + X-Robots-Tag",https://www.finmaphub.com/market/real-estate/apt/11680||삼성동|래미안삼성1차(103-22),false,true,false,0,db-dependent,,KEEP_CANONICAL_ALT_NO_SITEMAP,
https://www.finmaphub.com/market/real-estate/apt/11680||삼성동|현대힐스테이트2단지?timeframe=month&period=202602&band=all&sido=11,ko,real-estate-apt-detail,Alternate page with proper canonical,접수중,EXPECTED_CANONICAL_ALT,true,200_IF_DB_ROW_EXISTS,"noindex,follow + X-Robots-Tag",https://www.finmaphub.com/market/real-estate/apt/11680||삼성동|현대힐스테이트2단지,false,true,false,0,db-dependent,,KEEP_CANONICAL_ALT_NO_SITEMAP,
https://www.finmaphub.com/market/real-estate/apt/11710||문정동|문정가락현대1차?timeframe=month&period=202602&band=all&sido=11,ko,real-estate-apt-detail,Alternate page with proper canonical,접수중,EXPECTED_CANONICAL_ALT,true,200_IF_DB_ROW_EXISTS,"noindex,follow + X-Robots-Tag",https://www.finmaphub.com/market/real-estate/apt/11710||문정동|문정가락현대1차,false,true,false,0,db-dependent,,KEEP_CANONICAL_ALT_NO_SITEMAP,
https://www.finmaphub.com/en/market/real-estate/apt/11710||거여동|e편한세상송파파크센트럴?timeframe=month&period=202603&band=all&sido=11,en,real-estate-apt-detail,Alternate page with proper canonical,접수중,EXPECTED_CANONICAL_ALT,true,200_IF_DB_ROW_EXISTS,"noindex,follow + X-Robots-Tag",https://www.finmaphub.com/en/market/real-estate/apt/11710||거여동|e편한세상송파파크센트럴,false,true,false,0,db-dependent,,KEEP_CANONICAL_ALT_NO_SITEMAP,
https://www.finmaphub.com/market/real-estate/apt/11740||고덕동|고덕그라시움?timeframe=month&period=202603&band=all&sido=11,ko,real-estate-apt-detail,Alternate page with proper canonical,접수중,EXPECTED_CANONICAL_ALT,true,200_IF_DB_ROW_EXISTS,"noindex,follow + X-Robots-Tag",https://www.finmaphub.com/market/real-estate/apt/11740||고덕동|고덕그라시움,false,true,false,0,db-dependent,,KEEP_CANONICAL_ALT_NO_SITEMAP,
https://www.finmaphub.com/en/market/real-estate/apt/11710||문정동|대림미소나눔?timeframe=month&period=202603&band=all&sido=11,en,real-estate-apt-detail,Alternate page with proper canonical,접수중,EXPECTED_CANONICAL_ALT,true,200_IF_DB_ROW_EXISTS,"noindex,follow + X-Robots-Tag",https://www.finmaphub.com/en/market/real-estate/apt/11710||문정동|대림미소나눔,false,true,false,0,db-dependent,,KEEP_CANONICAL_ALT_NO_SITEMAP,
https://www.finmaphub.com/en/market/real-estate/apt/11710||오금동|혜성공원(101동)?timeframe=month&period=202603&band=all&sido=11,en,real-estate-apt-detail,Alternate page with proper canonical,접수중,EXPECTED_CANONICAL_ALT,true,200_IF_DB_ROW_EXISTS,"noindex,follow + X-Robots-Tag",https://www.finmaphub.com/en/market/real-estate/apt/11710||오금동|혜성공원(101동),false,true,false,0,db-dependent,,KEEP_CANONICAL_ALT_NO_SITEMAP,
https://www.finmaphub.com/en/market/real-estate/apt/11710||삼전동|현대1?timeframe=month&period=202603&band=all&sido=11,en,real-estate-apt-detail,Alternate page with proper canonical,접수중,EXPECTED_CANONICAL_ALT,true,200_IF_DB_ROW_EXISTS,"noindex,follow + X-Robots-Tag",https://www.finmaphub.com/en/market/real-estate/apt/11710||삼전동|현대1,false,true,false,0,db-dependent,,KEEP_CANONICAL_ALT_NO_SITEMAP,
https://www.finmaphub.com/market/real-estate/apt/11500||방화동|방화3차우림필유?timeframe=month&period=202603&band=all&sido=11,ko,real-estate-apt-detail,Alternate page with proper canonical,접수중,EXPECTED_CANONICAL_ALT,true,200_IF_DB_ROW_EXISTS,"noindex,follow + X-Robots-Tag",https://www.finmaphub.com/market/real-estate/apt/11500||방화동|방화3차우림필유,false,true,false,0,db-dependent,,KEEP_CANONICAL_ALT_NO_SITEMAP,
https://www.finmaphub.com/en/market/real-estate/apt/11500||가양동|강변?timeframe=month&period=202602&band=all&sido=11,en,real-estate-apt-detail,Alternate page with proper canonical,접수중,EXPECTED_CANONICAL_ALT,true,200_IF_DB_ROW_EXISTS,"noindex,follow + X-Robots-Tag",https://www.finmaphub.com/en/market/real-estate/apt/11500||가양동|강변,false,true,false,0,db-dependent,,KEEP_CANONICAL_ALT_NO_SITEMAP,
https://www.finmaphub.com/market/real-estate/apt/11710||가락동|동궁리치웰(102동)?timeframe=month&period=202603&band=all&sido=11,ko,real-estate-apt-detail,Alternate page with proper canonical,실패함,EXPECTED_CANONICAL_ALT,true,200_IF_DB_ROW_EXISTS,"noindex,follow + X-Robots-Tag",https://www.finmaphub.com/market/real-estate/apt/11710||가락동|동궁리치웰(102동),false,true,false,0,db-dependent,,KEEP_CANONICAL_ALT_NO_SITEMAP,
https://www.finmaphub.com/en/market/real-estate/apt/11500||마곡동|마곡청구아파트?timeframe=month&period=202602&band=all&sido=11,en,real-estate-apt-detail,Alternate page with proper canonical,실패함,EXPECTED_CANONICAL_ALT,true,200_IF_DB_ROW_EXISTS,"noindex,follow + X-Robots-Tag",https://www.finmaphub.com/en/market/real-estate/apt/11500||마곡동|마곡청구아파트,false,true,false,0,db-dependent,,KEEP_CANONICAL_ALT_NO_SITEMAP,
https://www.finmaphub.com/market/real-estate/apt/11710||풍납동|현대리버빌1지구?timeframe=month&period=202603&band=all&sido=11,ko,real-estate-apt-detail,Alternate page with proper canonical,실패함,EXPECTED_CANONICAL_ALT,true,200_IF_DB_ROW_EXISTS,"noindex,follow + X-Robots-Tag",https://www.finmaphub.com/market/real-estate/apt/11710||풍납동|현대리버빌1지구,false,true,false,0,db-dependent,,KEEP_CANONICAL_ALT_NO_SITEMAP,
https://www.finmaphub.com/market/real-estate/apt/11500||등촌동|동성?timeframe=month&period=202603&band=all&sido=11,ko,real-estate-apt-detail,Alternate page with proper canonical,실패함,EXPECTED_CANONICAL_ALT,true,200_IF_DB_ROW_EXISTS,"noindex,follow + X-Robots-Tag",https://www.finmaphub.com/market/real-estate/apt/11500||등촌동|동성,false,true,false,0,db-dependent,,KEEP_CANONICAL_ALT_NO_SITEMAP,
https://www.finmaphub.com/market/real-estate/apt/11680||삼성동|한일?timeframe=month&period=202603&band=all&sido=11,ko,real-estate-apt-detail,Alternate page with proper canonical,실패함,EXPECTED_CANONICAL_ALT,true,200_IF_DB_ROW_EXISTS,"noindex,follow + X-Robots-Tag",https://www.finmaphub.com/market/real-estate/apt/11680||삼성동|한일,false,true,false,0,db-dependent,,KEEP_CANONICAL_ALT_NO_SITEMAP,
https://www.finmaphub.com/market/real-estate/apt/11710||거여동|거여2단지효성아파트?timeframe=month&period=202603&band=all&sido=11,ko,real-estate-apt-detail,Alternate page with proper canonical,실패함,EXPECTED_CANONICAL_ALT,true,200_IF_DB_ROW_EXISTS,"noindex,follow + X-Robots-Tag",https://www.finmaphub.com/market/real-estate/apt/11710||거여동|거여2단지효성아파트,false,true,false,0,db-dependent,,KEEP_CANONICAL_ALT_NO_SITEMAP,
https://www.finmaphub.com/en/market/real-estate/songpa-top100?band=all,en,real-estate-hub,Alternate page with proper canonical,실패함,EXPECTED_CANONICAL_ALT,true,200,index via canonical target,https://www.finmaphub.com/en/market/real-estate/songpa-top100,false,true,true,1,true,,MONITOR_PARAMETER_DISCOVERY,
https://www.finmaphub.com/en/market/real-estate/seoul-top100?band=all,en,real-estate-hub,Alternate page with proper canonical,실패함,EXPECTED_CANONICAL_ALT,true,200,index via canonical target,https://www.finmaphub.com/en/market/real-estate/seoul-top100,false,true,true,5,true,,MONITOR_PARAMETER_DISCOVERY,
https://www.finmaphub.com/en/market/real-estate/magok-top100?band=all,en,real-estate-hub,Alternate page with proper canonical,실패함,EXPECTED_CANONICAL_ALT,true,200,index via canonical target,https://www.finmaphub.com/en/market/real-estate/magok-top100,false,true,true,1,true,,MONITOR_PARAMETER_DISCOVERY,
https://www.finmaphub.com/en/market/real-estate/mayongseong-top100?band=all,en,real-estate-hub,Alternate page with proper canonical,실패함,EXPECTED_CANONICAL_ALT,true,200,index via canonical target,https://www.finmaphub.com/en/market/real-estate/mayongseong-top100,false,true,true,1,true,,MONITOR_PARAMETER_DISCOVERY,
https://www.finmaphub.com/en/market/real-estate/gangnam3-top100?band=all,en,real-estate-hub,Alternate page with proper canonical,실패함,EXPECTED_CANONICAL_ALT,true,200,index via canonical target,https://www.finmaphub.com/en/market/real-estate/gangnam3-top100,false,true,true,1,true,,MONITOR_PARAMETER_DISCOVERY,
https://www.finmaphub.com/en/market/real-estate/songpa-gangnam-top100?band=all,en,real-estate-hub,Alternate page with proper canonical,실패함,EXPECTED_CANONICAL_ALT,true,200,index via canonical target,https://www.finmaphub.com/en/market/real-estate/songpa-gangnam-top100,false,true,true,1,true,,MONITOR_PARAMETER_DISCOVERY,
https://www.finmaphub.com/en/market/real-estate/gangnam-top100?band=all,en,real-estate-hub,Alternate page with proper canonical,실패함,EXPECTED_CANONICAL_ALT,true,200,index via canonical target,https://www.finmaphub.com/en/market/real-estate/gangnam-top100,false,true,true,3,true,,MONITOR_PARAMETER_DISCOVERY,
https://www.finmaphub.com/en/posts/economicInfo/en/indicator-basics,en,legacy-or-malformed-post-url,Redirect,접수중,EXPECTED_REDIRECT,true,301,n/a,https://www.finmaphub.com/en/posts/economicInfo/indicator-basics,false,n/a,false,0,false,https://www.finmaphub.com/en/posts/economicInfo/indicator-basics,KEEP_REDIRECT_NORMALIZATION,
https://www.finmaphub.com/posts/economicInfo/en/interest-rate-basics,ko,legacy-or-malformed-post-url,Redirect,접수중,EXPECTED_REDIRECT,true,301,n/a,https://www.finmaphub.com/en/posts/economicInfo/interest-rate-basics,false,n/a,false,0,false,https://www.finmaphub.com/en/posts/economicInfo/interest-rate-basics,KEEP_REDIRECT_NORMALIZATION,
https://www.finmaphub.com/en/posts/personalFinance/ko/personal-finance-3pillars,en,legacy-or-malformed-post-url,Redirect,접수중,EXPECTED_REDIRECT,true,301,n/a,https://www.finmaphub.com/posts/personalFinance/personal-finance-3pillars,false,n/a,false,0,false,https://www.finmaphub.com/posts/personalFinance/personal-finance-3pillars,KEEP_REDIRECT_NORMALIZATION,
https://www.finmaphub.com/en/posts/investingInfo/ko/tnx-basics,en,legacy-or-malformed-post-url,Redirect,접수중,EXPECTED_REDIRECT,true,301,n/a,https://www.finmaphub.com/posts/investingInfo/tnx-basics,false,n/a,false,0,false,https://www.finmaphub.com/posts/investingInfo/tnx-basics,KEEP_REDIRECT_NORMALIZATION,
https://www.finmaphub.com/posts/investingInfo/en/etf-impact-of-tnx,ko,legacy-or-malformed-post-url,Redirect,접수중,EXPECTED_REDIRECT,true,301,n/a,https://www.finmaphub.com/en/posts/investingInfo/etf-impact-of-tnx,false,n/a,false,0,false,https://www.finmaphub.com/en/posts/investingInfo/etf-impact-of-tnx,KEEP_REDIRECT_NORMALIZATION,
https://www.finmaphub.com/market/real-estate/apt/[aptKey],ko,real-estate-apt-template,Redirect,실패함,MALFORMED_URL,false,404_OR_REDIRECT,noindex expected,,false,n/a,false,0,false,,DO_NOT_GENERATE_TEMPLATE_URL,
https://www.finmaphub.com/en/,en,static,Redirect,실패함,INTENDED_INDEX,true,200,index,https://www.finmaphub.com/en,true,true,true,0,true,,URL_INSPECTION_RECHECK,P2
https://www.finmaphub.com/en/posts/personalFinance/ko/goal-amount-fast-strategy,en,legacy-or-malformed-post-url,Redirect,실패함,EXPECTED_REDIRECT,true,301,n/a,https://www.finmaphub.com/posts/personalFinance/goal-amount-fast-strategy,false,n/a,false,0,false,https://www.finmaphub.com/posts/personalFinance/goal-amount-fast-strategy,KEEP_REDIRECT_NORMALIZATION,
https://www.finmaphub.com/en/posts/personalFinance/how-much-monthly-invest-for-100m,en,legacy-or-malformed-post-url,Not found,실패함,LEGACY_404,true,301,n/a,https://www.finmaphub.com/en/posts/personalFinance/how-much-to-invest-monthly-for-target-portfolio,false,n/a,false,0,false,https://www.finmaphub.com/en/posts/personalFinance/how-much-to-invest-monthly-for-target-portfolio,ADD_SAFE_301_REDIRECT,
https://www.finmaphub.com/en/posts/personalFinance/is-dca-better-in-bear-market,en,legacy-or-malformed-post-url,Not found,실패함,LEGACY_404,true,301,n/a,https://www.finmaphub.com/en/posts/personalFinance/is-dca-better-in-a-bear-market,false,n/a,false,0,false,https://www.finmaphub.com/en/posts/personalFinance/is-dca-better-in-a-bear-market,ADD_SAFE_301_REDIRECT,
https://www.finmaphub.com/posts/personalFinance/how-much-to-invest-monthly-for-target-portfolio,ko,legacy-or-malformed-post-url,Not found,실패함,LEGACY_404,true,301,n/a,https://www.finmaphub.com/posts/personalFinance/how-much-monthly-invest-for-100m,false,n/a,false,0,false,https://www.finmaphub.com/posts/personalFinance/how-much-monthly-invest-for-100m,ADD_SAFE_301_REDIRECT,
https://www.finmaphub.com/posts/personalFinance/is-dca-better-in-a-bear-market,ko,legacy-or-malformed-post-url,Not found,실패함,LEGACY_404,true,301,n/a,https://www.finmaphub.com/posts/personalFinance/is-dca-better-in-bear-market,false,n/a,false,0,false,https://www.finmaphub.com/posts/personalFinance/is-dca-better-in-bear-market,ADD_SAFE_301_REDIRECT,
