url,locale,content_type,category,role,title,title_length,description_length,h1,inbound_internal_links,outbound_internal_links,snippet_risk,overlap_group,overlap_group_confidence,overlap_group_source,manual_review_required,title_source,description_source,priority,recommended_action,source_file
/en/market,en,market,realEstate,EN_MAINTENANCE_ONLY,Financial and Real Estate Market Data,37,0,Market Data Dashboard,1,5,none,real-estate-data,high,url_slug_title_h1_description,true,locale_object.title,META_EXTRACTION_FAILED,P2,P1-3 intent split or consolidation review,pages/market/index.js
/en/market/indices,en,market,realEstate,EN_MAINTENANCE_ONLY,시장 데이터를 불러오는 중입니다.,18,0,시장 데이터를 불러오는 중입니다.,4,5,loading,general,low,no_primary_overlap_signal,true,seo_head_literal.title,META_EXTRACTION_FAILED,P3,P0-2 snippet hygiene review,pages/market/indices.js
/en/market/real-estate,en,market,realEstate,EN_MAINTENANCE_ONLY,"Seoul, Gyeonggi & Incheon Apartment Transaction Dashboard (KRW)",63,181,"Seoul, Gyeonggi & Incheon Apartment Transaction Dashboard (KRW)",16,5,share_buttons|loading|empty_result,real-estate-loan,high,url_slug_title_h1_description,false,locale_object.title,locale_object.seoDesc,P0,P0-2 snippet hygiene review,pages/market/real-estate.js
/en/market/real-estate/gangnam-top100,en,market,realEstate,EN_MAINTENANCE_ONLY,Gangnam Apartment Prices Top 100 | Official Transactions,56,0,Gangnam Apartment Prices Top 100,7,6,none,real-estate-loan,high,url_slug_title_h1_description,true,locale_object.title,META_EXTRACTION_FAILED,P1,P1-2 internal CTA/link structure review,pages/market/real-estate/gangnam-top100.js
/en/market/real-estate/gangnam3-top100,en,market,realEstate,EN_MAINTENANCE_ONLY,Gangnam 3 Districts Apartment Prices Top 100 | Official Transactions,68,0,Gangnam 3 Districts Apartment Prices Top 100,6,6,none,real-estate-loan,high,url_slug_title_h1_description,true,locale_object.title,META_EXTRACTION_FAILED,P1,P1-2 internal CTA/link structure review,pages/market/real-estate/gangnam3-top100.js
/en/market/real-estate/gyeonggi-apartment-top100,en,market,realEstate,EN_MAINTENANCE_ONLY,,0,0,,1,0,none,real-estate-loan,high,url_slug_title_h1_description,true,META_EXTRACTION_FAILED,META_EXTRACTION_FAILED,P1,P1-2 internal CTA/link structure review,pages/market/real-estate/gyeonggi-apartment-top100.js
/en/market/real-estate/incheon-apartment-top100,en,market,realEstate,EN_MAINTENANCE_ONLY,,0,0,,1,0,none,real-estate-loan,high,url_slug_title_h1_description,true,META_EXTRACTION_FAILED,META_EXTRACTION_FAILED,P1,P1-2 internal CTA/link structure review,pages/market/real-estate/incheon-apartment-top100.js
/en/market/real-estate/magok-top100,en,market,realEstate,EN_MAINTENANCE_ONLY,Magok Apartment Prices Top 100 | Magok-dong (Gangseo-gu) Ranking,64,0,Magok Apartment Prices Top 100,7,7,none,real-estate-loan,high,url_slug_title_h1_description,true,locale_object.title,META_EXTRACTION_FAILED,P1,P1-2 internal CTA/link structure review,pages/market/real-estate/magok-top100.js
/en/market/real-estate/mayongseong-top100,en,market,realEstate,EN_MAINTENANCE_ONLY,Mayongseong Apartment Prices Top 100 | Mapo · Yongsan · Seongsu,63,0,Mayongseong Apartment Prices Top 100,5,6,none,real-estate-loan,high,url_slug_title_h1_description,true,locale_object.title,META_EXTRACTION_FAILED,P1,P1-2 internal CTA/link structure review,pages/market/real-estate/mayongseong-top100.js
/en/market/real-estate/seoul-apartment-top100,en,market,realEstate,EN_MAINTENANCE_ONLY,,0,0,,1,0,none,real-estate-loan,high,url_slug_title_h1_description,true,META_EXTRACTION_FAILED,META_EXTRACTION_FAILED,P1,P1-2 internal CTA/link structure review,pages/market/real-estate/seoul-apartment-top100.js
/en/market/real-estate/seoul-top100,en,market,realEstate,EN_MAINTENANCE_ONLY,Seoul Apartment Prices Top 100 | Official Transactions,54,0,Seoul Apartment Prices Top 100,8,6,none,real-estate-loan,high,url_slug_title_h1_description,true,locale_object.title,META_EXTRACTION_FAILED,P1,P1-2 internal CTA/link structure review,pages/market/real-estate/seoul-top100.js
/en/market/real-estate/songpa-top100,en,market,realEstate,EN_MAINTENANCE_ONLY,Songpa (Jamsil) Apartment Prices Top 100 | Official Transactions,64,0,Songpa (Jamsil) Apartment Prices Top 100,5,6,none,real-estate-loan,high,url_slug_title_h1_description,true,locale_object.title,META_EXTRACTION_FAILED,P1,P1-2 internal CTA/link structure review,pages/market/real-estate/songpa-top100.js
/en/posts/economicInfo/eu-russia-gas-phaseout-price-channel,en,post,economicInfo,EN_MAINTENANCE_ONLY,"Europe’s Shift Away from Russian Gas: How Contracts, Storage, and Substitution Drive Prices",91,211,"Europe’s Shift Away from Russian Gas: How Contracts, Storage, and Substitution Drive Prices",0,7,share_buttons|post_template_view_count_protected_by_data_nosnippet|post_template_empty_comments_protected_by_data_nosnippet|post_template_share_buttons_protected_by_data_nosnippet,macro-market,medium,tags_only,true,frontmatter.title,frontmatter.description,P2,P0-2 snippet hygiene review,content/posts/economicInfo/en/eu-russia-gas-phaseout-price-channel.md
/en/posts/economicInfo/fx-basics,en,post,economicInfo,EN_MAINTENANCE_ONLY,Currency Basics: What Really Moves the USD/KRW Exchange Rate,60,168,Currency Basics: What Really Moves the USD/KRW Exchange Rate,19,16,post_template_view_count_protected_by_data_nosnippet|post_template_empty_comments_protected_by_data_nosnippet|post_template_share_buttons_protected_by_data_nosnippet,real-estate-loan,high,url_slug_title_h1_description,false,frontmatter.title,frontmatter.description,P1,P1-2 internal CTA/link structure review,content/posts/economicInfo/en/fx-basics.md
/en/posts/economicInfo/geopolitics-oil-fx-dashboard,en,post,economicInfo,EN_MAINTENANCE_ONLY,From Geopolitics to Korea Housing: The 5-Step Transmission Chain (CPI → Rates → Mortgages → Sentiment → Volume),111,289,From Geopolitics to Korea Housing: The 5-Step Transmission Chain (CPI → Rates → Mortgages → Sentiment → Volume),1,6,views|share_buttons|post_template_view_count_protected_by_data_nosnippet|post_template_empty_comments_protected_by_data_nosnippet|post_template_share_buttons_protected_by_data_nosnippet,real-estate-loan,high,url_slug_title_h1_description,false,frontmatter.title,frontmatter.description,P0,P0-2 snippet hygiene review,content/posts/economicInfo/en/geopolitics-oil-fx-dashboard.md
/en/posts/economicInfo/geopolitics-to-usd-liquidity-fx,en,post,economicInfo,EN_MAINTENANCE_ONLY,"When Geopolitics Turns Into Dollar Strength: Read It as USD Liquidity, Not Just “Fear”",86,199,"When Geopolitics Turns Into Dollar Strength: Read It as USD Liquidity, Not Just “Fear”",7,7,post_template_view_count_protected_by_data_nosnippet|post_template_empty_comments_protected_by_data_nosnippet|post_template_share_buttons_protected_by_data_nosnippet,macro-market,high,url_slug_title_h1_description,false,frontmatter.title,frontmatter.description,P2,Monitor or low-priority editorial refresh,content/posts/economicInfo/en/geopolitics-to-usd-liquidity-fx.md
/en/posts/economicInfo/gold-geopolitics-real-rates-dollar-uncertainty,en,post,economicInfo,EN_MAINTENANCE_ONLY,Why Gold Can Rise in Geopolitical Stress: Real Rates + USD + Uncertainty (and When It Doesn’t),94,194,Why Gold Can Rise in Geopolitical Stress: Real Rates + USD + Uncertainty (and When It Doesn’t),0,6,post_template_view_count_protected_by_data_nosnippet|post_template_empty_comments_protected_by_data_nosnippet|post_template_share_buttons_protected_by_data_nosnippet,macro-market,medium,tags_only,true,frontmatter.title,frontmatter.description,P2,P1-2 add contextual internal links,content/posts/economicInfo/en/gold-geopolitics-real-rates-dollar-uncertainty.md
/en/posts/economicInfo/hormuz-risk-oil-insurance-freight-premium,en,post,economicInfo,EN_MAINTENANCE_ONLY,"Middle East Oil Shipping Risk, Explained on One Page: Oil Often Reacts to Insurance and Freight Premia Before Any “Blockade”",124,202,"Middle East Oil Shipping Risk, Explained on One Page: Oil Often Reacts to Insurance and Freight Premia Before Any “Blockade”",0,7,share_buttons|post_template_view_count_protected_by_data_nosnippet|post_template_empty_comments_protected_by_data_nosnippet|post_template_share_buttons_protected_by_data_nosnippet,macro-market,high,url_slug_title_h1_description,false,frontmatter.title,frontmatter.description,P2,P0-2 snippet hygiene review,content/posts/economicInfo/en/hormuz-risk-oil-insurance-freight-premium.md
/en/posts/economicInfo/indicator-basics,en,post,economicInfo,EN_MAINTENANCE_ONLY,How to Read Economic Indicators as Market Signals,49,148,How to Read Economic Indicators as Market Signals,2,5,post_template_view_count_protected_by_data_nosnippet|post_template_empty_comments_protected_by_data_nosnippet|post_template_share_buttons_protected_by_data_nosnippet,macro-market,high,url_slug_title_h1_description,false,frontmatter.seoTitle,frontmatter.seoDescription,P2,Monitor or low-priority editorial refresh,content/posts/economicInfo/en/indicator-basics.md
/en/posts/economicInfo/inflation-basics,en,post,economicInfo,EN_MAINTENANCE_ONLY,Inflation and Interest Rates: A Long-Term Investor's Core Framework,67,137,Inflation and Interest Rates: A Long-Term Investor's Core Framework,2,5,post_template_view_count_protected_by_data_nosnippet|post_template_empty_comments_protected_by_data_nosnippet|post_template_share_buttons_protected_by_data_nosnippet,real-estate-loan,high,url_slug_title_h1_description,false,frontmatter.seoTitle,frontmatter.seoDescription,P1,P1-2 internal CTA/link structure review,content/posts/economicInfo/en/inflation-basics.md
/en/posts/economicInfo/inflation-rate-basics,en,post,economicInfo,EN_MAINTENANCE_ONLY,Inflation Surprise and Rate Change Market Reaction Guide,56,136,Inflation Surprise and Rate Change Market Reaction Guide,14,11,post_template_view_count_protected_by_data_nosnippet|post_template_empty_comments_protected_by_data_nosnippet|post_template_share_buttons_protected_by_data_nosnippet,macro-market,high,url_slug_title_h1_description,false,frontmatter.seoTitle,frontmatter.seoDescription,P2,Monitor or low-priority editorial refresh,content/posts/economicInfo/en/inflation-rate-basics.md
/en/posts/economicInfo/interest-rate-basics,en,post,economicInfo,EN_MAINTENANCE_ONLY,"How Interest Rates Work: Policy, Market, Deposit, Loan, and Bond Rates",70,139,"How Interest Rates Work: Policy, Market, Deposit, Loan, and Bond Rates",18,7,post_template_view_count_protected_by_data_nosnippet|post_template_empty_comments_protected_by_data_nosnippet|post_template_share_buttons_protected_by_data_nosnippet,real-estate-loan,high,url_slug_title_h1_description,false,frontmatter.seoTitle,frontmatter.seoDescription,P0,P1-2 internal CTA/link structure review,content/posts/economicInfo/en/interest-rate-basics.md
/en/posts/economicInfo/oil-shock-to-usdkrw-korea-transmission,en,post,economicInfo,EN_MAINTENANCE_ONLY,"Oil Shocks and USD/KRW: How Trade Balance, Import Inflation, and Flows Drive Korea’s FX",87,190,"Oil Shocks and USD/KRW: How Trade Balance, Import Inflation, and Flows Drive Korea’s FX",6,7,share_buttons|post_template_view_count_protected_by_data_nosnippet|post_template_empty_comments_protected_by_data_nosnippet|post_template_share_buttons_protected_by_data_nosnippet,macro-market,high,url_slug_title_h1_description,false,frontmatter.title,frontmatter.description,P2,P0-2 snippet hygiene review,content/posts/economicInfo/en/oil-shock-to-usdkrw-korea-transmission.md
/en/posts/economicInfo/policy-rate-cut-market-rates,en,post,economicInfo,EN_MAINTENANCE_ONLY,Rate Cuts vs Market Rates: Why Borrowing Costs May Stay High,60,150,Rate Cuts vs Market Rates: Why Borrowing Costs May Stay High,15,11,post_template_view_count_protected_by_data_nosnippet|post_template_empty_comments_protected_by_data_nosnippet|post_template_share_buttons_protected_by_data_nosnippet,macro-market,high,url_slug_title_h1_description,false,frontmatter.seoTitle,frontmatter.seoDescription,P2,Monitor or low-priority editorial refresh,content/posts/economicInfo/en/policy-rate-cut-market-rates.md
/en/posts/economicInfo/real-rates-and-breakevens,en,post,economicInfo,EN_MAINTENANCE_ONLY,Real Rates & Breakeven Inflation: The Asset-Pricing Thermometer Most Investors Ignore,85,246,Real Rates & Breakeven Inflation: The Asset-Pricing Thermometer Most Investors Ignore,3,6,post_template_view_count_protected_by_data_nosnippet|post_template_empty_comments_protected_by_data_nosnippet|post_template_share_buttons_protected_by_data_nosnippet,macro-market,high,url_slug_title_h1_description,false,frontmatter.title,frontmatter.description,P2,Monitor or low-priority editorial refresh,content/posts/economicInfo/en/real-rates-and-breakevens.md
/en/posts/economicInfo/tariffs-growth-margins-fx-package-shock,en,post,economicInfo,EN_MAINTENANCE_ONLY,"Tariffs as a Package Shock: Growth, Margins, FX, and Inflation Move Together",76,193,"Tariffs as a Package Shock: Growth, Margins, FX, and Inflation Move Together",6,6,loading|post_template_view_count_protected_by_data_nosnippet|post_template_empty_comments_protected_by_data_nosnippet|post_template_share_buttons_protected_by_data_nosnippet,macro-market,high,url_slug_title_h1_description,false,frontmatter.title,frontmatter.description,P2,P0-2 snippet hygiene review,content/posts/economicInfo/en/tariffs-growth-margins-fx-package-shock.md
/en/posts/economicInfo/war-risk-oil-supply-insurance-shipping,en,post,economicInfo,EN_MAINTENANCE_ONLY,"Why War Headlines Move Oil in Three Steps: Supply, Insurance, and Shipping Risk Premiums",88,210,"Why War Headlines Move Oil in Three Steps: Supply, Insurance, and Shipping Risk Premiums",0,6,post_template_view_count_protected_by_data_nosnippet|post_template_empty_comments_protected_by_data_nosnippet|post_template_share_buttons_protected_by_data_nosnippet,macro-market,high,url_slug_title_h1_description,false,frontmatter.title,frontmatter.description,P2,P1-2 add contextual internal links,content/posts/economicInfo/en/war-risk-oil-supply-insurance-shipping.md
/en/posts/economicInfo/war-theme-investing-price-chain-not-winners,en,post,economicInfo,EN_MAINTENANCE_ONLY,"The War-Theme Trap: Don’t Chase “Winners”—Read the Price Chain (Costs, Freight, FX, Demand)",91,204,"The War-Theme Trap: Don’t Chase “Winners”—Read the Price Chain (Costs, Freight, FX, Demand)",0,7,share_buttons|post_template_view_count_protected_by_data_nosnippet|post_template_empty_comments_protected_by_data_nosnippet|post_template_share_buttons_protected_by_data_nosnippet,macro-market,high,url_slug_title_h1_description,false,frontmatter.title,frontmatter.description,P2,P0-2 snippet hygiene review,content/posts/economicInfo/en/war-theme-investing-price-chain-not-winners.md
/en/posts/economicInfo/yield-curve-2s10s-3m10y-recession-reading,en,post,economicInfo,EN_MAINTENANCE_ONLY,Why 2s10s and 3m10y Disagree: A Practical Recession-Signal Reading Guide,72,355,Why 2s10s and 3m10y Disagree: A Practical Recession-Signal Reading Guide,6,8,post_template_view_count_protected_by_data_nosnippet|post_template_empty_comments_protected_by_data_nosnippet|post_template_share_buttons_protected_by_data_nosnippet,macro-market,medium,tags_only,true,frontmatter.title,frontmatter.description,P2,Monitor or low-priority editorial refresh,content/posts/economicInfo/en/yield-curve-2s10s-3m10y-recession-reading.md
/en/posts/investingInfo/bond-etf-duration-drives-returns,en,post,investingInfo,EN_MAINTENANCE_ONLY,Bond ETF Mastery: Duration Drives Returns (and Why TNX Sets the Tempo),70,286,Bond ETF Mastery: Duration Drives Returns (and Why TNX Sets the Tempo),0,7,loading|post_template_view_count_protected_by_data_nosnippet|post_template_empty_comments_protected_by_data_nosnippet|post_template_share_buttons_protected_by_data_nosnippet,compound-goal,high,url_slug_title_h1_description,false,frontmatter.title,frontmatter.description,P1,P0-2 snippet hygiene review,content/posts/investingInfo/en/bond-etf-duration-drives-returns.md
/en/posts/investingInfo/cagr-7percent-reality-check,en,post,investingInfo,EN_MAINTENANCE_ONLY,"7% Annual Return Reality Check: CAGR, Volatility, and Goal Planning",67,139,"7% Annual Return Reality Check: CAGR, Volatility, and Goal Planning",14,5,post_template_view_count_protected_by_data_nosnippet|post_template_empty_comments_protected_by_data_nosnippet|post_template_share_buttons_protected_by_data_nosnippet,compound-goal,high,url_slug_title_h1_description,false,frontmatter.seoTitle,frontmatter.seoDescription,P1,Monitor or low-priority editorial refresh,content/posts/investingInfo/en/cagr-7percent-reality-check.md
/en/posts/investingInfo/dca-consistency-7-fail-patterns,en,post,investingInfo,EN_MAINTENANCE_ONLY,"DCA Is a Consistency Game, Not a Return Hack: 7 Ways People Fail (and How to Fix Them)",86,214,"DCA Is a Consistency Game, Not a Return Hack: 7 Ways People Fail (and How to Fix Them)",4,8,post_template_view_count_protected_by_data_nosnippet|post_template_empty_comments_protected_by_data_nosnippet|post_template_share_buttons_protected_by_data_nosnippet,dca-cagr,high,url_slug_title_h1_description,false,frontmatter.title,frontmatter.description,P1,Monitor or low-priority editorial refresh,content/posts/investingInfo/en/dca-consistency-7-fail-patterns.md
/en/posts/investingInfo/diagnose-investing-skill-with-cagr,en,post,investingInfo,EN_MAINTENANCE_ONLY,"Diagnose Investing Skill with CAGR, MDD, Volatility, and Sharpe Ratio",69,132,"Diagnose Investing Skill with CAGR, MDD, Volatility, and Sharpe Ratio",4,4,post_template_view_count_protected_by_data_nosnippet|post_template_empty_comments_protected_by_data_nosnippet|post_template_share_buttons_protected_by_data_nosnippet,dca-cagr,high,url_slug_title_h1_description,false,frontmatter.seoTitle,frontmatter.seoDescription,P1,Monitor or low-priority editorial refresh,content/posts/investingInfo/en/diagnose-investing-skill-with-cagr.md
/en/posts/investingInfo/dxy-dollar-index-basics,en,post,investingInfo,EN_MAINTENANCE_ONLY,"What Is DXY? Dollar Index, USD/KRW, and KOSPI Explained",55,128,"What Is DXY? Dollar Index, USD/KRW, and KOSPI Explained",15,4,comments|post_template_view_count_protected_by_data_nosnippet|post_template_empty_comments_protected_by_data_nosnippet|post_template_share_buttons_protected_by_data_nosnippet,macro-market,high,url_slug_title_h1_description,false,frontmatter.seoTitle,frontmatter.seoDescription,P2,P0-2 snippet hygiene review,content/posts/investingInfo/en/dxy-dollar-index-basics.md
/en/posts/investingInfo/dxy-market-impact,en,post,investingInfo,EN_MAINTENANCE_ONLY,"How DXY Moves the Market: Impact on U.S. Stocks, USD/KRW, and KOSPI",67,135,"How DXY Moves the Market: Impact on U.S. Stocks, USD/KRW, and KOSPI",19,12,post_template_view_count_protected_by_data_nosnippet|post_template_empty_comments_protected_by_data_nosnippet|post_template_share_buttons_protected_by_data_nosnippet,macro-market,high,url_slug_title_h1_description,false,frontmatter.title,frontmatter.description,P2,Monitor or low-priority editorial refresh,content/posts/investingInfo/en/dxy-market-impact.md
/en/posts/investingInfo/etf-impact-of-tnx,en,post,investingInfo,EN_MAINTENANCE_ONLY,"How TNX Affects ETFs: Growth, Value, Emerging Markets, and Korea",64,141,"How TNX Affects ETFs: Growth, Value, Emerging Markets, and Korea",8,4,share_buttons|post_template_view_count_protected_by_data_nosnippet|post_template_empty_comments_protected_by_data_nosnippet|post_template_share_buttons_protected_by_data_nosnippet,macro-market,high,url_slug_title_h1_description,false,frontmatter.seoTitle,frontmatter.seoDescription,P2,P0-2 snippet hygiene review,content/posts/investingInfo/en/etf-impact-of-tnx.md
/en/posts/investingInfo/fx-hedge-vs-fx-exposure-korea-3-conditions,en,post,investingInfo,EN_MAINTENANCE_ONLY,FX-Hedged vs Unhedged Korea Exposure: 3 Conditions That Change the Right Answer,79,275,FX-Hedged vs Unhedged Korea Exposure: 3 Conditions That Change the Right Answer,0,4,views|post_template_view_count_protected_by_data_nosnippet|post_template_empty_comments_protected_by_data_nosnippet|post_template_share_buttons_protected_by_data_nosnippet,macro-market,high,url_slug_title_h1_description,false,frontmatter.title,frontmatter.description,P2,P0-2 snippet hygiene review,content/posts/investingInfo/en/fx-hedge-vs-fx-exposure-korea-3-conditions.md
/en/posts/investingInfo/indicator-marketinfo,en,post,investingInfo,EN_MAINTENANCE_ONLY,Global Market Forces That Influence the KOSPI: A Complete Overview,66,190,Global Market Forces That Influence the KOSPI: A Complete Overview,8,14,post_template_view_count_protected_by_data_nosnippet|post_template_empty_comments_protected_by_data_nosnippet|post_template_share_buttons_protected_by_data_nosnippet,macro-market,high,url_slug_title_h1_description,false,frontmatter.title,frontmatter.description,P2,Monitor or low-priority editorial refresh,content/posts/investingInfo/en/indicator-marketinfo.md
/en/posts/investingInfo/korea-etf-deep-dive-tnx,en,post,investingInfo,EN_MAINTENANCE_ONLY,"Why Korea ETFs Are So Sensitive to TNX, USD, and Foreign Flows",62,130,"Why Korea ETFs Are So Sensitive to TNX, USD, and Foreign Flows",3,4,share_buttons|post_template_view_count_protected_by_data_nosnippet|post_template_empty_comments_protected_by_data_nosnippet|post_template_share_buttons_protected_by_data_nosnippet,macro-market,high,url_slug_title_h1_description,false,frontmatter.seoTitle,frontmatter.seoDescription,P2,P0-2 snippet hygiene review,content/posts/investingInfo/en/korea-etf-deep-dive-tnx.md
/en/posts/investingInfo/modern-6040-risk-budget,en,post,investingInfo,EN_MAINTENANCE_ONLY,"The Modern 60/40: Build a Risk Budget with Stocks, Bonds, Cash, and Gold (or Commodities)",89,326,"The Modern 60/40: Build a Risk Budget with Stocks, Bonds, Cash, and Gold (or Commodities)",6,11,post_template_view_count_protected_by_data_nosnippet|post_template_empty_comments_protected_by_data_nosnippet|post_template_share_buttons_protected_by_data_nosnippet,compound-goal,high,url_slug_title_h1_description,false,frontmatter.title,frontmatter.description,P1,Monitor or low-priority editorial refresh,content/posts/investingInfo/en/modern-6040-risk-budget.md
/en/posts/investingInfo/rates-discount-mortgage-demand-apt-prices,en,post,investingInfo,EN_MAINTENANCE_ONLY,"How Rates (Discount Rate) Transmit Into Korea Apartment Prices: Mortgage Rates, Demand, and Sentiment Channels",110,343,"How Rates (Discount Rate) Transmit Into Korea Apartment Prices: Mortgage Rates, Demand, and Sentiment Channels",1,8,post_template_view_count_protected_by_data_nosnippet|post_template_empty_comments_protected_by_data_nosnippet|post_template_share_buttons_protected_by_data_nosnippet,real-estate-loan,high,url_slug_title_h1_description,false,frontmatter.title,frontmatter.description,P0,P1-2 internal CTA/link structure review,content/posts/investingInfo/en/rates-discount-mortgage-demand-apt-prices.md
/en/posts/investingInfo/real-estate-role-in-portfolio-risk-budget,en,post,investingInfo,EN_MAINTENANCE_ONLY,"Real Estate Is a Role, Not a Weight: Korea’s Modern 60/40 Risk Budget (with the Apartment Dashboard)",100,305,"Real Estate Is a Role, Not a Weight: Korea’s Modern 60/40 Risk Budget (with the Apartment Dashboard)",0,6,post_template_view_count_protected_by_data_nosnippet|post_template_empty_comments_protected_by_data_nosnippet|post_template_share_buttons_protected_by_data_nosnippet,real-estate-loan,high,url_slug_title_h1_description,false,frontmatter.title,frontmatter.description,P0,P1-2 internal CTA/link structure review,content/posts/investingInfo/en/real-estate-role-in-portfolio-risk-budget.md
/en/posts/investingInfo/seoul-gyeonggi-incheon-risk-budget-framework,en,post,investingInfo,EN_MAINTENANCE_ONLY,"Seoul vs Gyeonggi vs Incheon as a Risk-Budget Problem: Volatility, Liquidity, Recovery Resilience",97,199,"Seoul vs Gyeonggi vs Incheon as a Risk-Budget Problem: Volatility, Liquidity, Recovery Resilience",2,6,views|post_template_view_count_protected_by_data_nosnippet|post_template_empty_comments_protected_by_data_nosnippet|post_template_share_buttons_protected_by_data_nosnippet,real-estate-data,high,url_slug_title_h1_description,false,frontmatter.title,frontmatter.description,P2,P0-2 snippet hygiene review,content/posts/investingInfo/en/seoul-gyeonggi-incheon-risk-budget-framework.md
/en/posts/investingInfo/sp500-impact-on-korea-kospi,en,post,investingInfo,EN_MAINTENANCE_ONLY,How the S&P 500 Moves Korea’s Economy and KOSPI: The FX–Rates–Foreign Flow Chain,80,176,How the S&P 500 Moves Korea’s Economy and KOSPI: The FX–Rates–Foreign Flow Chain,10,13,post_template_view_count_protected_by_data_nosnippet|post_template_empty_comments_protected_by_data_nosnippet|post_template_share_buttons_protected_by_data_nosnippet,macro-market,high,url_slug_title_h1_description,false,frontmatter.title,frontmatter.description,P2,Monitor or low-priority editorial refresh,content/posts/investingInfo/en/sp500-impact-on-korea-kospi.md
/en/posts/investingInfo/tnx-basics,en,post,investingInfo,EN_MAINTENANCE_ONLY,"10-Year Treasury Yield (TNX): How It Moves Stocks, FX, and Korea",64,120,"10-Year Treasury Yield (TNX): How It Moves Stocks, FX, and Korea",25,19,post_template_view_count_protected_by_data_nosnippet|post_template_empty_comments_protected_by_data_nosnippet|post_template_share_buttons_protected_by_data_nosnippet,macro-market,high,url_slug_title_h1_description,false,frontmatter.seoTitle,frontmatter.seoDescription,P2,Monitor or low-priority editorial refresh,content/posts/investingInfo/en/tnx-basics.md
/en/posts/investingInfo/us10y-impact-on-korea-and-stock-market,en,post,investingInfo,EN_MAINTENANCE_ONLY,"How TNX Affects Korea Stocks, USD/KRW, and Global Markets",57,123,"How TNX Affects Korea Stocks, USD/KRW, and Global Markets",7,5,post_template_view_count_protected_by_data_nosnippet|post_template_empty_comments_protected_by_data_nosnippet|post_template_share_buttons_protected_by_data_nosnippet,macro-market,high,url_slug_title_h1_description,false,frontmatter.seoTitle,frontmatter.seoDescription,P2,Monitor or low-priority editorial refresh,content/posts/investingInfo/en/us10y-impact-on-korea-and-stock-market.md
/en/posts/investingInfo/usd-krw-exchange-rate-and-kospi,en,post,investingInfo,EN_MAINTENANCE_ONLY,USD/KRW Exchange Rate: What It Means for Korea’s Economy and the KOSPI,70,163,USD/KRW Exchange Rate: What It Means for Korea’s Economy and the KOSPI,27,15,post_template_view_count_protected_by_data_nosnippet|post_template_empty_comments_protected_by_data_nosnippet|post_template_share_buttons_protected_by_data_nosnippet,macro-market,high,url_slug_title_h1_description,false,frontmatter.title,frontmatter.description,P2,Monitor or low-priority editorial refresh,content/posts/investingInfo/en/usd-krw-exchange-rate-and-kospi.md
/en/posts/investingInfo/usd-krw-weak-won-sector-map-kospi,en,post,investingInfo,EN_MAINTENANCE_ONLY,"Weak Korean Won: KOSPI Sector Winners, Losers, and FX Checklist",63,116,"Weak Korean Won: KOSPI Sector Winners, Losers, and FX Checklist",8,5,share_buttons|post_template_view_count_protected_by_data_nosnippet|post_template_empty_comments_protected_by_data_nosnippet|post_template_share_buttons_protected_by_data_nosnippet,macro-market,high,url_slug_title_h1_description,false,frontmatter.seoTitle,frontmatter.seoDescription,P2,P0-2 snippet hygiene review,content/posts/investingInfo/en/usd-krw-weak-won-sector-map-kospi.md
/en/posts/investingInfo/why-check-cagr-etf,en,post,investingInfo,EN_MAINTENANCE_ONLY,ETF CAGR Guide: Why Annualized Return Beats Total Return,56,139,ETF CAGR Guide: Why Annualized Return Beats Total Return,6,4,post_template_view_count_protected_by_data_nosnippet|post_template_empty_comments_protected_by_data_nosnippet|post_template_share_buttons_protected_by_data_nosnippet,dca-cagr,high,url_slug_title_h1_description,false,frontmatter.seoTitle,frontmatter.seoDescription,P1,Monitor or low-priority editorial refresh,content/posts/investingInfo/en/why-check-cagr-etf.md
/en/posts/investingInfo/wti-impact-on-korea-kospi,en,post,investingInfo,EN_MAINTENANCE_ONLY,"WTI Oil and the KOSPI: Inflation, USD/KRW, Rates and Sector Impact",66,129,"WTI Oil and the KOSPI: Inflation, USD/KRW, Rates and Sector Impact",10,9,share_buttons|post_template_view_count_protected_by_data_nosnippet|post_template_empty_comments_protected_by_data_nosnippet|post_template_share_buttons_protected_by_data_nosnippet,macro-market,high,url_slug_title_h1_description,false,frontmatter.seoTitle,frontmatter.seoDescription,P2,P0-2 snippet hygiene review,content/posts/investingInfo/en/wti-impact-on-korea-kospi.md
/en/posts/personalFinance/annual-vs-monthly-compound,en,post,personalFinance,EN_MAINTENANCE_ONLY,Annual vs Monthly Compounding: Which Grows Faster?,50,210,Annual vs Monthly Compounding: Which Grows Faster?,5,5,post_template_view_count_protected_by_data_nosnippet|post_template_empty_comments_protected_by_data_nosnippet|post_template_share_buttons_protected_by_data_nosnippet,compound-goal,high,url_slug_title_h1_description,false,frontmatter.seoTitle,frontmatter.seoDescription,P1,Monitor or low-priority editorial refresh,content/posts/personalFinance/en/annual-vs-monthly-compound.md
/en/posts/personalFinance/apartment-transaction-volume-decline-meaning,en,post,personalFinance,EN_MAINTENANCE_ONLY,What Falling Korean Apartment Transaction Volume Means,54,189,What Falling Korean Apartment Transaction Volume Means,0,4,post_template_view_count_protected_by_data_nosnippet|post_template_empty_comments_protected_by_data_nosnippet|post_template_share_buttons_protected_by_data_nosnippet,real-estate-loan,high,url_slug_title_h1_description,false,frontmatter.seoTitle,frontmatter.seoDescription,P0,P1-2 internal CTA/link structure review,content/posts/personalFinance/en/apartment-transaction-volume-decline-meaning.md
/en/posts/personalFinance/apt-dashboard-home-goal-roadmap,en,post,personalFinance,EN_MAINTENANCE_ONLY,A 3-Step Home-Buying Roadmap Using Real Estate Transaction Data: Turn Anxiety Into Rules (Not Predictions),106,298,A 3-Step Home-Buying Roadmap Using Real Estate Transaction Data: Turn Anxiety Into Rules (Not Predictions),8,8,post_template_view_count_protected_by_data_nosnippet|post_template_empty_comments_protected_by_data_nosnippet|post_template_share_buttons_protected_by_data_nosnippet,real-estate-loan,high,url_slug_title_h1_description,false,frontmatter.title,frontmatter.description,P1,P1-2 internal CTA/link structure review,content/posts/personalFinance/en/apt-dashboard-home-goal-roadmap.md
/en/posts/personalFinance/cash-100m-200m-300m-apartment-budget,en,post,personalFinance,EN_MAINTENANCE_ONLY,Cash KRW 100M 200M 300M Apartment Budget | Korea DSR LTV,56,159,Cash KRW 100M 200M 300M Apartment Budget | Korea DSR LTV,4,5,post_template_view_count_protected_by_data_nosnippet|post_template_empty_comments_protected_by_data_nosnippet|post_template_share_buttons_protected_by_data_nosnippet,real-estate-loan,high,url_slug_title_h1_description,false,frontmatter.seoTitle,frontmatter.seoDescription,P1,P1-2 internal CTA/link structure review,content/posts/personalFinance/en/cash-100m-200m-300m-apartment-budget.md
/en/posts/personalFinance/compound-return-3-5-7-10-table,en,post,personalFinance,EN_MAINTENANCE_ONLY,"Compound Interest Table: 3%, 5%, 7%, 10% Over 10, 20, and 30 Years",66,136,"Compound Interest Table: 3%, 5%, 7%, 10% Over 10, 20, and 30 Years",1,4,post_template_view_count_protected_by_data_nosnippet|post_template_empty_comments_protected_by_data_nosnippet|post_template_share_buttons_protected_by_data_nosnippet,compound-goal,high,url_slug_title_h1_description,false,frontmatter.seoTitle,frontmatter.seoDescription,P1,P1-2 add contextual internal links,content/posts/personalFinance/en/compound-return-3-5-7-10-table.md
/en/posts/personalFinance/dca-fx-volatility-decomposition,en,post,personalFinance,EN_MAINTENANCE_ONLY,DCA Returns Are “Asset Return + Currency Return”: A Volatility Decomposition Framework That Reduces Panic and Rule-Drift,120,424,DCA Returns Are “Asset Return + Currency Return”: A Volatility Decomposition Framework That Reduces Panic and Rule-Drift,1,7,post_template_view_count_protected_by_data_nosnippet|post_template_empty_comments_protected_by_data_nosnippet|post_template_share_buttons_protected_by_data_nosnippet,dca-cagr,high,url_slug_title_h1_description,false,frontmatter.title,frontmatter.description,P1,P1-2 add contextual internal links,content/posts/personalFinance/en/dca-fx-volatility-decomposition.md
/en/posts/personalFinance/dca-step-up-ruleset,en,post,personalFinance,EN_MAINTENANCE_ONLY,Step-Up DCA: A Rulebook for Raising (or Pausing) Contributions Without Breaking Your Plan,89,193,Step-Up DCA: A Rulebook for Raising (or Pausing) Contributions Without Breaking Your Plan,2,7,post_template_view_count_protected_by_data_nosnippet|post_template_empty_comments_protected_by_data_nosnippet|post_template_share_buttons_protected_by_data_nosnippet,dca-cagr,high,url_slug_title_h1_description,false,frontmatter.title,frontmatter.description,P1,Monitor or low-priority editorial refresh,content/posts/personalFinance/en/dca-step-up-ruleset.md
/en/posts/personalFinance/dca-vs-lump-sum-when-results-differ,en,post,personalFinance,EN_MAINTENANCE_ONLY,DCA vs Lump Sum: When Do the Results Differ?,44,167,DCA vs Lump Sum: When Do the Results Differ?,2,4,post_template_view_count_protected_by_data_nosnippet|post_template_empty_comments_protected_by_data_nosnippet|post_template_share_buttons_protected_by_data_nosnippet,dca-cagr,high,url_slug_title_h1_description,false,frontmatter.seoTitle,frontmatter.seoDescription,P1,Monitor or low-priority editorial refresh,content/posts/personalFinance/en/dca-vs-lump-sum-when-results-differ.md
/en/posts/personalFinance/dca-vs-lumpsum-decision-rules,en,post,personalFinance,EN_MAINTENANCE_ONLY,"DCA vs Lump Sum Without the Debate: A 3-Step Rule Based on Behavior Risk, Cash Buffers, and Time Horizon",104,230,"DCA vs Lump Sum Without the Debate: A 3-Step Rule Based on Behavior Risk, Cash Buffers, and Time Horizon",4,10,views|post_template_view_count_protected_by_data_nosnippet|post_template_empty_comments_protected_by_data_nosnippet|post_template_share_buttons_protected_by_data_nosnippet,dca-cagr,high,url_slug_title_h1_description,false,frontmatter.title,frontmatter.description,P1,P0-2 snippet hygiene review,content/posts/personalFinance/en/dca-vs-lumpsum-decision-rules.md
/en/posts/personalFinance/dsr-40-income-loan-limit-table,en,post,personalFinance,EN_MAINTENANCE_ONLY,Korea DSR 40% Rule Explained | Mortgage Borrowing Limit by Income,65,124,Korea DSR 40% Rule Explained | Mortgage Borrowing Limit by Income,3,6,post_template_view_count_protected_by_data_nosnippet|post_template_empty_comments_protected_by_data_nosnippet|post_template_share_buttons_protected_by_data_nosnippet,real-estate-loan,high,url_slug_title_h1_description,false,frontmatter.seoTitle,frontmatter.seoDescription,P0,P1-2 internal CTA/link structure review,content/posts/personalFinance/en/dsr-40-income-loan-limit-table.md
/en/posts/personalFinance/dsr-pass-ltv-cash-bottleneck,en,post,personalFinance,EN_MAINTENANCE_ONLY,Passing DSR but Blocked by LTV Cash Costs | Korea Mortgage Check,64,135,Passing DSR but Blocked by LTV Cash Costs | Korea Mortgage Check,4,5,post_template_view_count_protected_by_data_nosnippet|post_template_empty_comments_protected_by_data_nosnippet|post_template_share_buttons_protected_by_data_nosnippet,real-estate-loan,high,url_slug_title_h1_description,false,frontmatter.seoTitle,frontmatter.seoDescription,P1,P1-2 internal CTA/link structure review,content/posts/personalFinance/en/dsr-pass-ltv-cash-bottleneck.md
/en/posts/personalFinance/emergency-fund-by-risk,en,post,personalFinance,EN_MAINTENANCE_ONLY,"Your Emergency Fund Isn’t a ‘Months’ Number — It’s a Risk Number (Job, Family, Debt)",84,197,"Your Emergency Fund Isn’t a ‘Months’ Number — It’s a Risk Number (Job, Family, Debt)",12,8,share_buttons|post_template_view_count_protected_by_data_nosnippet|post_template_empty_comments_protected_by_data_nosnippet|post_template_share_buttons_protected_by_data_nosnippet,real-estate-loan,medium,tags_only,true,frontmatter.title,frontmatter.description,P1,P0-2 snippet hygiene review,content/posts/personalFinance/en/emergency-fund-by-risk.md
/en/posts/personalFinance/fire-3-numbers-spending-horizon-withdrawal,en,post,personalFinance,EN_MAINTENANCE_ONLY,"FIRE Is Just 3 Numbers: Annual Spending, Retirement Horizon, and Withdrawal Rate (Then Validate in 10 Minutes)",110,349,"FIRE Is Just 3 Numbers: Annual Spending, Retirement Horizon, and Withdrawal Rate (Then Validate in 10 Minutes)",0,7,share_buttons|post_template_view_count_protected_by_data_nosnippet|post_template_empty_comments_protected_by_data_nosnippet|post_template_share_buttons_protected_by_data_nosnippet,dca-cagr,high,url_slug_title_h1_description,false,frontmatter.title,frontmatter.description,P1,P0-2 snippet hygiene review,content/posts/personalFinance/en/fire-3-numbers-spending-horizon-withdrawal.md
/en/posts/personalFinance/fire-assumption-errors-7-fixes,en,post,personalFinance,EN_MAINTENANCE_ONLY,"The 7 Most Common FIRE Modeling Mistakes: Fix Your Return, Inflation, and Tax Assumptions (Then Run Sensitivity Checks)",119,327,"The 7 Most Common FIRE Modeling Mistakes: Fix Your Return, Inflation, and Tax Assumptions (Then Run Sensitivity Checks)",0,6,post_template_view_count_protected_by_data_nosnippet|post_template_empty_comments_protected_by_data_nosnippet|post_template_share_buttons_protected_by_data_nosnippet,dca-cagr,high,url_slug_title_h1_description,false,frontmatter.title,frontmatter.description,P1,P1-2 add contextual internal links,content/posts/personalFinance/en/fire-assumption-errors-7-fixes.md
/en/posts/personalFinance/fire-sequence-risk-first-5-years,en,post,personalFinance,EN_MAINTENANCE_ONLY,"The First 5 Years of Retirement Decide FIRE: Sequence-of-Returns Risk, Withdrawal Rules, and a 10-Minute Stress Test",116,205,"The First 5 Years of Retirement Decide FIRE: Sequence-of-Returns Risk, Withdrawal Rules, and a 10-Minute Stress Test",0,6,share_buttons|post_template_view_count_protected_by_data_nosnippet|post_template_empty_comments_protected_by_data_nosnippet|post_template_share_buttons_protected_by_data_nosnippet,dca-cagr,high,url_slug_title_h1_description,false,frontmatter.title,frontmatter.description,P1,P0-2 snippet hygiene review,content/posts/personalFinance/en/fire-sequence-risk-first-5-years.md
/en/posts/personalFinance/fire-spending-buckets-essential-choice-insurance,en,post,personalFinance,EN_MAINTENANCE_ONLY,Retirement spending should be split into Essential / Lifestyle / Insurance (risk costs): build buffers and validate with the FIRE calculator,140,230,Retirement spending should be split into Essential / Lifestyle / Insurance (risk costs): build buffers and validate with the FIRE calculator,0,6,share_buttons|post_template_view_count_protected_by_data_nosnippet|post_template_empty_comments_protected_by_data_nosnippet|post_template_share_buttons_protected_by_data_nosnippet,fire-retirement,high,url_slug_title_h1_description,false,frontmatter.title,frontmatter.description,P2,P0-2 snippet hygiene review,content/posts/personalFinance/en/fire-spending-buckets-essential-choice-insurance.md
/en/posts/personalFinance/goal-amount-fast-strategy,en,post,personalFinance,EN_MAINTENANCE_ONLY,"Reach Your Target Amount Faster: Contribution, Return, or Time?",63,149,"Reach Your Target Amount Faster: Contribution, Return, or Time?",5,4,post_template_view_count_protected_by_data_nosnippet|post_template_empty_comments_protected_by_data_nosnippet|post_template_share_buttons_protected_by_data_nosnippet,compound-goal,high,url_slug_title_h1_description,false,frontmatter.seoTitle,frontmatter.seoDescription,P1,Monitor or low-priority editorial refresh,content/posts/personalFinance/en/goal-amount-fast-strategy.md
/en/posts/personalFinance/high-rate-debt-vs-invest-threshold-rule,en,post,personalFinance,EN_MAINTENANCE_ONLY,High-Rate Era: Should You Pay Down Debt or Invest First? (The Interest-Rate Threshold Rule),91,451,High-Rate Era: Should You Pay Down Debt or Invest First? (The Interest-Rate Threshold Rule),10,8,post_template_view_count_protected_by_data_nosnippet|post_template_empty_comments_protected_by_data_nosnippet|post_template_share_buttons_protected_by_data_nosnippet,real-estate-loan,high,url_slug_title_h1_description,false,frontmatter.title,frontmatter.description,P1,P1-2 internal CTA/link structure review,content/posts/personalFinance/en/high-rate-debt-vs-invest-threshold-rule.md
/en/posts/personalFinance/how-much-per-month-for-100m,en,post,personalFinance,EN_MAINTENANCE_ONLY,"How Much Should You Invest Monthly to Reach $100,000? 5-, 10-, and 15-Year Plans",80,138,"How Much Should You Invest Monthly to Reach $100,000? 5-, 10-, and 15-Year Plans",8,5,post_template_view_count_protected_by_data_nosnippet|post_template_empty_comments_protected_by_data_nosnippet|post_template_share_buttons_protected_by_data_nosnippet,compound-goal,high,url_slug_title_h1_description,false,frontmatter.seoTitle,frontmatter.seoDescription,P1,Monitor or low-priority editorial refresh,content/posts/personalFinance/en/how-much-per-month-for-100m.md
/en/posts/personalFinance/how-much-to-invest-monthly-for-target-portfolio,en,post,personalFinance,EN_MAINTENANCE_ONLY,Monthly Investment Needed to Reach a Target Portfolio,53,230,Monthly Investment Needed to Reach a Target Portfolio,2,4,post_template_view_count_protected_by_data_nosnippet|post_template_empty_comments_protected_by_data_nosnippet|post_template_share_buttons_protected_by_data_nosnippet,compound-goal,high,url_slug_title_h1_description,false,frontmatter.seoTitle,frontmatter.seoDescription,P1,Monitor or low-priority editorial refresh,content/posts/personalFinance/en/how-much-to-invest-monthly-for-target-portfolio.md
/en/posts/personalFinance/how-to-read-apartment-transaction-prices,en,post,personalFinance,EN_MAINTENANCE_ONLY,How to Read Korean Apartment Transaction Prices | Median Average Unit Price,75,191,How to Read Korean Apartment Transaction Prices | Median Average Unit Price,0,5,post_template_view_count_protected_by_data_nosnippet|post_template_empty_comments_protected_by_data_nosnippet|post_template_share_buttons_protected_by_data_nosnippet,real-estate-loan,high,url_slug_title_h1_description,false,frontmatter.seoTitle,frontmatter.seoDescription,P0,P1-2 internal CTA/link structure review,content/posts/personalFinance/en/how-to-read-apartment-transaction-prices.md
/en/posts/personalFinance/inflation-household-survival-strategy,en,post,personalFinance,EN_MAINTENANCE_ONLY,"Household Survival in an Inflation Era: Cut Fixed Costs, Control Spending, and Protect Cash Flow",96,218,"Household Survival in an Inflation Era: Cut Fixed Costs, Control Spending, and Protect Cash Flow",7,8,share_buttons|post_template_view_count_protected_by_data_nosnippet|post_template_empty_comments_protected_by_data_nosnippet|post_template_share_buttons_protected_by_data_nosnippet,macro-market,high,url_slug_title_h1_description,false,frontmatter.title,frontmatter.description,P2,P0-2 snippet hygiene review,content/posts/personalFinance/en/inflation-household-survival-strategy.md
/en/posts/personalFinance/interest-rate-1p-loan-limit-impact,en,post,personalFinance,EN_MAINTENANCE_ONLY,1pp Rate Increase and Korean Mortgage Capacity | DSR LTV Calculator,67,129,1pp Rate Increase and Korean Mortgage Capacity | DSR LTV Calculator,3,5,post_template_view_count_protected_by_data_nosnippet|post_template_empty_comments_protected_by_data_nosnippet|post_template_share_buttons_protected_by_data_nosnippet,real-estate-loan,high,url_slug_title_h1_description,false,frontmatter.seoTitle,frontmatter.seoDescription,P0,P1-2 internal CTA/link structure review,content/posts/personalFinance/en/interest-rate-1p-loan-limit-impact.md
/en/posts/personalFinance/is-dca-better-in-a-bear-market,en,post,personalFinance,EN_MAINTENANCE_ONLY,Is Dollar-Cost Averaging Better in a Bear Market?,49,200,Is Dollar-Cost Averaging Better in a Bear Market?,0,4,post_template_view_count_protected_by_data_nosnippet|post_template_empty_comments_protected_by_data_nosnippet|post_template_share_buttons_protected_by_data_nosnippet,dca-cagr,high,url_slug_title_h1_description,false,frontmatter.seoTitle,frontmatter.seoDescription,P1,P1-2 add contextual internal links,content/posts/personalFinance/en/is-dca-better-in-a-bear-market.md
/en/posts/personalFinance/large-apartment-complex-households-price-stability,en,post,personalFinance,EN_MAINTENANCE_ONLY,Large Apartment Complexes in Korea | Household Count Volume Unit Price,70,174,Large Apartment Complexes in Korea | Household Count Volume Unit Price,0,5,views|post_template_view_count_protected_by_data_nosnippet|post_template_empty_comments_protected_by_data_nosnippet|post_template_share_buttons_protected_by_data_nosnippet,real-estate-loan,high,url_slug_title_h1_description,false,frontmatter.seoTitle,frontmatter.seoDescription,P0,P0-2 snippet hygiene review,content/posts/personalFinance/en/large-apartment-complex-households-price-stability.md
/en/posts/personalFinance/monthly-dca-10-year-result,en,post,personalFinance,EN_MAINTENANCE_ONLY,Investing $500 a Month for 10 Years: DCA Calculator Example,59,167,Investing $500 a Month for 10 Years: DCA Calculator Example,8,9,post_template_view_count_protected_by_data_nosnippet|post_template_empty_comments_protected_by_data_nosnippet|post_template_share_buttons_protected_by_data_nosnippet,compound-goal,high,url_slug_title_h1_description,false,frontmatter.seoTitle,frontmatter.seoDescription,P1,Monitor or low-priority editorial refresh,content/posts/personalFinance/en/monthly-dca-10-year-result.md
/en/posts/personalFinance/monthly-investment-for-100m-table,en,post,personalFinance,EN_MAINTENANCE_ONLY,"Monthly Contribution Table | $100,000 and KRW 100M Goal Examples",64,143,"Monthly Contribution Table | $100,000 and KRW 100M Goal Examples",1,6,post_template_view_count_protected_by_data_nosnippet|post_template_empty_comments_protected_by_data_nosnippet|post_template_share_buttons_protected_by_data_nosnippet,compound-goal,high,url_slug_title_h1_description,false,frontmatter.seoTitle,frontmatter.seoDescription,P1,P1-2 add contextual internal links,content/posts/personalFinance/en/monthly-investment-for-100m-table.md
/en/posts/personalFinance/mortgage-risk-checklist-dsr-variable,en,post,personalFinance,EN_MAINTENANCE_ONLY,Korean Apartment Mortgage Risk Checklist | DSR LTV Rate Cash Buffer,67,184,Korean Apartment Mortgage Risk Checklist | DSR LTV Rate Cash Buffer,5,5,post_template_view_count_protected_by_data_nosnippet|post_template_empty_comments_protected_by_data_nosnippet|post_template_share_buttons_protected_by_data_nosnippet,real-estate-loan,high,url_slug_title_h1_description,false,frontmatter.seoTitle,frontmatter.seoDescription,P1,P1-2 internal CTA/link structure review,content/posts/personalFinance/en/mortgage-risk-checklist-dsr-variable.md
/en/posts/personalFinance/personal-finance-3pillars,en,post,personalFinance,EN_MAINTENANCE_ONLY,"The Three Pillars of Personal Finance: Budgeting, Emergency Funds, and Long-Term Investing (A Practical Setup Guide)",116,223,"The Three Pillars of Personal Finance: Budgeting, Emergency Funds, and Long-Term Investing (A Practical Setup Guide)",11,7,post_template_view_count_protected_by_data_nosnippet|post_template_empty_comments_protected_by_data_nosnippet|post_template_share_buttons_protected_by_data_nosnippet,dca-cagr,high,url_slug_title_h1_description,false,frontmatter.title,frontmatter.description,P1,Monitor or low-priority editorial refresh,content/posts/personalFinance/en/personal-finance-3pillars.md
/en/posts/personalFinance/personal-start-5steps,en,post,personalFinance,EN_MAINTENANCE_ONLY,First Salary Budget Setup: 5 Steps for Young Professionals,58,141,First Salary Budget Setup: 5 Steps for Young Professionals,1,9,share_buttons|post_template_view_count_protected_by_data_nosnippet|post_template_empty_comments_protected_by_data_nosnippet|post_template_share_buttons_protected_by_data_nosnippet,compound-goal,high,url_slug_title_h1_description,false,frontmatter.seoTitle,frontmatter.seoDescription,P1,P0-2 snippet hygiene review,content/posts/personalFinance/en/personal-start-5steps.md
/en/posts/personalFinance/rent-jeonse-buy-cashflow-opportunity-cost,en,post,personalFinance,EN_MAINTENANCE_ONLY,"Rent vs Jeonse vs Buy: Not “Cheaper,” but “Safer” — Compare Cash Flow, Opportunity Cost, and Risk Triggers",106,279,"Rent vs Jeonse vs Buy: Not “Cheaper,” but “Safer” — Compare Cash Flow, Opportunity Cost, and Risk Triggers",1,8,post_template_view_count_protected_by_data_nosnippet|post_template_empty_comments_protected_by_data_nosnippet|post_template_share_buttons_protected_by_data_nosnippet,real-estate-loan,medium,tags_only,true,frontmatter.title,frontmatter.description,P1,P1-2 internal CTA/link structure review,content/posts/personalFinance/en/rent-jeonse-buy-cashflow-opportunity-cost.md
/en/posts/personalFinance/simple-vs-compound,en,post,personalFinance,EN_MAINTENANCE_ONLY,Simple vs Compound Interest: Monthly Investing Example,54,149,Simple vs Compound Interest: Monthly Investing Example,7,5,post_template_view_count_protected_by_data_nosnippet|post_template_empty_comments_protected_by_data_nosnippet|post_template_share_buttons_protected_by_data_nosnippet,compound-goal,high,url_slug_title_h1_description,false,frontmatter.seoTitle,frontmatter.seoDescription,P1,Monitor or low-priority editorial refresh,content/posts/personalFinance/en/simple-vs-compound.md
/en/posts/personalFinance/what-is-cagr,en,post,personalFinance,EN_MAINTENANCE_ONLY,"What Is CAGR? Annualized Return Formula, Example, and Calculator",64,142,"What Is CAGR? Annualized Return Formula, Example, and Calculator",10,6,post_template_view_count_protected_by_data_nosnippet|post_template_empty_comments_protected_by_data_nosnippet|post_template_share_buttons_protected_by_data_nosnippet,dca-cagr,high,url_slug_title_h1_description,false,frontmatter.seoTitle,frontmatter.seoDescription,P1,Monitor or low-priority editorial refresh,content/posts/personalFinance/en/what-is-cagr.md
/en/tools,en,tool_hub,tools,EN_MAINTENANCE_ONLY,Finance Tools,13,24,Finance tools,0,12,none,calculator-hub,manual,manual_or_static_route,false,static,static,P3,P1-2 add contextual internal links,pages/tools/index.js
/en/tools/cagr-calculator,en,tool,tools,EN_MAINTENANCE_ONLY,"CAGR Calculator: Annualized Return, Growth Rate & Future Value",62,181,"CAGR Calculator: Annualized Return, Growth Rate & Future Value",20,3,share_buttons|tool_initial_result_copy_review,compound-goal,high,url_slug_title_h1_description,false,conditional.title,conditional.desc,P0,P0-2 snippet hygiene review,pages/tools/cagr-calculator.js
/en/tools/compound-interest,en,tool,tools,EN_MAINTENANCE_ONLY,"Compound Interest Calculator: Future Value, Monthly Contributions & Taxes",73,175,Compound Interest Calculator for Future Value,23,0,share_buttons|tool_initial_result_copy_review,compound-goal,high,url_slug_title_h1_description,false,conditional.title,conditional.desc,P0,P0-2 snippet hygiene review,pages/tools/compound-interest.js
/en/tools/dca-calculator,en,tool,tools,EN_MAINTENANCE_ONLY,Dollar-Cost Averaging Calculator for ETFs and Stocks,52,173,Dollar-Cost Averaging Calculator for ETFs and Stocks,26,0,views|share_buttons|tool_initial_result_copy_review,dca-cagr,high,url_slug_title_h1_description,false,locale_object.seoTitle,locale_object.seoDesc,P0,P0-2 snippet hygiene review,pages/tools/dca-calculator.js
/en/tools/dsr-ltv-calculator,en,tool,tools,EN_MAINTENANCE_ONLY,"Korean Mortgage Affordability Calculator: DSR, LTV & Apartment Budget",69,198,Korean Mortgage Affordability Calculator (DSR/LTV),9,12,share_buttons|tool_initial_result_copy_review,real-estate-loan,high,url_slug_title_h1_description,false,locale_object.seoTitle,locale_object.seoDesc,P1,P0-2 snippet hygiene review,pages/tools/dsr-ltv-calculator.js
/en/tools/fire-calculator,en,tool,tools,EN_MAINTENANCE_ONLY,,0,0,,7,0,share_buttons|tool_initial_result_copy_review,fire-retirement,high,url_slug_title_h1_description,true,META_EXTRACTION_FAILED,META_EXTRACTION_FAILED,P1,P0-2 snippet hygiene review,pages/tools/fire-calculator.js
/en/tools/goal-simulator,en,tool,tools,EN_MAINTENANCE_ONLY,Investment Goal Calculator: How Much to Invest Per Month,56,168,Investment Goal Calculator: How Much to Invest Per Month,24,5,share_buttons|tool_initial_result_copy_review,compound-goal,high,url_slug_title_h1_description,false,conditional.title,conditional.desc,P0,P0-2 snippet hygiene review,pages/tools/goal-simulator.js
/en/tools/home-buying-budget-calculator,en,tool,tools,EN_MAINTENANCE_ONLY,"Home Buying Budget Calculator for Korea: Cash, DSR, LTV & Mortgage Payment",74,126,Home Buying Budget Calculator,2,5,tool_initial_result_copy_review,real-estate-loan,high,url_slug_title_h1_description,false,locale_object.seoTitle,locale_object.seoDesc,P1,P0-2 snippet hygiene review,pages/tools/home-buying-budget-calculator.js
/en/tools/mortgage-loan-calculator,en,tool,tools,EN_MAINTENANCE_ONLY,Mortgage Payment Calculator - Monthly Korean Apartment Loan Payment,67,173,Mortgage Payment Calculator,3,0,share_buttons|tool_initial_result_copy_review,real-estate-loan,high,url_slug_title_h1_description,false,locale_object.seoTitle,locale_object.seoDesc,P0,P0-2 snippet hygiene review,pages/tools/mortgage-loan-calculator.js
/market,ko,market,realEstate,PRIMARY_HUB,시장정보 | 아파트 실거래가·투자지표 대시보드,25,0,시장정보 대시보드,1,5,none,real-estate-loan,high,url_slug_title_h1_description,true,locale_object.title,META_EXTRACTION_FAILED,P1,P1-2 internal CTA/link structure review,pages/market/index.js
/market/indices,ko,market,realEstate,DATA_PAGE,시장 데이터를 불러오는 중입니다.,18,0,시장 데이터를 불러오는 중입니다.,1,5,loading,general,low,no_primary_overlap_signal,true,seo_head_literal.title,META_EXTRACTION_FAILED,P2,P0-2 snippet hygiene review,pages/market/indices.js
/market/real-estate,ko,market,realEstate,PRIMARY_HUB,서울·경기·인천 아파트 실거래 대시보드,21,79,서울·경기·인천 아파트 실거래 대시보드,21,5,share_buttons|loading|empty_result,real-estate-loan,high,url_slug_title_h1_description,false,locale_object.title,locale_object.seoDesc,P1,P0-2 snippet hygiene review,pages/market/real-estate.js
/market/real-estate/gangnam-top100,ko,market,realEstate,DATA_PAGE,강남 아파트값 순위 TOP 100 | 강남구 실거래 기반,31,0,강남 아파트값 순위 TOP 100,6,6,none,real-estate-loan,high,url_slug_title_h1_description,true,locale_object.title,META_EXTRACTION_FAILED,P1,P1-2 internal CTA/link structure review,pages/market/real-estate/gangnam-top100.js
/market/real-estate/gangnam3-top100,ko,market,realEstate,DATA_PAGE,강남3구 아파트 집값 TOP 100 | 강남·서초·송파 실거래 순위,37,0,강남3구 아파트 집값 TOP 100,6,6,none,real-estate-loan,high,url_slug_title_h1_description,true,locale_object.title,META_EXTRACTION_FAILED,P1,P1-2 internal CTA/link structure review,pages/market/real-estate/gangnam3-top100.js
/market/real-estate/gyeonggi-apartment-top100,ko,market,realEstate,DATA_PAGE,,0,0,,3,0,none,real-estate-loan,high,url_slug_title_h1_description,true,META_EXTRACTION_FAILED,META_EXTRACTION_FAILED,P1,P1-2 internal CTA/link structure review,pages/market/real-estate/gyeonggi-apartment-top100.js
/market/real-estate/incheon-apartment-top100,ko,market,realEstate,DATA_PAGE,,0,0,,5,0,none,real-estate-loan,high,url_slug_title_h1_description,true,META_EXTRACTION_FAILED,META_EXTRACTION_FAILED,P1,P1-2 internal CTA/link structure review,pages/market/real-estate/incheon-apartment-top100.js
/market/real-estate/magok-top100,ko,market,realEstate,DATA_PAGE,마곡 아파트 집값 TOP 100 | 강서구 마곡동 실거래 순위,34,0,마곡 아파트 집값 TOP 100,8,7,none,real-estate-loan,high,url_slug_title_h1_description,true,locale_object.title,META_EXTRACTION_FAILED,P1,P1-2 internal CTA/link structure review,pages/market/real-estate/magok-top100.js
/market/real-estate/mayongseong-top100,ko,market,realEstate,DATA_PAGE,마용성 아파트 집값 TOP 100 | 마포·용산·성수 실거래 순위,36,0,마용성 아파트 집값 TOP 100,5,6,none,real-estate-loan,high,url_slug_title_h1_description,true,locale_object.title,META_EXTRACTION_FAILED,P1,P1-2 internal CTA/link structure review,pages/market/real-estate/mayongseong-top100.js
/market/real-estate/seoul-apartment-top100,ko,market,realEstate,DATA_PAGE,,0,0,,4,0,none,real-estate-loan,high,url_slug_title_h1_description,true,META_EXTRACTION_FAILED,META_EXTRACTION_FAILED,P1,P1-2 internal CTA/link structure review,pages/market/real-estate/seoul-apartment-top100.js
/market/real-estate/seoul-top100,ko,market,realEstate,DATA_PAGE,서울 아파트 집값 Top 100 | 서울 실거래 순위,29,0,서울 아파트 집값 TOP 100,9,6,none,real-estate-loan,high,url_slug_title_h1_description,true,locale_object.title,META_EXTRACTION_FAILED,P1,P1-2 internal CTA/link structure review,pages/market/real-estate/seoul-top100.js
/market/real-estate/songpa-top100,ko,market,realEstate,DATA_PAGE,송파(잠실) 아파트 집값 TOP 100 | 송파구 실거래 순위,34,0,송파(잠실) 아파트 집값 TOP 100,5,6,none,real-estate-loan,high,url_slug_title_h1_description,true,locale_object.title,META_EXTRACTION_FAILED,P1,P1-2 internal CTA/link structure review,pages/market/real-estate/songpa-top100.js
/posts/economicInfo/eu-russia-gas-phaseout-price-channel,ko,post,economicInfo,SUPPORTING_ARTICLE,EU의 러시아 가스 축소가 에너지 가격을 흔드는 방식: 계약·저장·대체의 3요소,44,84,EU의 러시아 가스 축소가 에너지 가격을 흔드는 방식: 계약·저장·대체의 3요소,0,8,post_template_view_count_protected_by_data_nosnippet|post_template_empty_comments_protected_by_data_nosnippet|post_template_share_buttons_protected_by_data_nosnippet,real-estate-loan,high,url_slug_title_h1_description,false,frontmatter.title,frontmatter.description,P1,P1-2 internal CTA/link structure review,content/posts/economicInfo/ko/eu-russia-gas-phaseout-price-channel.md
/posts/economicInfo/fx-basics,ko,post,economicInfo,SUPPORTING_ARTICLE,환율의 기초: 원/달러가 움직이는 진짜 이유,24,77,환율의 기초: 원/달러가 움직이는 진짜 이유,24,19,post_template_view_count_protected_by_data_nosnippet|post_template_empty_comments_protected_by_data_nosnippet|post_template_share_buttons_protected_by_data_nosnippet,real-estate-loan,high,url_slug_title_h1_description,false,frontmatter.title,frontmatter.description,P1,P1-2 internal CTA/link structure review,content/posts/economicInfo/ko/fx-basics.md
/posts/economicInfo/geopolitics-oil-fx-dashboard,ko,post,economicInfo,SUPPORTING_ARTICLE,지정학·유가·환율 충격이 서울·경기·인천 집값에 전이되는 5단 체인: 물가→금리→대출→심리→거래량,54,130,지정학·유가·환율 충격이 서울·경기·인천 집값에 전이되는 5단 체인: 물가→금리→대출→심리→거래량,1,8,post_template_view_count_protected_by_data_nosnippet|post_template_empty_comments_protected_by_data_nosnippet|post_template_share_buttons_protected_by_data_nosnippet,real-estate-loan,high,url_slug_title_h1_description,false,frontmatter.title,frontmatter.description,P1,P1-2 internal CTA/link structure review,content/posts/economicInfo/ko/geopolitics-oil-fx-dashboard.md
/posts/economicInfo/geopolitics-to-usd-liquidity-fx,ko,post,economicInfo,LOW_PRIORITY,전쟁이 달러 강세로 번역되는 순간: ‘안전자산’이 아니라 ‘달러 유동성’으로 읽기,45,110,전쟁이 달러 강세로 번역되는 순간: ‘안전자산’이 아니라 ‘달러 유동성’으로 읽기,8,7,post_template_view_count_protected_by_data_nosnippet|post_template_empty_comments_protected_by_data_nosnippet|post_template_share_buttons_protected_by_data_nosnippet,macro-market,high,url_slug_title_h1_description,false,frontmatter.title,frontmatter.description,P2,Monitor or low-priority editorial refresh,content/posts/economicInfo/ko/geopolitics-to-usd-liquidity-fx.md
/posts/economicInfo/gold-geopolitics-real-rates-dollar-uncertainty,ko,post,economicInfo,SUPPORTING_ARTICLE,중동 리스크에서 금이 강한 이유: ‘전쟁’이 아니라 실질금리·달러·불확실성의 합,44,102,중동 리스크에서 금이 강한 이유: ‘전쟁’이 아니라 실질금리·달러·불확실성의 합,0,9,post_template_view_count_protected_by_data_nosnippet|post_template_empty_comments_protected_by_data_nosnippet|post_template_share_buttons_protected_by_data_nosnippet,real-estate-loan,high,url_slug_title_h1_description,false,frontmatter.title,frontmatter.description,P1,P1-2 internal CTA/link structure review,content/posts/economicInfo/ko/gold-geopolitics-real-rates-dollar-uncertainty.md
/posts/economicInfo/hormuz-risk-oil-insurance-freight-premium,ko,post,economicInfo,LOW_PRIORITY,중동 원유 수송 리스크 한 장으로 끝내기: 유가는 ‘봉쇄’보다 ‘보험료·운임 프리미엄’에 먼저 반응한다,57,96,중동 원유 수송 리스크 한 장으로 끝내기: 유가는 ‘봉쇄’보다 ‘보험료·운임 프리미엄’에 먼저 반응한다,1,9,post_template_view_count_protected_by_data_nosnippet|post_template_empty_comments_protected_by_data_nosnippet|post_template_share_buttons_protected_by_data_nosnippet,macro-market,high,url_slug_title_h1_description,false,frontmatter.title,frontmatter.description,P2,P1-2 add contextual internal links,content/posts/economicInfo/ko/hormuz-risk-oil-insurance-freight-premium.md
/posts/economicInfo/indicator-basics,ko,post,economicInfo,LOW_PRIORITY,경제지표 읽는 법: GDP·실업률·PMI를 실제로 쓰는 방법,33,73,경제지표 읽는 법: GDP·실업률·PMI를 실제로 쓰는 방법,4,8,post_template_view_count_protected_by_data_nosnippet|post_template_empty_comments_protected_by_data_nosnippet|post_template_share_buttons_protected_by_data_nosnippet,macro-market,high,url_slug_title_h1_description,false,frontmatter.title,frontmatter.description,P2,Monitor or low-priority editorial refresh,content/posts/economicInfo/ko/indicator-basics.md
/posts/economicInfo/inflation-basics,ko,post,economicInfo,SUPPORTING_ARTICLE,물가와 금리 기본 구조: 장기 투자자가 봐야 할 인플레이션 흐름,35,57,물가와 금리 기본 구조: 장기 투자자가 봐야 할 인플레이션 흐름,1,7,post_template_view_count_protected_by_data_nosnippet|post_template_empty_comments_protected_by_data_nosnippet|post_template_share_buttons_protected_by_data_nosnippet,real-estate-loan,high,url_slug_title_h1_description,false,frontmatter.seoTitle,frontmatter.seoDescription,P1,P1-2 internal CTA/link structure review,content/posts/economicInfo/ko/inflation-basics.md
/posts/economicInfo/inflation-rate-basics,ko,post,economicInfo,SUPPORTING_ARTICLE,물가와 금리의 기본 이해: 왜 금리가 오르면 시장이 흔들릴까?,34,72,물가와 금리의 기본 이해: 왜 금리가 오르면 시장이 흔들릴까?,18,15,post_template_view_count_protected_by_data_nosnippet|post_template_empty_comments_protected_by_data_nosnippet|post_template_share_buttons_protected_by_data_nosnippet,real-estate-loan,high,url_slug_title_h1_description,false,frontmatter.title,frontmatter.description,P1,P1-2 internal CTA/link structure review,content/posts/economicInfo/ko/inflation-rate-basics.md
/posts/economicInfo/interest-rate-basics,ko,post,economicInfo,SUPPORTING_ARTICLE,"금리 구조 한 번에 이해: 기준금리, 시장금리, 예금·대출·채권",35,77,"금리 구조 한 번에 이해: 기준금리, 시장금리, 예금·대출·채권",21,9,post_template_view_count_protected_by_data_nosnippet|post_template_empty_comments_protected_by_data_nosnippet|post_template_share_buttons_protected_by_data_nosnippet,real-estate-loan,high,url_slug_title_h1_description,false,frontmatter.seoTitle,frontmatter.seoDescription,P1,P1-2 internal CTA/link structure review,content/posts/economicInfo/ko/interest-rate-basics.md
/posts/economicInfo/oil-shock-to-usdkrw-korea-transmission,ko,post,economicInfo,SUPPORTING_ARTICLE,유가 급등이 원/달러에 미치는 영향: 한국식 전파 경로(무역수지·물가·수급)로 읽기,46,89,유가 급등이 원/달러에 미치는 영향: 한국식 전파 경로(무역수지·물가·수급)로 읽기,9,9,post_template_view_count_protected_by_data_nosnippet|post_template_empty_comments_protected_by_data_nosnippet|post_template_share_buttons_protected_by_data_nosnippet,real-estate-loan,high,url_slug_title_h1_description,false,frontmatter.title,frontmatter.description,P1,P1-2 internal CTA/link structure review,content/posts/economicInfo/ko/oil-shock-to-usdkrw-korea-transmission.md
/posts/economicInfo/policy-rate-cut-market-rates,ko,post,economicInfo,SUPPORTING_ARTICLE,금리 인하에도 대출금리가 안 내려가는 이유: 정책금리 vs 시장금리,37,66,금리 인하에도 대출금리가 안 내려가는 이유: 정책금리 vs 시장금리,17,15,post_template_view_count_protected_by_data_nosnippet|post_template_empty_comments_protected_by_data_nosnippet|post_template_share_buttons_protected_by_data_nosnippet,real-estate-loan,high,url_slug_title_h1_description,false,frontmatter.seoTitle,frontmatter.seoDescription,P1,P1-2 internal CTA/link structure review,content/posts/economicInfo/ko/policy-rate-cut-market-rates.md
/posts/economicInfo/real-rates-and-breakevens,ko,post,economicInfo,SUPPORTING_ARTICLE,실질금리(Real Rate)와 기대인플레이션(Breakeven): 자산가격의 ‘진짜 온도계’,51,95,실질금리(Real Rate)와 기대인플레이션(Breakeven): 자산가격의 ‘진짜 온도계’,2,8,post_template_view_count_protected_by_data_nosnippet|post_template_empty_comments_protected_by_data_nosnippet|post_template_share_buttons_protected_by_data_nosnippet,real-estate-loan,high,url_slug_title_h1_description,false,frontmatter.title,frontmatter.description,P1,P1-2 internal CTA/link structure review,content/posts/economicInfo/ko/real-rates-and-breakevens.md
/posts/economicInfo/tariffs-growth-margins-fx-package-shock,ko,post,economicInfo,LOW_PRIORITY,관세는 ‘물가’만의 문제가 아니다: 성장·마진·환율을 동시에 흔드는 패키지 충격,44,94,관세는 ‘물가’만의 문제가 아니다: 성장·마진·환율을 동시에 흔드는 패키지 충격,8,9,post_template_view_count_protected_by_data_nosnippet|post_template_empty_comments_protected_by_data_nosnippet|post_template_share_buttons_protected_by_data_nosnippet,macro-market,high,url_slug_title_h1_description,false,frontmatter.title,frontmatter.description,P2,Monitor or low-priority editorial refresh,content/posts/economicInfo/ko/tariffs-growth-margins-fx-package-shock.md
/posts/economicInfo/war-risk-oil-supply-insurance-shipping,ko,post,economicInfo,LOW_PRIORITY,전쟁 뉴스가 유가를 움직이는 3단계: 공급·보험·운송이 만드는 ‘리스크 프리미엄’,45,114,전쟁 뉴스가 유가를 움직이는 3단계: 공급·보험·운송이 만드는 ‘리스크 프리미엄’,1,9,post_template_view_count_protected_by_data_nosnippet|post_template_empty_comments_protected_by_data_nosnippet|post_template_share_buttons_protected_by_data_nosnippet,macro-market,high,url_slug_title_h1_description,false,frontmatter.title,frontmatter.description,P2,P1-2 add contextual internal links,content/posts/economicInfo/ko/war-risk-oil-supply-insurance-shipping.md
/posts/economicInfo/war-theme-investing-price-chain-not-winners,ko,post,economicInfo,LOW_PRIORITY,전쟁 테마의 함정: ‘수혜주’가 아니라 ‘가격 사슬(원가·운임·환율)’로 읽어야 한다,47,94,전쟁 테마의 함정: ‘수혜주’가 아니라 ‘가격 사슬(원가·운임·환율)’로 읽어야 한다,1,9,post_template_view_count_protected_by_data_nosnippet|post_template_empty_comments_protected_by_data_nosnippet|post_template_share_buttons_protected_by_data_nosnippet,macro-market,high,url_slug_title_h1_description,false,frontmatter.title,frontmatter.description,P2,P1-2 add contextual internal links,content/posts/economicInfo/ko/war-theme-investing-price-chain-not-winners.md
/posts/economicInfo/yield-curve-2s10s-3m10y-recession-reading,ko,post,economicInfo,SUPPORTING_ARTICLE,"수익률곡선(2y~10y, 3m~10y)은 왜 다르게 말하나: 침체 신호 해석법",43,166,"수익률곡선(2y~10y, 3m~10y)은 왜 다르게 말하나: 침체 신호 해석법",8,10,post_template_view_count_protected_by_data_nosnippet|post_template_empty_comments_protected_by_data_nosnippet|post_template_share_buttons_protected_by_data_nosnippet,real-estate-loan,high,url_slug_title_h1_description,false,frontmatter.title,frontmatter.description,P1,P1-2 internal CTA/link structure review,content/posts/economicInfo/ko/yield-curve-2s10s-3m10y-recession-reading.md
/posts/investingInfo/bond-etf-duration-drives-returns,ko,post,investingInfo,SUPPORTING_ARTICLE,채권 ETF와 듀레이션: 금리 1%p 변화가 수익률을 얼마나 흔드는가,38,116,채권 ETF와 듀레이션: 금리 1%p 변화가 수익률을 얼마나 흔드는가,0,9,post_template_view_count_protected_by_data_nosnippet|post_template_empty_comments_protected_by_data_nosnippet|post_template_share_buttons_protected_by_data_nosnippet,real-estate-loan,high,url_slug_title_h1_description,false,frontmatter.title,frontmatter.description,P1,P1-2 internal CTA/link structure review,content/posts/investingInfo/ko/bond-etf-duration-drives-returns.md
/posts/investingInfo/cagr-7percent-reality-check,ko,post,investingInfo,SUPPORTING_ARTICLE,연 7% 복리 현실 체크: CAGR로 목표 자산 계산하는 법,33,76,연 7% 복리 현실 체크: CAGR로 목표 자산 계산하는 법,14,6,post_template_view_count_protected_by_data_nosnippet|post_template_empty_comments_protected_by_data_nosnippet|post_template_share_buttons_protected_by_data_nosnippet,compound-goal,high,url_slug_title_h1_description,false,frontmatter.seoTitle,frontmatter.seoDescription,P1,Monitor or low-priority editorial refresh,content/posts/investingInfo/ko/cagr-7percent-reality-check.md
/posts/investingInfo/dca-consistency-7-fail-patterns,ko,post,investingInfo,SUPPORTING_ARTICLE,적립식(DCA)은 ‘수익률’이 아니라 ‘지속성’ 게임: 실패하는 DCA 패턴 7가지,46,87,적립식(DCA)은 ‘수익률’이 아니라 ‘지속성’ 게임: 실패하는 DCA 패턴 7가지,7,10,post_template_view_count_protected_by_data_nosnippet|post_template_empty_comments_protected_by_data_nosnippet|post_template_share_buttons_protected_by_data_nosnippet,dca-cagr,high,url_slug_title_h1_description,false,frontmatter.title,frontmatter.description,P1,Monitor or low-priority editorial refresh,content/posts/investingInfo/ko/dca-consistency-7-fail-patterns.md
/posts/investingInfo/diagnose-investing-skill-with-cagr,ko,post,investingInfo,SUPPORTING_ARTICLE,CAGR로 투자 실력 진단하기: MDD·변동성·샤프비율 함께 보기,36,76,CAGR로 투자 실력 진단하기: MDD·변동성·샤프비율 함께 보기,5,5,post_template_view_count_protected_by_data_nosnippet|post_template_empty_comments_protected_by_data_nosnippet|post_template_share_buttons_protected_by_data_nosnippet,dca-cagr,high,url_slug_title_h1_description,false,frontmatter.seoTitle,frontmatter.seoDescription,P1,Monitor or low-priority editorial refresh,content/posts/investingInfo/ko/diagnose-investing-skill-with-cagr.md
/posts/investingInfo/dxy-dollar-index-basics,ko,post,investingInfo,LOW_PRIORITY,DXY(달러인덱스)란 무엇인가? 투자자가 꼭 알아야 할 의미 정리,36,59,DXY(달러인덱스)란 무엇인가? 투자자가 꼭 알아야 할 의미 정리,16,7,post_template_view_count_protected_by_data_nosnippet|post_template_empty_comments_protected_by_data_nosnippet|post_template_share_buttons_protected_by_data_nosnippet,macro-market,high,url_slug_title_h1_description,false,frontmatter.title,frontmatter.description,P2,Monitor or low-priority editorial refresh,content/posts/investingInfo/ko/dxy-dollar-index-basics.md
/posts/investingInfo/dxy-market-impact,ko,post,investingInfo,LOW_PRIORITY,DXY가 변화하면 시장은 어떻게 움직일까? 미국 증시·환율·코스피까지,38,79,DXY가 변화하면 시장은 어떻게 움직일까? 미국 증시·환율·코스피까지,20,16,post_template_view_count_protected_by_data_nosnippet|post_template_empty_comments_protected_by_data_nosnippet|post_template_share_buttons_protected_by_data_nosnippet,macro-market,high,url_slug_title_h1_description,false,frontmatter.title,frontmatter.description,P2,Monitor or low-priority editorial refresh,content/posts/investingInfo/ko/dxy-market-impact.md
/posts/investingInfo/etf-impact-of-tnx,ko,post,investingInfo,SUPPORTING_ARTICLE,TNX가 ETF 수익률을 흔드는 이유: 성장주·가치주·신흥국 ETF,37,62,TNX가 ETF 수익률을 흔드는 이유: 성장주·가치주·신흥국 ETF,7,6,post_template_view_count_protected_by_data_nosnippet|post_template_empty_comments_protected_by_data_nosnippet|post_template_share_buttons_protected_by_data_nosnippet,real-estate-loan,high,url_slug_title_h1_description,false,frontmatter.seoTitle,frontmatter.seoDescription,P1,P1-2 internal CTA/link structure review,content/posts/investingInfo/ko/etf-impact-of-tnx.md
/posts/investingInfo/fx-hedge-vs-fx-exposure-korea-3-conditions,ko,post,investingInfo,SUPPORTING_ARTICLE,환헤지 vs 환노출: 국내 개인 투자자(원화 기준)에게 ‘정답’이 달라지는 3가지 조건,48,182,환헤지 vs 환노출: 국내 개인 투자자(원화 기준)에게 ‘정답’이 달라지는 3가지 조건,0,8,post_template_view_count_protected_by_data_nosnippet|post_template_empty_comments_protected_by_data_nosnippet|post_template_share_buttons_protected_by_data_nosnippet,real-estate-loan,high,url_slug_title_h1_description,false,frontmatter.title,frontmatter.description,P1,P1-2 internal CTA/link structure review,content/posts/investingInfo/ko/fx-hedge-vs-fx-exposure-korea-3-conditions.md
/posts/investingInfo/indicator-marketinfo,ko,post,investingInfo,SUPPORTING_ARTICLE,코스피에 가장 큰 영향을 끼치는 글로벌 시장 환경 총정리,31,112,코스피에 가장 큰 영향을 끼치는 글로벌 시장 환경 총정리,17,18,post_template_view_count_protected_by_data_nosnippet|post_template_empty_comments_protected_by_data_nosnippet|post_template_share_buttons_protected_by_data_nosnippet,real-estate-loan,high,url_slug_title_h1_description,false,frontmatter.title,frontmatter.description,P1,P1-2 internal CTA/link structure review,content/posts/investingInfo/ko/indicator-marketinfo.md
/posts/investingInfo/korea-etf-deep-dive-tnx,ko,post,investingInfo,SUPPORTING_ARTICLE,"한국 ETF가 TNX에 민감한 이유: 환율, 외국인 수급, 반도체 구조",39,60,"한국 ETF가 TNX에 민감한 이유: 환율, 외국인 수급, 반도체 구조",4,6,post_template_view_count_protected_by_data_nosnippet|post_template_empty_comments_protected_by_data_nosnippet|post_template_share_buttons_protected_by_data_nosnippet,real-estate-loan,high,url_slug_title_h1_description,false,frontmatter.seoTitle,frontmatter.seoDescription,P1,P1-2 internal CTA/link structure review,content/posts/investingInfo/ko/korea-etf-deep-dive-tnx.md
/posts/investingInfo/modern-6040-risk-budget,ko,post,investingInfo,SUPPORTING_ARTICLE,요즘형 60/40: 주식·채권·현금·금(또는 원자재)로 ‘리스크 예산’ 짜기,42,137,요즘형 60/40: 주식·채권·현금·금(또는 원자재)로 ‘리스크 예산’ 짜기,5,10,post_template_view_count_protected_by_data_nosnippet|post_template_empty_comments_protected_by_data_nosnippet|post_template_share_buttons_protected_by_data_nosnippet,dca-cagr,high,url_slug_title_h1_description,false,frontmatter.title,frontmatter.description,P1,Monitor or low-priority editorial refresh,content/posts/investingInfo/ko/modern-6040-risk-budget.md
/posts/investingInfo/rates-discount-mortgage-demand-apt-prices,ko,post,investingInfo,SUPPORTING_ARTICLE,금리(할인율)는 어떻게 서울·경기·인천 아파트 가격을 흔드는가: 대출금리·수요·심리 3채널로 분해하기,56,98,금리(할인율)는 어떻게 서울·경기·인천 아파트 가격을 흔드는가: 대출금리·수요·심리 3채널로 분해하기,1,10,post_template_view_count_protected_by_data_nosnippet|post_template_empty_comments_protected_by_data_nosnippet|post_template_share_buttons_protected_by_data_nosnippet,real-estate-loan,high,url_slug_title_h1_description,false,frontmatter.title,frontmatter.description,P0,P1-2 internal CTA/link structure review,content/posts/investingInfo/ko/rates-discount-mortgage-demand-apt-prices.md
/posts/investingInfo/real-estate-role-in-portfolio-risk-budget,ko,post,investingInfo,LOW_PRIORITY,가계 자산배분에서 부동산은 ‘비중’이 아니라 ‘역할’이다: 현대형 60/40(리스크 예산)로 다시 설계하기,59,144,가계 자산배분에서 부동산은 ‘비중’이 아니라 ‘역할’이다: 현대형 60/40(리스크 예산)로 다시 설계하기,0,8,post_template_view_count_protected_by_data_nosnippet|post_template_empty_comments_protected_by_data_nosnippet|post_template_share_buttons_protected_by_data_nosnippet,real-estate-data,high,url_slug_title_h1_description,false,frontmatter.title,frontmatter.description,P2,P1-2 add contextual internal links,content/posts/investingInfo/ko/real-estate-role-in-portfolio-risk-budget.md
/posts/investingInfo/seoul-gyeonggi-incheon-risk-budget-framework,ko,post,investingInfo,LOW_PRIORITY,서울·경기·인천을 ‘지역 선택’이 아니라 ‘리스크 예산’으로 읽는 법: 변동성·유동성·회복탄력 3축,55,135,서울·경기·인천을 ‘지역 선택’이 아니라 ‘리스크 예산’으로 읽는 법: 변동성·유동성·회복탄력 3축,2,8,post_template_view_count_protected_by_data_nosnippet|post_template_empty_comments_protected_by_data_nosnippet|post_template_share_buttons_protected_by_data_nosnippet,real-estate-data,high,url_slug_title_h1_description,false,frontmatter.title,frontmatter.description,P2,Monitor or low-priority editorial refresh,content/posts/investingInfo/ko/seoul-gyeonggi-incheon-risk-budget-framework.md
/posts/investingInfo/sp500-impact-on-korea-kospi,ko,post,investingInfo,SUPPORTING_ARTICLE,미국 증시(S&P500)가 한국 경제·코스피에 미치는 영향: 환율·금리·외국인 수급의 연결고리,52,100,미국 증시(S&P500)가 한국 경제·코스피에 미치는 영향: 환율·금리·외국인 수급의 연결고리,10,18,post_template_view_count_protected_by_data_nosnippet|post_template_empty_comments_protected_by_data_nosnippet|post_template_share_buttons_protected_by_data_nosnippet,real-estate-loan,high,url_slug_title_h1_description,false,frontmatter.title,frontmatter.description,P1,P1-2 internal CTA/link structure review,content/posts/investingInfo/ko/sp500-impact-on-korea-kospi.md
/posts/investingInfo/tnx-basics,ko,post,investingInfo,SUPPORTING_ARTICLE,TNX(미국 10년물 국채금리) 완전 이해: 주식·환율·채권을 움직이는 ‘기준 금리’,47,101,TNX(미국 10년물 국채금리) 완전 이해: 주식·환율·채권을 움직이는 ‘기준 금리’,25,17,post_template_view_count_protected_by_data_nosnippet|post_template_empty_comments_protected_by_data_nosnippet|post_template_share_buttons_protected_by_data_nosnippet,real-estate-loan,high,url_slug_title_h1_description,false,frontmatter.title,frontmatter.description,P1,P1-2 internal CTA/link structure review,content/posts/investingInfo/ko/tnx-basics.md
/posts/investingInfo/us10y-impact-on-korea-and-stock-market,ko,post,investingInfo,SUPPORTING_ARTICLE,미국 10년물 국채금리 TNX가 한국 주식시장과 환율에 미치는 영향,37,60,미국 10년물 국채금리 TNX가 한국 주식시장과 환율에 미치는 영향,8,6,post_template_view_count_protected_by_data_nosnippet|post_template_empty_comments_protected_by_data_nosnippet|post_template_share_buttons_protected_by_data_nosnippet,real-estate-loan,high,url_slug_title_h1_description,false,frontmatter.seoTitle,frontmatter.seoDescription,P1,P1-2 internal CTA/link structure review,content/posts/investingInfo/ko/us10y-impact-on-korea-and-stock-market.md
/posts/investingInfo/usd-krw-exchange-rate-and-kospi,ko,post,investingInfo,LOW_PRIORITY,원달러 환율과 코스피 관계: 외국인 수급·수출주·물가 체크법,33,93,원달러 환율과 코스피 관계: 외국인 수급·수출주·물가 체크법,22,20,post_template_view_count_protected_by_data_nosnippet|post_template_empty_comments_protected_by_data_nosnippet|post_template_share_buttons_protected_by_data_nosnippet,macro-market,high,url_slug_title_h1_description,false,frontmatter.seoTitle,frontmatter.seoDescription,P2,Monitor or low-priority editorial refresh,content/posts/investingInfo/ko/usd-krw-exchange-rate-and-kospi.md
/posts/investingInfo/usd-krw-weak-won-sector-map-kospi,ko,post,investingInfo,LOW_PRIORITY,환율 상승 수혜주·피해주 | 원화 약세 코스피 업종 체크,31,86,환율 상승 수혜주·피해주 | 원화 약세 코스피 업종 체크,7,9,post_template_view_count_protected_by_data_nosnippet|post_template_empty_comments_protected_by_data_nosnippet|post_template_share_buttons_protected_by_data_nosnippet,macro-market,high,url_slug_title_h1_description,false,frontmatter.seoTitle,frontmatter.seoDescription,P2,Monitor or low-priority editorial refresh,content/posts/investingInfo/ko/usd-krw-weak-won-sector-map-kospi.md
/posts/investingInfo/why-check-cagr-etf,ko,post,investingInfo,SUPPORTING_ARTICLE,ETF CAGR 확인법: 총수익률보다 연평균 복리수익률이 중요한 이유,38,69,ETF CAGR 확인법: 총수익률보다 연평균 복리수익률이 중요한 이유,7,4,post_template_view_count_protected_by_data_nosnippet|post_template_empty_comments_protected_by_data_nosnippet|post_template_share_buttons_protected_by_data_nosnippet,compound-goal,high,url_slug_title_h1_description,false,frontmatter.seoTitle,frontmatter.seoDescription,P1,Monitor or low-priority editorial refresh,content/posts/investingInfo/ko/why-check-cagr-etf.md
/posts/investingInfo/wti-impact-on-korea-kospi,ko,post,investingInfo,SUPPORTING_ARTICLE,WTI 유가가 한국 경제·코스피에 미치는 영향: 물가·환율·금리·기업이익으로 이어지는 5단 연결,53,116,WTI 유가가 한국 경제·코스피에 미치는 영향: 물가·환율·금리·기업이익으로 이어지는 5단 연결,11,13,post_template_view_count_protected_by_data_nosnippet|post_template_empty_comments_protected_by_data_nosnippet|post_template_share_buttons_protected_by_data_nosnippet,real-estate-loan,high,url_slug_title_h1_description,false,frontmatter.title,frontmatter.description,P1,P1-2 internal CTA/link structure review,content/posts/investingInfo/ko/wti-impact-on-korea-kospi.md
/posts/personalFinance/annual-vs-monthly-compound,ko,post,personalFinance,SUPPORTING_ARTICLE,연복리 vs 월복리: 목표 달성 기간이 얼마나 달라질까?,31,65,연복리 vs 월복리: 목표 달성 기간이 얼마나 달라질까?,7,6,post_template_view_count_protected_by_data_nosnippet|post_template_empty_comments_protected_by_data_nosnippet|post_template_share_buttons_protected_by_data_nosnippet,compound-goal,high,url_slug_title_h1_description,false,frontmatter.seoTitle,frontmatter.seoDescription,P1,Monitor or low-priority editorial refresh,content/posts/personalFinance/ko/annual-vs-monthly-compound.md
/posts/personalFinance/apartment-buying-calculator-guide,ko,post,personalFinance,SUPPORTING_ARTICLE,아파트 구매 계산기: 집값·현금·대출·월상환액 한 번에 보는 법,35,111,아파트 구매 계산기: 집값·현금·대출·월상환액 한 번에 보는 법,0,6,post_template_view_count_protected_by_data_nosnippet|post_template_empty_comments_protected_by_data_nosnippet|post_template_share_buttons_protected_by_data_nosnippet,real-estate-loan,high,url_slug_title_h1_description,false,frontmatter.seoTitle,frontmatter.seoDescription,P1,P1-2 internal CTA/link structure review,content/posts/personalFinance/ko/apartment-buying-calculator-guide.md
/posts/personalFinance/apartment-buying-costs-before-purchase,ko,post,personalFinance,SUPPORTING_ARTICLE,아파트 매수 전 계산해야 할 비용 5가지 | DSR LTV 현금표,36,89,아파트 매수 전 계산해야 할 비용 5가지 | DSR LTV 현금표,2,6,post_template_view_count_protected_by_data_nosnippet|post_template_empty_comments_protected_by_data_nosnippet|post_template_share_buttons_protected_by_data_nosnippet,real-estate-loan,high,url_slug_title_h1_description,false,frontmatter.seoTitle,frontmatter.seoDescription,P1,P1-2 internal CTA/link structure review,content/posts/personalFinance/ko/apartment-buying-costs-before-purchase.md
/posts/personalFinance/apartment-transaction-volume-decline-meaning,ko,post,personalFinance,SUPPORTING_ARTICLE,아파트 거래량 감소 의미 | 거래량 줄면 집값은 어떻게 봐야 할까,36,91,아파트 거래량 감소 의미 | 거래량 줄면 집값은 어떻게 봐야 할까,0,4,post_template_view_count_protected_by_data_nosnippet|post_template_empty_comments_protected_by_data_nosnippet|post_template_share_buttons_protected_by_data_nosnippet,real-estate-loan,high,url_slug_title_h1_description,false,frontmatter.seoTitle,frontmatter.seoDescription,P1,P1-2 internal CTA/link structure review,content/posts/personalFinance/ko/apartment-transaction-volume-decline-meaning.md
/posts/personalFinance/apt-dashboard-home-goal-roadmap,ko,post,personalFinance,SUPPORTING_ARTICLE,서울·경기·인천 아파트 실거래 대시보드로 ‘내 집 마련 목표’를 숫자로 바꾸는 3단계 로드맵,51,131,서울·경기·인천 아파트 실거래 대시보드로 ‘내 집 마련 목표’를 숫자로 바꾸는 3단계 로드맵,10,9,post_template_view_count_protected_by_data_nosnippet|post_template_empty_comments_protected_by_data_nosnippet|post_template_share_buttons_protected_by_data_nosnippet,real-estate-loan,high,url_slug_title_h1_description,false,frontmatter.title,frontmatter.description,P1,P1-2 internal CTA/link structure review,content/posts/personalFinance/ko/apt-dashboard-home-goal-roadmap.md
/posts/personalFinance/cash-100m-200m-300m-apartment-budget,ko,post,personalFinance,SUPPORTING_ARTICLE,보유현금 1억 2억 3억 아파트 구매 가능 금액 | DSR LTV 계산기,40,90,보유현금 1억 2억 3억 아파트 구매 가능 금액 | DSR LTV 계산기,8,6,post_template_view_count_protected_by_data_nosnippet|post_template_empty_comments_protected_by_data_nosnippet|post_template_share_buttons_protected_by_data_nosnippet,real-estate-loan,high,url_slug_title_h1_description,false,frontmatter.seoTitle,frontmatter.seoDescription,P1,P1-2 internal CTA/link structure review,content/posts/personalFinance/ko/cash-100m-200m-300m-apartment-budget.md
/posts/personalFinance/compound-calculator-guide,ko,post,personalFinance,SUPPORTING_ARTICLE,복리 계산기 사용법: 월복리·연복리·적립식 결과 보는 법,31,113,복리 계산기 사용법: 월복리·연복리·적립식 결과 보는 법,3,1,post_template_view_count_protected_by_data_nosnippet|post_template_empty_comments_protected_by_data_nosnippet|post_template_share_buttons_protected_by_data_nosnippet,compound-goal,high,url_slug_title_h1_description,false,frontmatter.seoTitle,frontmatter.seoDescription,P1,Monitor or low-priority editorial refresh,content/posts/personalFinance/ko/compound-calculator-guide.md
/posts/personalFinance/compound-return-3-5-7-10-table,ko,post,personalFinance,SUPPORTING_ARTICLE,연 3% 5% 7% 10% 복리 결과 비교표 | 10년 20년 30년,38,86,연 3% 5% 7% 10% 복리 결과 비교표 | 10년 20년 30년,0,4,post_template_view_count_protected_by_data_nosnippet|post_template_empty_comments_protected_by_data_nosnippet|post_template_share_buttons_protected_by_data_nosnippet,compound-goal,high,url_slug_title_h1_description,false,frontmatter.seoTitle,frontmatter.seoDescription,P1,P1-2 add contextual internal links,content/posts/personalFinance/ko/compound-return-3-5-7-10-table.md
/posts/personalFinance/dca-fx-volatility-decomposition,ko,post,personalFinance,SUPPORTING_ARTICLE,해외자산 DCA에서 ‘수익률 변동’과 ‘환율 변동’을 분리해 읽는 법: 한국 사용자용 운영 규칙(불안·중단 방지),63,90,해외자산 DCA에서 ‘수익률 변동’과 ‘환율 변동’을 분리해 읽는 법: 한국 사용자용 운영 규칙(불안·중단 방지),0,8,post_template_view_count_protected_by_data_nosnippet|post_template_empty_comments_protected_by_data_nosnippet|post_template_share_buttons_protected_by_data_nosnippet,dca-cagr,high,url_slug_title_h1_description,false,frontmatter.title,frontmatter.description,P1,P1-2 add contextual internal links,content/posts/personalFinance/ko/dca-fx-volatility-decomposition.md
/posts/personalFinance/dca-step-up-ruleset,ko,post,personalFinance,SUPPORTING_ARTICLE,DCA의 핵심은 ‘월 납입액 설계’다: 증액(스텝업)·감액·일시중단 조건을 운영규칙으로 만드는 법,54,140,DCA의 핵심은 ‘월 납입액 설계’다: 증액(스텝업)·감액·일시중단 조건을 운영규칙으로 만드는 법,1,9,post_template_view_count_protected_by_data_nosnippet|post_template_empty_comments_protected_by_data_nosnippet|post_template_share_buttons_protected_by_data_nosnippet,compound-goal,high,url_slug_title_h1_description,false,frontmatter.title,frontmatter.description,P1,P1-2 add contextual internal links,content/posts/personalFinance/ko/dca-step-up-ruleset.md
/posts/personalFinance/dca-vs-lump-sum-when-results-differ,ko,post,personalFinance,SUPPORTING_ARTICLE,"적립식 투자와 일괄투자, 언제 결과가 달라질까? DCA 비교 계산법",37,87,"적립식 투자와 일괄투자, 언제 결과가 달라질까? DCA 비교 계산법",1,4,post_template_view_count_protected_by_data_nosnippet|post_template_empty_comments_protected_by_data_nosnippet|post_template_share_buttons_protected_by_data_nosnippet,dca-cagr,high,url_slug_title_h1_description,false,frontmatter.seoTitle,frontmatter.seoDescription,P1,P1-2 add contextual internal links,content/posts/personalFinance/ko/dca-vs-lump-sum-when-results-differ.md
/posts/personalFinance/dca-vs-lumpsum-decision-rules,ko,post,personalFinance,SUPPORTING_ARTICLE,DCA vs 일시금투자: 기대수익이 아니라 ‘후회·중단·변동성(실행 리스크)’로 결정하는 3단계 규칙,56,107,DCA vs 일시금투자: 기대수익이 아니라 ‘후회·중단·변동성(실행 리스크)’로 결정하는 3단계 규칙,5,8,post_template_view_count_protected_by_data_nosnippet|post_template_empty_comments_protected_by_data_nosnippet|post_template_share_buttons_protected_by_data_nosnippet,dca-cagr,high,url_slug_title_h1_description,false,frontmatter.title,frontmatter.description,P1,Monitor or low-priority editorial refresh,content/posts/personalFinance/ko/dca-vs-lumpsum-decision-rules.md
/posts/personalFinance/dsr-40-income-loan-limit-table,ko,post,personalFinance,SUPPORTING_ARTICLE,DSR 40% 연봉별 대출 한도표 | 연봉별 주담대 한도·대출 가능액,38,121,DSR 40% 연봉별 대출 한도표 | 연봉별 주담대 한도·대출 가능액,6,7,post_template_view_count_protected_by_data_nosnippet|post_template_empty_comments_protected_by_data_nosnippet|post_template_share_buttons_protected_by_data_nosnippet,real-estate-loan,high,url_slug_title_h1_description,false,frontmatter.seoTitle,frontmatter.seoDescription,P1,P1-2 internal CTA/link structure review,content/posts/personalFinance/ko/dsr-40-income-loan-limit-table.md
/posts/personalFinance/dsr-pass-ltv-cash-bottleneck,ko,post,personalFinance,SUPPORTING_ARTICLE,DSR 통과 후 LTV 현금 부대비용 병목 이해하기 | 아파트 구매 가능 금액,43,74,DSR 통과 후 LTV 현금 부대비용 병목 이해하기 | 아파트 구매 가능 금액,8,5,post_template_view_count_protected_by_data_nosnippet|post_template_empty_comments_protected_by_data_nosnippet|post_template_share_buttons_protected_by_data_nosnippet,real-estate-loan,high,url_slug_title_h1_description,false,frontmatter.seoTitle,frontmatter.seoDescription,P1,P1-2 internal CTA/link structure review,content/posts/personalFinance/ko/dsr-pass-ltv-cash-bottleneck.md
/posts/personalFinance/emergency-fund-by-risk,ko,post,personalFinance,SUPPORTING_ARTICLE,비상금은 ‘몇 개월’이 아니라 ‘리스크’로 정한다: 직장·가족·대출 기준표로 끝내기,46,119,비상금은 ‘몇 개월’이 아니라 ‘리스크’로 정한다: 직장·가족·대출 기준표로 끝내기,14,10,post_template_view_count_protected_by_data_nosnippet|post_template_empty_comments_protected_by_data_nosnippet|post_template_share_buttons_protected_by_data_nosnippet,real-estate-loan,high,url_slug_title_h1_description,false,frontmatter.title,frontmatter.description,P1,P1-2 internal CTA/link structure review,content/posts/personalFinance/ko/emergency-fund-by-risk.md
/posts/personalFinance/fire-3-numbers-spending-horizon-withdrawal,ko,post,personalFinance,SUPPORTING_ARTICLE,은퇴자산 목표는 ‘3개 숫자’로 결정된다: 연지출·은퇴기간·인출률(4%룰 오해까지) + FIRE 툴로 10분 계산,63,139,은퇴자산 목표는 ‘3개 숫자’로 결정된다: 연지출·은퇴기간·인출률(4%룰 오해까지) + FIRE 툴로 10분 계산,3,9,post_template_view_count_protected_by_data_nosnippet|post_template_empty_comments_protected_by_data_nosnippet|post_template_share_buttons_protected_by_data_nosnippet,real-estate-loan,high,url_slug_title_h1_description,false,frontmatter.title,frontmatter.description,P1,P1-2 internal CTA/link structure review,content/posts/personalFinance/ko/fire-3-numbers-spending-horizon-withdrawal.md
/posts/personalFinance/fire-assumption-errors-7-fixes,ko,post,personalFinance,SUPPORTING_ARTICLE,FIRE 계산이 틀리는 가장 흔한 이유 7가지: 수익률·인플레·세금·현금흐름 가정을 현실로 내리는 법 + 툴로 민감도 체크,68,154,FIRE 계산이 틀리는 가장 흔한 이유 7가지: 수익률·인플레·세금·현금흐름 가정을 현실로 내리는 법 + 툴로 민감도 체크,0,9,post_template_view_count_protected_by_data_nosnippet|post_template_empty_comments_protected_by_data_nosnippet|post_template_share_buttons_protected_by_data_nosnippet,compound-goal,high,url_slug_title_h1_description,false,frontmatter.title,frontmatter.description,P1,P1-2 add contextual internal links,content/posts/personalFinance/ko/fire-assumption-errors-7-fixes.md
/posts/personalFinance/fire-sequence-risk-first-5-years,ko,post,personalFinance,SUPPORTING_ARTICLE,은퇴 직전·직후 5년이 FIRE를 결정한다: ‘순서 리스크’(초반 급락)와 인출 전략을 정리 + 툴로 스트레스 테스트,65,163,은퇴 직전·직후 5년이 FIRE를 결정한다: ‘순서 리스크’(초반 급락)와 인출 전략을 정리 + 툴로 스트레스 테스트,1,9,post_template_view_count_protected_by_data_nosnippet|post_template_empty_comments_protected_by_data_nosnippet|post_template_share_buttons_protected_by_data_nosnippet,real-estate-loan,high,url_slug_title_h1_description,false,frontmatter.title,frontmatter.description,P1,P1-2 internal CTA/link structure review,content/posts/personalFinance/ko/fire-sequence-risk-first-5-years.md
/posts/personalFinance/fire-spending-buckets-essential-choice-insurance,ko,post,personalFinance,LOW_PRIORITY,은퇴 지출은 ‘필수·선택·보험(리스크 비용)’으로 나눠야 흔들리지 않는다: 생활비 설계 + FIRE 시뮬레이터로 안전마진 잡기,70,127,은퇴 지출은 ‘필수·선택·보험(리스크 비용)’으로 나눠야 흔들리지 않는다: 생활비 설계 + FIRE 시뮬레이터로 안전마진 잡기,0,9,post_template_view_count_protected_by_data_nosnippet|post_template_empty_comments_protected_by_data_nosnippet|post_template_share_buttons_protected_by_data_nosnippet,fire-retirement,high,url_slug_title_h1_description,false,frontmatter.title,frontmatter.description,P2,P1-2 add contextual internal links,content/posts/personalFinance/ko/fire-spending-buckets-essential-choice-insurance.md
/posts/personalFinance/first-home-buyer-budget-calculation,ko,post,personalFinance,SUPPORTING_ARTICLE,생애최초 주택 구입 예산 계산 | DSR LTV 현금흐름 체크,34,87,생애최초 주택 구입 예산 계산 | DSR LTV 현금흐름 체크,0,6,post_template_view_count_protected_by_data_nosnippet|post_template_empty_comments_protected_by_data_nosnippet|post_template_share_buttons_protected_by_data_nosnippet,real-estate-loan,high,url_slug_title_h1_description,false,frontmatter.seoTitle,frontmatter.seoDescription,P1,P1-2 internal CTA/link structure review,content/posts/personalFinance/ko/first-home-buyer-budget-calculation.md
/posts/personalFinance/goal-amount-fast-strategy,ko,post,personalFinance,SUPPORTING_ARTICLE,목표 금액 빨리 모으는 법: 원금·수익률·기간 중 무엇을 바꿀까?,36,73,목표 금액 빨리 모으는 법: 원금·수익률·기간 중 무엇을 바꿀까?,7,7,post_template_view_count_protected_by_data_nosnippet|post_template_empty_comments_protected_by_data_nosnippet|post_template_share_buttons_protected_by_data_nosnippet,compound-goal,high,url_slug_title_h1_description,false,frontmatter.seoTitle,frontmatter.seoDescription,P1,Monitor or low-priority editorial refresh,content/posts/personalFinance/ko/goal-amount-fast-strategy.md
/posts/personalFinance/high-rate-debt-vs-invest-threshold-rule,ko,post,personalFinance,SUPPORTING_ARTICLE,"고금리 시대: 빚부터 갚을까, 투자부터 할까? (이자율 ‘임계값’ 룰)",39,179,"고금리 시대: 빚부터 갚을까, 투자부터 할까? (이자율 ‘임계값’ 룰)",10,9,post_template_view_count_protected_by_data_nosnippet|post_template_empty_comments_protected_by_data_nosnippet|post_template_share_buttons_protected_by_data_nosnippet,real-estate-loan,high,url_slug_title_h1_description,false,frontmatter.title,frontmatter.description,P1,P1-2 internal CTA/link structure review,content/posts/personalFinance/ko/high-rate-debt-vs-invest-threshold-rule.md
/posts/personalFinance/how-much-monthly-invest-for-100m,ko,post,personalFinance,SUPPORTING_ARTICLE,1억원 만들려면 매달 얼마를 투자해야 할까? 목표금액별 적립식 투자 계산,40,103,1억원 만들려면 매달 얼마를 투자해야 할까? 목표금액별 적립식 투자 계산,1,4,post_template_view_count_protected_by_data_nosnippet|post_template_empty_comments_protected_by_data_nosnippet|post_template_share_buttons_protected_by_data_nosnippet,compound-goal,high,url_slug_title_h1_description,false,frontmatter.seoTitle,frontmatter.seoDescription,P1,P1-2 add contextual internal links,content/posts/personalFinance/ko/how-much-monthly-invest-for-100m.md
/posts/personalFinance/how-much-per-month-for-100m,ko,post,personalFinance,SUPPORTING_ARTICLE,1억 모으려면 월 얼마? 5년·10년·15년 필요 투자금,31,99,1억 모으려면 월 얼마? 5년·10년·15년 필요 투자금,8,7,post_template_view_count_protected_by_data_nosnippet|post_template_empty_comments_protected_by_data_nosnippet|post_template_share_buttons_protected_by_data_nosnippet,compound-goal,high,url_slug_title_h1_description,false,frontmatter.seoTitle,frontmatter.seoDescription,P1,Monitor or low-priority editorial refresh,content/posts/personalFinance/ko/how-much-per-month-for-100m.md
/posts/personalFinance/how-to-read-apartment-transaction-prices,ko,post,personalFinance,SUPPORTING_ARTICLE,아파트 실거래가 보는 법 | 평균가 중앙값 평단가 거래량,31,95,아파트 실거래가 보는 법 | 평균가 중앙값 평단가 거래량,0,6,post_template_view_count_protected_by_data_nosnippet|post_template_empty_comments_protected_by_data_nosnippet|post_template_share_buttons_protected_by_data_nosnippet,real-estate-loan,high,url_slug_title_h1_description,false,frontmatter.seoTitle,frontmatter.seoDescription,P1,P1-2 internal CTA/link structure review,content/posts/personalFinance/ko/how-to-read-apartment-transaction-prices.md
/posts/personalFinance/inflation-household-survival-strategy,ko,post,personalFinance,LOW_PRIORITY,"물가 상승 시대의 가계 생존전략: 생활비/고정비 줄이기, 현금흐름 관리(가계부·예산·비상금)",51,116,"물가 상승 시대의 가계 생존전략: 생활비/고정비 줄이기, 현금흐름 관리(가계부·예산·비상금)",7,10,post_template_view_count_protected_by_data_nosnippet|post_template_empty_comments_protected_by_data_nosnippet|post_template_share_buttons_protected_by_data_nosnippet,macro-market,high,url_slug_title_h1_description,false,frontmatter.title,frontmatter.description,P2,Monitor or low-priority editorial refresh,content/posts/personalFinance/ko/inflation-household-survival-strategy.md
/posts/personalFinance/interest-rate-1p-loan-limit-impact,ko,post,personalFinance,SUPPORTING_ARTICLE,금리 1%p 상승 시 주담대 한도 변화 | DSR/LTV 계산기,35,92,금리 1%p 상승 시 주담대 한도 변화 | DSR/LTV 계산기,6,5,post_template_view_count_protected_by_data_nosnippet|post_template_empty_comments_protected_by_data_nosnippet|post_template_share_buttons_protected_by_data_nosnippet,real-estate-loan,high,url_slug_title_h1_description,false,frontmatter.seoTitle,frontmatter.seoDescription,P1,P1-2 internal CTA/link structure review,content/posts/personalFinance/ko/interest-rate-1p-loan-limit-impact.md
/posts/personalFinance/is-dca-better-in-bear-market,ko,post,personalFinance,SUPPORTING_ARTICLE,하락장에서 적립식 투자가 유리하다는 말은 진짜일까? DCA 시나리오로 보기,41,90,하락장에서 적립식 투자가 유리하다는 말은 진짜일까? DCA 시나리오로 보기,0,4,post_template_view_count_protected_by_data_nosnippet|post_template_empty_comments_protected_by_data_nosnippet|post_template_share_buttons_protected_by_data_nosnippet,dca-cagr,high,url_slug_title_h1_description,false,frontmatter.seoTitle,frontmatter.seoDescription,P1,P1-2 add contextual internal links,content/posts/personalFinance/ko/is-dca-better-in-bear-market.md
/posts/personalFinance/jeonse-to-home-purchase-cash-needed,ko,post,personalFinance,SUPPORTING_ARTICLE,전세에서 매매 갈아타기 필요한 현금 | DSR LTV 계산,32,80,전세에서 매매 갈아타기 필요한 현금 | DSR LTV 계산,0,6,post_template_view_count_protected_by_data_nosnippet|post_template_empty_comments_protected_by_data_nosnippet|post_template_share_buttons_protected_by_data_nosnippet,real-estate-loan,high,url_slug_title_h1_description,false,frontmatter.seoTitle,frontmatter.seoDescription,P1,P1-2 internal CTA/link structure review,content/posts/personalFinance/ko/jeonse-to-home-purchase-cash-needed.md
/posts/personalFinance/large-apartment-complex-households-price-stability,ko,post,personalFinance,SUPPORTING_ARTICLE,대단지 아파트 가격 안정성 | 세대수 거래량 평단가 보는 법,33,92,대단지 아파트 가격 안정성 | 세대수 거래량 평단가 보는 법,0,5,post_template_view_count_protected_by_data_nosnippet|post_template_empty_comments_protected_by_data_nosnippet|post_template_share_buttons_protected_by_data_nosnippet,real-estate-loan,high,url_slug_title_h1_description,false,frontmatter.seoTitle,frontmatter.seoDescription,P1,P1-2 internal CTA/link structure review,content/posts/personalFinance/ko/large-apartment-complex-households-price-stability.md
/posts/personalFinance/ltv-dsr-calculator-guide,ko,post,personalFinance,SUPPORTING_ARTICLE,LTV DSR 계산기 사용법: 주담대 한도 계산 순서,29,108,LTV DSR 계산기 사용법: 주담대 한도 계산 순서,0,6,post_template_view_count_protected_by_data_nosnippet|post_template_empty_comments_protected_by_data_nosnippet|post_template_share_buttons_protected_by_data_nosnippet,real-estate-loan,high,url_slug_title_h1_description,false,frontmatter.seoTitle,frontmatter.seoDescription,P1,P1-2 internal CTA/link structure review,content/posts/personalFinance/ko/ltv-dsr-calculator-guide.md
/posts/personalFinance/monthly-dca-10-year-result,ko,post,personalFinance,SUPPORTING_ARTICLE,월 50만원 적립식 투자 10년 후 예상 금액: DCA 계산 예시,36,80,월 50만원 적립식 투자 10년 후 예상 금액: DCA 계산 예시,8,11,post_template_view_count_protected_by_data_nosnippet|post_template_empty_comments_protected_by_data_nosnippet|post_template_share_buttons_protected_by_data_nosnippet,dca-cagr,high,url_slug_title_h1_description,false,frontmatter.seoTitle,frontmatter.seoDescription,P1,Monitor or low-priority editorial refresh,content/posts/personalFinance/ko/monthly-dca-10-year-result.md
/posts/personalFinance/monthly-investment-for-100m-table,ko,post,personalFinance,SUPPORTING_ARTICLE,1억 만들기 월 투자금 표 | 5년 10년 15년 20년 수익률별 계산,39,74,1억 만들기 월 투자금 표 | 5년 10년 15년 20년 수익률별 계산,1,5,post_template_view_count_protected_by_data_nosnippet|post_template_empty_comments_protected_by_data_nosnippet|post_template_share_buttons_protected_by_data_nosnippet,compound-goal,high,url_slug_title_h1_description,false,frontmatter.seoTitle,frontmatter.seoDescription,P1,P1-2 add contextual internal links,content/posts/personalFinance/ko/monthly-investment-for-100m-table.md
/posts/personalFinance/mortgage-risk-checklist-dsr-variable,ko,post,personalFinance,SUPPORTING_ARTICLE,아파트 매수 전 대출 리스크 체크리스트 | DSR LTV 금리 비상금,38,77,아파트 매수 전 대출 리스크 체크리스트 | DSR LTV 금리 비상금,8,5,post_template_view_count_protected_by_data_nosnippet|post_template_empty_comments_protected_by_data_nosnippet|post_template_share_buttons_protected_by_data_nosnippet,real-estate-loan,high,url_slug_title_h1_description,false,frontmatter.seoTitle,frontmatter.seoDescription,P1,P1-2 internal CTA/link structure review,content/posts/personalFinance/ko/mortgage-risk-checklist-dsr-variable.md
/posts/personalFinance/personal-finance-3pillars,ko,post,personalFinance,LOW_PRIORITY,가계 재무 3대장: 예산·비상금·장기투자를 먼저 세팅하라,31,81,가계 재무 3대장: 예산·비상금·장기투자를 먼저 세팅하라,11,10,post_template_view_count_protected_by_data_nosnippet|post_template_empty_comments_protected_by_data_nosnippet|post_template_share_buttons_protected_by_data_nosnippet,general,low,no_primary_overlap_signal,true,frontmatter.title,frontmatter.description,P3,Monitor or low-priority editorial refresh,content/posts/personalFinance/ko/personal-finance-3pillars.md
/posts/personalFinance/personal-start-5steps,ko,post,personalFinance,SUPPORTING_ARTICLE,사회초년생 월급 관리 5단계: 예산·비상금·복리 투자 시작법,33,64,사회초년생 월급 관리 5단계: 예산·비상금·복리 투자 시작법,1,7,post_template_view_count_protected_by_data_nosnippet|post_template_empty_comments_protected_by_data_nosnippet|post_template_share_buttons_protected_by_data_nosnippet,compound-goal,high,url_slug_title_h1_description,false,frontmatter.seoTitle,frontmatter.seoDescription,P1,P1-2 add contextual internal links,content/posts/personalFinance/ko/personal-start-5steps.md
/posts/personalFinance/rent-jeonse-buy-cashflow-opportunity-cost,ko,post,personalFinance,SUPPORTING_ARTICLE,"전세·월세·매매, 무엇이 ‘더 싸다’가 아니라 무엇이 ‘내게 더 안전하다’인가: 현금흐름·기회비용·리스크 3표로 끝내기",66,122,"전세·월세·매매, 무엇이 ‘더 싸다’가 아니라 무엇이 ‘내게 더 안전하다’인가: 현금흐름·기회비용·리스크 3표로 끝내기",2,10,post_template_view_count_protected_by_data_nosnippet|post_template_empty_comments_protected_by_data_nosnippet|post_template_share_buttons_protected_by_data_nosnippet,real-estate-loan,medium,tags_only,true,frontmatter.title,frontmatter.description,P1,P1-2 internal CTA/link structure review,content/posts/personalFinance/ko/rent-jeonse-buy-cashflow-opportunity-cost.md
/posts/personalFinance/salary-40m-mortgage-limit,ko,post,personalFinance,SUPPORTING_ARTICLE,연봉 4000만원 주담대 가능액 계산 | DSR 40% LTV 예산표,38,78,연봉 4000만원 주담대 가능액 계산 | DSR 40% LTV 예산표,0,5,post_template_view_count_protected_by_data_nosnippet|post_template_empty_comments_protected_by_data_nosnippet|post_template_share_buttons_protected_by_data_nosnippet,real-estate-loan,high,url_slug_title_h1_description,false,frontmatter.seoTitle,frontmatter.seoDescription,P1,P1-2 internal CTA/link structure review,content/posts/personalFinance/ko/salary-40m-mortgage-limit.md
/posts/personalFinance/salary-50m-dsr-40-loan-limit,ko,post,personalFinance,SUPPORTING_ARTICLE,연봉 5000만원 DSR 40% 대출 가능액 | 주담대 한도표,34,83,연봉 5000만원 DSR 40% 대출 가능액 | 주담대 한도표,0,6,post_template_view_count_protected_by_data_nosnippet|post_template_empty_comments_protected_by_data_nosnippet|post_template_share_buttons_protected_by_data_nosnippet,real-estate-loan,high,url_slug_title_h1_description,false,frontmatter.seoTitle,frontmatter.seoDescription,P1,P1-2 internal CTA/link structure review,content/posts/personalFinance/ko/salary-50m-dsr-40-loan-limit.md
/posts/personalFinance/simple-vs-compound,ko,post,personalFinance,SUPPORTING_ARTICLE,단리 vs 복리 계산: 월 30만원 투자 예시로 보는 장기 차이,35,65,단리 vs 복리 계산: 월 30만원 투자 예시로 보는 장기 차이,8,8,post_template_view_count_protected_by_data_nosnippet|post_template_empty_comments_protected_by_data_nosnippet|post_template_share_buttons_protected_by_data_nosnippet,compound-goal,high,url_slug_title_h1_description,false,frontmatter.seoTitle,frontmatter.seoDescription,P1,Monitor or low-priority editorial refresh,content/posts/personalFinance/ko/simple-vs-compound.md
/posts/personalFinance/what-is-cagr,ko,post,personalFinance,SUPPORTING_ARTICLE,CAGR 계산법: 단순 수익률과 다른 이유와 투자 예시,30,72,CAGR 계산법: 단순 수익률과 다른 이유와 투자 예시,12,8,post_template_view_count_protected_by_data_nosnippet|post_template_empty_comments_protected_by_data_nosnippet|post_template_share_buttons_protected_by_data_nosnippet,dca-cagr,high,url_slug_title_h1_description,false,frontmatter.seoTitle,frontmatter.seoDescription,P1,Monitor or low-priority editorial refresh,content/posts/personalFinance/ko/what-is-cagr.md
/tools,ko,tool_hub,tools,PRIMARY_HUB,금융 계산기 모음,9,19,금융 계산기·도구,1,12,none,calculator-hub,manual,manual_or_static_route,false,static,static,P3,P1-2 add contextual internal links,pages/tools/index.js
/tools/cagr-calculator,ko,tool,tools,PRIMARY_TOOL,CAGR 계산기 (연평균 수익률·연복리 수익률·연평균 성장률),34,99,CAGR 계산기 (연평균 수익률·연복리 수익률·연평균 성장률),41,3,share_buttons|tool_initial_result_copy_review,compound-goal,high,url_slug_title_h1_description,false,conditional.title,conditional.desc,P0,P0-2 snippet hygiene review,pages/tools/cagr-calculator.js
/tools/compound-interest,ko,tool,tools,PRIMARY_TOOL,복리 계산기 | 월복리·적립식 투자 미래가치 계산,27,92,복리 계산기,50,0,share_buttons|tool_initial_result_copy_review,compound-goal,high,url_slug_title_h1_description,false,conditional.title,conditional.desc,P1,P0-2 snippet hygiene review,pages/tools/compound-interest.js
/tools/dca-calculator,ko,tool,tools,PRIMARY_TOOL,ETF·주식 자동 적립식 시뮬레이터 (DCA),25,79,ETF·주식 자동 적립식 시뮬레이터 (DCA),37,0,views|share_buttons|tool_initial_result_copy_review,dca-cagr,high,url_slug_title_h1_description,false,locale_object.seoTitle,locale_object.seoDesc,P0,P0-2 snippet hygiene review,pages/tools/dca-calculator.js
/tools/dsr-ltv-calculator,ko,tool,tools,PRIMARY_TOOL,LTV DSR 계산기 - 주택담보대출 한도와 아파트 구매 가능액 계산,38,107,LTV DSR 계산기: 주담대 한도와 아파트 구매 가능액 계산,23,12,share_buttons|tool_initial_result_copy_review,real-estate-loan,high,url_slug_title_h1_description,false,locale_object.seoTitle,locale_object.seoDesc,P1,P0-2 snippet hygiene review,pages/tools/dsr-ltv-calculator.js
/tools/fire-calculator,ko,tool,tools,PRIMARY_TOOL,,0,0,,7,0,share_buttons|tool_initial_result_copy_review,fire-retirement,high,url_slug_title_h1_description,true,META_EXTRACTION_FAILED,META_EXTRACTION_FAILED,P1,P0-2 snippet hygiene review,pages/tools/fire-calculator.js
/tools/goal-simulator,ko,tool,tools,PRIMARY_TOOL,목표자산 도달 계산기 | 매달 얼마 투자해야 할까?,28,72,목표자산 도달 계산기 | 매달 얼마 투자해야 할까?,28,5,share_buttons|tool_initial_result_copy_review,compound-goal,high,url_slug_title_h1_description,false,conditional.title,conditional.desc,P0,P0-2 snippet hygiene review,pages/tools/goal-simulator.js
/tools/home-buying-budget-calculator,ko,tool,tools,PRIMARY_TOOL,아파트 구매 계산기 - 보유 현금·주담대 한도·DSR LTV 예산 계산,39,88,아파트 구매 계산기,7,5,tool_initial_result_copy_review,real-estate-loan,high,url_slug_title_h1_description,false,locale_object.seoTitle,locale_object.seoDesc,P1,P0-2 snippet hygiene review,pages/tools/home-buying-budget-calculator.js
/tools/mortgage-loan-calculator,ko,tool,tools,PRIMARY_TOOL,주담대 원리금 계산기 - 아파트 담보대출 월상환액 계산,30,89,주담대 원리금 계산기: 아파트 담보대출 월상환액 계산,4,0,share_buttons|tool_initial_result_copy_review,real-estate-loan,high,url_slug_title_h1_description,false,locale_object.seoTitle,locale_object.seoDesc,P1,P0-2 snippet hygiene review,pages/tools/mortgage-loan-calculator.js
